scenario_id,commodity_id,commodity,category,storage_type,storage_scenario_id,storage_temp_C,storage_RH_pct,transport_scenario_id,transport_hours,effective_temp_C,pack_mass_kg,target_shelf_life_days,moisture_pct,fat_pct,pH,water_activity,resp_rate_mgCO2_kg_h_at_T,required_OTR_cc_m2_day_23C,required_WVTR_g_m2_day_38C90RH,recommended_material_id,recommended_material,thickness_um,achieved_OTR_cc_m2_day,achieved_WVTR_g_m2_day,tensile_MPa,sealability,pack_mode,gas_O2_pct,gas_CO2_pct,gas_N2_pct,predicted_eq_O2_pct,predicted_eq_CO2_pct,MAP_recommended,predicted_shelf_life_days,meets_target,packaging_cost_inr_per_kg_product,co2e_kg_per_kg_product,sustainability_score,eco_alt_material_id,eco_alt_material,eco_alt_thickness_um,eco_alt_predicted_shelf_life_days,recommendation_note,data_origin
SCN00001,C001,Wheat flour (atta),dry_staple,ambient,S02,28.2,81.0,S09,24,28.2,0.1,360,12,1.7,6.3,0.6,,,2.9,M03,"BOPP film (heat-sealable, coated)",35,1000.0,2.86,150,fair,conventional (no gas modification),,,,,,N,146,N,1.69,0.0225,75,M02,HDPE film,60,144,,synthetic_rule_physics_model
SCN00002,C001,Wheat flour (atta),dry_staple,ambient,S01,27.2,54.0,S09,24,27.3,1.0,135,12,1.7,6.3,0.6,,,24.6,M03,"BOPP film (heat-sealable, coated)",30,1166.7,3.33,150,fair,conventional (no gas modification),,,,,,N,144,Y,0.68,0.009,75,M02,HDPE film,60,148,,synthetic_rule_physics_model
SCN00003,C001,Wheat flour (atta),dry_staple,ambient,S01,29.7,57.0,S09,6,29.7,0.5,90,12,1.7,6.3,0.6,,,23.3,M03,"BOPP film (heat-sealable, coated)",25,1400.0,4.0,150,fair,conventional (no gas modification),,,,,,N,127,Y,0.71,0.0094,75,M02,HDPE film,45,134,,synthetic_rule_physics_model
SCN00004,C001,Wheat flour (atta),dry_staple,ambient,S01,23.2,41.0,S09,48,23.3,1.0,90,12,1.7,6.3,0.6,,,55.2,M03,"BOPP film (heat-sealable, coated)",30,1166.7,3.33,150,fair,conventional (no gas modification),,,,,,N,200,Y,0.68,0.009,75,M02,HDPE film,60,214,,synthetic_rule_physics_model
SCN00005,C001,Wheat flour (atta),dry_staple,ambient,S03,34.3,25.0,S09,6,34.3,0.5,90,12,1.7,6.3,0.6,,,14.9,M03,"BOPP film (heat-sealable, coated)",25,1400.0,4.0,150,fair,conventional (no gas modification),,,,,,N,97,Y,0.71,0.0094,75,M02,HDPE film,45,91,,synthetic_rule_physics_model
SCN00006,C001,Wheat flour (atta),dry_staple,ambient,S02,34.7,78.0,S09,48,34.7,0.1,360,12,1.7,6.3,0.6,,,1.7,M10,Metallised BOPP / CPP laminate,45,50,1.0,130,good,conventional (no gas modification),,,,,,N,95,N,2.76,0.0341,43,,,,,,synthetic_rule_physics_model
SCN00007,C001,Wheat flour (atta),dry_staple,ambient,S01,24.6,65.0,S09,6,24.6,0.5,90,12,1.7,6.3,0.6,,,38.4,M03,"BOPP film (heat-sealable, coated)",25,1400.0,4.0,150,fair,conventional (no gas modification),,,,,,N,196,Y,0.71,0.0094,75,M02,HDPE film,45,191,,synthetic_rule_physics_model
SCN00008,C001,Wheat flour (atta),dry_staple,ambient,S02,28.5,93.0,S09,24,28.6,0.25,270,12,1.7,6.3,0.6,,,3.1,M03,"BOPP film (heat-sealable, coated)",35,1000.0,2.86,150,fair,conventional (no gas modification),,,,,,N,131,N,1.25,0.0166,75,M02,HDPE film,60,147,,synthetic_rule_physics_model
SCN00009,C001,Wheat flour (atta),dry_staple,ambient,S01,21.7,59.0,S09,24,21.7,1.0,360,12,1.7,6.3,0.6,,,16.1,M03,"BOPP film (heat-sealable, coated)",30,1166.7,3.33,150,fair,conventional (no gas modification),,,,,,N,217,N,0.68,0.009,75,M02,HDPE film,60,206,,synthetic_rule_physics_model
SCN00010,C001,Wheat flour (atta),dry_staple,ambient,S01,25.9,59.0,S09,48,25.9,0.25,270,12,1.7,6.3,0.6,,,8.9,M02,HDPE film,30,1333.3,5.73,28,good,conventional (no gas modification),,,,,,N,186,N,0.81,0.0128,77,,,,,,synthetic_rule_physics_model
SCN00011,C001,Wheat flour (atta),dry_staple,ambient,S01,24.6,65.0,S09,48,25.0,0.1,90,12,1.7,6.3,0.6,,,21.8,M02,HDPE film,20,2000.0,8.6,28,good,conventional (no gas modification),,,,,,N,190,Y,0.73,0.0116,77,,,,,,synthetic_rule_physics_model
SCN00012,C001,Wheat flour (atta),dry_staple,ambient,S02,30.7,81.0,S09,6,30.7,0.5,360,12,1.7,6.3,0.6,,,3.8,M03,"BOPP film (heat-sealable, coated)",30,1166.7,3.33,150,fair,conventional (no gas modification),,,,,,N,116,N,0.85,0.0113,75,M02,HDPE film,50,119,,synthetic_rule_physics_model
SCN00013,C001,Wheat flour (atta),dry_staple,ambient,S02,34.7,85.0,S09,48,34.7,0.25,360,12,1.7,6.3,0.6,,,1.7,M10,Metallised BOPP / CPP laminate,45,50,1.0,130,good,conventional (no gas modification),,,,,,N,92,N,2.04,0.0252,43,,,,,,synthetic_rule_physics_model
SCN00014,C001,Wheat flour (atta),dry_staple,ambient,S03,37.2,32.0,S09,6,37.2,0.5,135,12,1.7,6.3,0.6,,,7.6,M03,"BOPP film (heat-sealable, coated)",25,1400.0,4.0,150,fair,conventional (no gas modification),,,,,,N,78,N,0.71,0.0094,75,M02,HDPE film,45,81,,synthetic_rule_physics_model
SCN00015,C001,Wheat flour (atta),dry_staple,ambient,S01,28.8,60.0,S09,48,28.9,0.25,135,12,1.7,6.3,0.6,,,13.3,M02,HDPE film,30,1333.3,5.73,28,good,conventional (no gas modification),,,,,,N,131,N,0.81,0.0128,77,,,,,,synthetic_rule_physics_model
SCN00016,C001,Wheat flour (atta),dry_staple,ambient,S01,30.5,51.0,S09,24,30.5,0.25,180,12,1.7,6.3,0.6,,,8.5,M02,HDPE film,30,1333.3,5.73,28,good,conventional (no gas modification),,,,,,N,124,N,0.81,0.0128,77,,,,,,synthetic_rule_physics_model
SCN00017,C001,Wheat flour (atta),dry_staple,ambient,S03,37.8,31.0,S09,24,37.7,0.25,90,12,1.7,6.3,0.6,,,8.7,M02,HDPE film,30,1333.3,5.73,28,good,conventional (no gas modification),,,,,,N,79,N,0.81,0.0128,77,,,,,,synthetic_rule_physics_model
SCN00018,C001,Wheat flour (atta),dry_staple,ambient,S02,28.1,89.0,S09,6,28.1,0.1,180,12,1.7,6.3,0.6,,,4.1,M03,"BOPP film (heat-sealable, coated)",25,1400.0,4.0,150,fair,conventional (no gas modification),,,,,,N,147,N,1.2,0.0161,75,M02,HDPE film,45,141,,synthetic_rule_physics_model
SCN00019,C001,Wheat flour (atta),dry_staple,ambient,S02,32.3,89.0,S09,24,32.3,0.25,270,12,1.7,6.3,0.6,,,2.4,M02,HDPE film,75,533.3,2.29,28,good,conventional (no gas modification),,,,,,N,108,N,2.03,0.0321,77,,,,,,synthetic_rule_physics_model
SCN00020,C001,Wheat flour (atta),dry_staple,ambient,S01,21.2,51.0,S09,6,21.2,0.1,90,12,1.7,6.3,0.6,,,31.9,M02,HDPE film,20,2000.0,8.6,28,good,conventional (no gas modification),,,,,,N,227,Y,0.73,0.0116,77,,,,,,synthetic_rule_physics_model
SCN00021,C001,Wheat flour (atta),dry_staple,ambient,S03,33.0,25.0,S09,6,33.0,0.5,270,12,1.7,6.3,0.6,,,5.6,M03,"BOPP film (heat-sealable, coated)",25,1400.0,4.0,150,fair,conventional (no gas modification),,,,,,N,106,N,0.71,0.0094,75,M02,HDPE film,45,105,,synthetic_rule_physics_model
SCN00022,C001,Wheat flour (atta),dry_staple,ambient,S03,40.3,22.0,S09,6,40.3,0.1,90,12,1.7,6.3,0.6,,,5.1,M03,"BOPP film (heat-sealable, coated)",20,1750.0,5.0,150,fair,conventional (no gas modification),,,,,,N,62,N,0.96,0.0128,75,M02,HDPE film,35,64,,synthetic_rule_physics_model
SCN00023,C001,Wheat flour (atta),dry_staple,ambient,S01,24.8,41.0,S09,24,24.9,0.5,270,12,1.7,6.3,0.6,,,12.4,M03,"BOPP film (heat-sealable, coated)",25,1400.0,4.0,150,fair,conventional (no gas modification),,,,,,N,189,N,0.71,0.0094,75,M02,HDPE film,45,165,,synthetic_rule_physics_model
SCN00024,C001,Wheat flour (atta),dry_staple,ambient,S03,36.7,38.0,S09,48,36.6,0.1,360,12,1.7,6.3,0.6,,,1.8,M10,Metallised BOPP / CPP laminate,45,50,1.0,130,good,conventional (no gas modification),,,,,,N,84,N,2.76,0.0341,43,,,,,,synthetic_rule_physics_model
SCN00025,C001,Wheat flour (atta),dry_staple,ambient,S02,34.0,76.0,S09,48,34.0,0.25,90,12,1.7,6.3,0.6,,,11.4,M02,HDPE film,30,1333.3,5.73,28,good,conventional (no gas modification),,,,,,N,99,Y,0.81,0.0128,77,,,,,,synthetic_rule_physics_model
SCN00026,C001,Wheat flour (atta),dry_staple,ambient,S02,33.4,80.0,S09,48,33.4,0.25,360,12,1.7,6.3,0.6,,,2.5,M02,HDPE film,75,533.3,2.29,28,good,conventional (no gas modification),,,,,,N,102,N,2.03,0.0321,77,,,,,,synthetic_rule_physics_model
SCN00027,C001,Wheat flour (atta),dry_staple,ambient,S01,21.0,56.0,S09,48,21.1,0.5,135,12,1.7,6.3,0.6,,,36.4,M03,"BOPP film (heat-sealable, coated)",25,1400.0,4.0,150,fair,conventional (no gas modification),,,,,,N,234,Y,0.71,0.0094,75,M02,HDPE film,45,229,,synthetic_rule_physics_model
SCN00028,C001,Wheat flour (atta),dry_staple,ambient,S01,28.1,47.0,S09,24,28.2,0.1,90,12,1.7,6.3,0.6,,,15.8,M02,HDPE film,20,2000.0,8.6,28,good,conventional (no gas modification),,,,,,N,139,Y,0.73,0.0116,77,,,,,,synthetic_rule_physics_model
SCN00029,C001,Wheat flour (atta),dry_staple,ambient,S01,26.5,53.0,S09,24,26.5,0.1,135,12,1.7,6.3,0.6,,,12.5,M02,HDPE film,20,2000.0,8.6,28,good,conventional (no gas modification),,,,,,N,157,Y,0.73,0.0116,77,,,,,,synthetic_rule_physics_model
SCN00030,C001,Wheat flour (atta),dry_staple,ambient,S01,25.3,54.0,S09,24,25.3,0.1,360,12,1.7,6.3,0.6,,,5.3,M03,"BOPP film (heat-sealable, coated)",20,1750.0,5.0,150,fair,conventional (no gas modification),,,,,,N,179,N,0.96,0.0128,75,M02,HDPE film,35,175,,synthetic_rule_physics_model
SCN00031,C001,Wheat flour (atta),dry_staple,ambient,S03,33.2,42.0,S09,6,33.2,0.5,360,12,1.7,6.3,0.6,,,4.2,M03,"BOPP film (heat-sealable, coated)",25,1400.0,4.0,150,fair,conventional (no gas modification),,,,,,N,102,N,0.71,0.0094,75,M02,HDPE film,45,99,,synthetic_rule_physics_model
SCN00032,C001,Wheat flour (atta),dry_staple,ambient,S02,30.1,85.0,S09,24,30.1,0.1,270,12,1.7,6.3,0.6,,,2.6,M03,"BOPP film (heat-sealable, coated)",40,875.0,2.5,150,fair,conventional (no gas modification),,,,,,N,130,N,1.93,0.0257,75,M02,HDPE film,70,127,,synthetic_rule_physics_model
SCN00033,C001,Wheat flour (atta),dry_staple,ambient,S01,31.8,44.0,S09,6,31.8,0.1,90,12,1.7,6.3,0.6,,,11.2,M02,HDPE film,20,2000.0,8.6,28,good,conventional (no gas modification),,,,,,N,119,Y,0.73,0.0116,77,,,,,,synthetic_rule_physics_model
SCN00034,C001,Wheat flour (atta),dry_staple,ambient,S01,20.4,49.0,S09,24,20.5,0.1,180,12,1.7,6.3,0.6,,,17.1,M02,HDPE film,20,2000.0,8.6,28,good,conventional (no gas modification),,,,,,N,241,Y,0.73,0.0116,77,,,,,,synthetic_rule_physics_model
SCN00035,C001,Wheat flour (atta),dry_staple,ambient,S03,39.6,42.0,S09,24,39.4,0.25,90,12,1.7,6.3,0.6,,,7.4,M02,HDPE film,30,1333.3,5.73,28,good,conventional (no gas modification),,,,,,N,67,N,0.81,0.0128,77,,,,,,synthetic_rule_physics_model
SCN00036,C001,Wheat flour (atta),dry_staple,ambient,S02,33.0,78.0,S09,6,33.0,0.25,270,12,1.7,6.3,0.6,,,3.7,M03,"BOPP film (heat-sealable, coated)",30,1166.7,3.33,150,fair,conventional (no gas modification),,,,,,N,95,N,1.07,0.0142,75,M02,HDPE film,50,108,,synthetic_rule_physics_model
SCN00037,C001,Wheat flour (atta),dry_staple,ambient,S02,31.3,88.0,S09,24,31.3,0.25,90,12,1.7,6.3,0.6,,,8.4,M02,HDPE film,30,1333.3,5.73,28,good,conventional (no gas modification),,,,,,N,126,Y,0.81,0.0128,77,,,,,,synthetic_rule_physics_model
SCN00038,C001,Wheat flour (atta),dry_staple,ambient,S03,40.3,26.0,S09,6,40.3,0.5,135,12,1.7,6.3,0.6,,,5.7,M03,"BOPP film (heat-sealable, coated)",25,1400.0,4.0,150,fair,conventional (no gas modification),,,,,,N,64,N,0.71,0.0094,75,M02,HDPE film,45,63,,synthetic_rule_physics_model
SCN00039,C001,Wheat flour (atta),dry_staple,ambient,S01,30.4,64.0,S09,24,30.4,1.0,360,12,1.7,6.3,0.6,,,6.8,M03,"BOPP film (heat-sealable, coated)",30,1166.7,3.33,150,fair,conventional (no gas modification),,,,,,N,126,N,0.68,0.009,75,M02,HDPE film,60,123,,synthetic_rule_physics_model
SCN00040,C001,Wheat flour (atta),dry_staple,ambient,S03,32.1,44.0,S09,48,32.1,1.0,180,12,1.7,6.3,0.6,,,11.6,M03,"BOPP film (heat-sealable, coated)",30,1166.7,3.33,150,fair,conventional (no gas modification),,,,,,N,111,N,0.68,0.009,75,M02,HDPE film,60,106,,synthetic_rule_physics_model
SCN00041,C001,Wheat flour (atta),dry_staple,ambient,S03,31.4,42.0,S09,48,31.3,1.0,90,12,1.7,6.3,0.6,,,25.1,M03,"BOPP film (heat-sealable, coated)",30,1166.7,3.33,150,fair,conventional (no gas modification),,,,,,N,122,Y,0.68,0.009,75,M02,HDPE film,60,114,,synthetic_rule_physics_model
SCN00042,C001,Wheat flour (atta),dry_staple,ambient,S02,33.9,88.0,S09,24,33.9,0.5,360,12,1.7,6.3,0.6,,,2.0,M10,Metallised BOPP / CPP laminate,45,50,1.0,130,good,conventional (no gas modification),,,,,,N,96,N,1.62,0.0201,43,,,,,,synthetic_rule_physics_model
SCN00043,C001,Wheat flour (atta),dry_staple,ambient,S03,36.1,37.0,S09,24,36.1,0.25,135,12,1.7,6.3,0.6,,,6.7,M02,HDPE film,30,1333.3,5.73,28,good,conventional (no gas modification),,,,,,N,82,N,0.81,0.0128,77,,,,,,synthetic_rule_physics_model
SCN00044,C001,Wheat flour (atta),dry_staple,ambient,S02,31.0,90.0,S09,6,31.0,1.0,360,12,1.7,6.3,0.6,,,3.2,M03,"BOPP film (heat-sealable, coated)",35,1000.0,2.86,150,fair,conventional (no gas modification),,,,,,N,117,N,0.79,0.0105,75,M02,HDPE film,60,122,,synthetic_rule_physics_model
SCN00045,C001,Wheat flour (atta),dry_staple,ambient,S02,32.9,81.0,S09,48,32.9,1.0,135,12,1.7,6.3,0.6,,,10.0,M03,"BOPP film (heat-sealable, coated)",30,1166.7,3.33,150,fair,conventional (no gas modification),,,,,,N,108,N,0.68,0.009,75,M02,HDPE film,60,107,,synthetic_rule_physics_model
SCN00046,C001,Wheat flour (atta),dry_staple,ambient,S02,30.7,91.0,S09,6,30.7,0.25,135,12,1.7,6.3,0.6,,,5.3,M03,"BOPP film (heat-sealable, coated)",20,1750.0,5.0,150,fair,conventional (no gas modification),,,,,,N,125,N,0.71,0.0095,75,M02,HDPE film,35,122,,synthetic_rule_physics_model
SCN00047,C001,Wheat flour (atta),dry_staple,ambient,S02,34.8,76.0,S09,24,34.8,0.25,270,12,1.7,6.3,0.6,,,3.4,M03,"BOPP film (heat-sealable, coated)",30,1166.7,3.33,150,fair,conventional (no gas modification),,,,,,N,90,N,1.07,0.0142,75,M02,HDPE film,50,92,,synthetic_rule_physics_model
SCN00048,C001,Wheat flour (atta),dry_staple,ambient,S02,35.1,92.0,S09,48,35.2,0.25,135,12,1.7,6.3,0.6,,,3.4,M03,"BOPP film (heat-sealable, coated)",30,1166.7,3.33,150,fair,conventional (no gas modification),,,,,,N,88,N,1.07,0.0142,75,M02,HDPE film,55,89,,synthetic_rule_physics_model
SCN00049,C001,Wheat flour (atta),dry_staple,ambient,S01,30.2,51.0,S09,48,30.2,0.5,270,12,1.7,6.3,0.6,,,7.3,M03,"BOPP film (heat-sealable, coated)",25,1400.0,4.0,150,fair,conventional (no gas modification),,,,,,N,130,N,0.71,0.0094,75,M02,HDPE film,45,116,,synthetic_rule_physics_model
SCN00050,C001,Wheat flour (atta),dry_staple,ambient,S02,35.3,84.0,S09,6,35.3,1.0,180,12,1.7,6.3,0.6,,,5.4,M03,"BOPP film (heat-sealable, coated)",30,1166.7,3.33,150,fair,conventional (no gas modification),,,,,,N,90,N,0.68,0.009,75,M02,HDPE film,60,86,,synthetic_rule_physics_model
SCN00051,C001,Wheat flour (atta),dry_staple,ambient,S02,31.9,80.0,S09,24,31.9,0.25,180,12,1.7,6.3,0.6,,,5.7,M03,"BOPP film (heat-sealable, coated)",20,1750.0,5.0,150,fair,conventional (no gas modification),,,,,,N,109,N,0.71,0.0095,75,M02,HDPE film,35,117,,synthetic_rule_physics_model
SCN00052,C001,Wheat flour (atta),dry_staple,ambient,S01,22.8,57.0,S09,48,22.8,1.0,180,12,1.7,6.3,0.6,,,28.9,M03,"BOPP film (heat-sealable, coated)",30,1166.7,3.33,150,fair,conventional (no gas modification),,,,,,N,207,Y,0.68,0.009,75,M02,HDPE film,60,210,,synthetic_rule_physics_model
SCN00053,C001,Wheat flour (atta),dry_staple,ambient,S03,34.7,39.0,S09,6,34.7,1.0,270,12,1.7,6.3,0.6,,,6.1,M03,"BOPP film (heat-sealable, coated)",30,1166.7,3.33,150,fair,conventional (no gas modification),,,,,,N,95,N,0.68,0.009,75,M02,HDPE film,60,91,,synthetic_rule_physics_model
SCN00054,C001,Wheat flour (atta),dry_staple,ambient,S01,30.7,61.0,S09,6,30.7,0.25,270,12,1.7,6.3,0.6,,,5.6,M03,"BOPP film (heat-sealable, coated)",20,1750.0,5.0,150,fair,conventional (no gas modification),,,,,,N,120,N,0.71,0.0095,75,M02,HDPE film,35,127,,synthetic_rule_physics_model
SCN00055,C001,Wheat flour (atta),dry_staple,ambient,S01,28.0,60.0,S09,48,28.1,0.25,360,12,1.7,6.3,0.6,,,5.4,M03,"BOPP film (heat-sealable, coated)",20,1750.0,5.0,150,fair,conventional (no gas modification),,,,,,N,151,N,0.71,0.0095,75,M02,HDPE film,35,146,,synthetic_rule_physics_model
SCN00056,C001,Wheat flour (atta),dry_staple,ambient,S02,28.2,88.0,S09,24,28.2,0.1,180,12,1.7,6.3,0.6,,,4.2,M03,"BOPP film (heat-sealable, coated)",25,1400.0,4.0,150,fair,conventional (no gas modification),,,,,,N,141,N,1.2,0.0161,75,M02,HDPE film,45,149,,synthetic_rule_physics_model
SCN00057,C001,Wheat flour (atta),dry_staple,ambient,S01,30.6,47.0,S09,6,30.6,0.1,270,12,1.7,6.3,0.6,,,4.2,M03,"BOPP film (heat-sealable, coated)",25,1400.0,4.0,150,fair,conventional (no gas modification),,,,,,N,122,N,1.2,0.0161,75,M02,HDPE film,45,121,,synthetic_rule_physics_model
SCN00058,C001,Wheat flour (atta),dry_staple,ambient,S03,32.7,22.0,S09,6,32.7,0.1,135,12,1.7,6.3,0.6,,,6.8,M03,"BOPP film (heat-sealable, coated)",15,2333.3,6.67,150,fair,conventional (no gas modification),,,,,,N,109,N,0.72,0.0096,75,M02,HDPE film,30,101,,synthetic_rule_physics_model
SCN00059,C001,Wheat flour (atta),dry_staple,ambient,S01,25.7,43.0,S09,6,25.7,0.5,180,12,1.7,6.3,0.6,,,17.2,M03,"BOPP film (heat-sealable, coated)",25,1400.0,4.0,150,fair,conventional (no gas modification),,,,,,N,158,N,0.71,0.0094,75,M02,HDPE film,45,161,,synthetic_rule_physics_model
SCN00060,C001,Wheat flour (atta),dry_staple,ambient,S02,34.2,78.0,S09,48,34.2,0.5,360,12,1.7,6.3,0.6,,,3.1,M03,"BOPP film (heat-sealable, coated)",35,1000.0,2.86,150,fair,conventional (no gas modification),,,,,,N,98,N,0.99,0.0132,75,M02,HDPE film,60,93,,synthetic_rule_physics_model
SCN00061,C002,Rice (milled),dry_staple,ambient,S03,32.4,35.0,S09,6,32.4,0.5,730,12,0.6,6.5,0.6,,,2.2,M02,HDPE film,80,500.0,2.15,28,good,conventional (no gas modification),,,,,,N,222,N,1.72,0.0272,77,,,,,,synthetic_rule_physics_model
SCN00062,C002,Rice (milled),dry_staple,ambient,S01,26.4,57.0,S09,24,26.4,0.1,548,12,0.6,6.5,0.6,,,3.1,M03,"BOPP film (heat-sealable, coated)",35,1000.0,2.86,150,fair,conventional (no gas modification),,,,,,N,315,N,1.69,0.0225,75,M02,HDPE film,60,358,,synthetic_rule_physics_model
SCN00063,C002,Rice (milled),dry_staple,ambient,S02,34.6,89.0,S09,48,34.6,0.5,730,12,0.6,6.5,0.6,,,0.9,M11,Metallised PET / PE laminate,52,1.5,0.8,60,good,conventional (no gas modification),,,,,,N,199,N,3.06,0.0424,24,,,,,,synthetic_rule_physics_model
SCN00064,C002,Rice (milled),dry_staple,ambient,S02,31.7,92.0,S09,24,31.7,0.25,182,12,0.6,6.5,0.6,,,3.6,M03,"BOPP film (heat-sealable, coated)",30,1166.7,3.33,150,fair,conventional (no gas modification),,,,,,N,200,Y,1.07,0.0142,75,M02,HDPE film,50,185,,synthetic_rule_physics_model
SCN00065,C002,Rice (milled),dry_staple,ambient,S02,32.9,83.0,S09,6,32.9,0.25,548,12,0.6,6.5,0.6,,,1.5,M10,Metallised BOPP / CPP laminate,45,50,1.0,130,good,conventional (no gas modification),,,,,,N,207,N,2.04,0.0252,43,,,,,,synthetic_rule_physics_model
SCN00066,C002,Rice (milled),dry_staple,ambient,S01,27.2,62.0,S09,6,27.2,0.25,182,12,0.6,6.5,0.6,,,11.7,M02,HDPE film,30,1333.3,5.73,28,good,conventional (no gas modification),,,,,,N,322,Y,0.81,0.0128,77,,,,,,synthetic_rule_physics_model
SCN00067,C002,Rice (milled),dry_staple,ambient,S02,31.9,90.0,S09,6,31.9,1.0,548,12,0.6,6.5,0.6,,,1.9,M10,Metallised BOPP / CPP laminate,45,50,1.0,130,good,conventional (no gas modification),,,,,,N,231,N,1.29,0.016,43,,,,,,synthetic_rule_physics_model
SCN00068,C002,Rice (milled),dry_staple,ambient,S02,30.4,87.0,S09,24,30.5,1.0,730,12,0.6,6.5,0.6,,,1.9,M10,Metallised BOPP / CPP laminate,45,50,1.0,130,good,conventional (no gas modification),,,,,,N,254,N,1.29,0.016,43,,,,,,synthetic_rule_physics_model
SCN00069,C002,Rice (milled),dry_staple,ambient,S01,25.4,48.0,S09,48,25.6,0.5,182,12,0.6,6.5,0.6,,,17.2,M03,"BOPP film (heat-sealable, coated)",25,1400.0,4.0,150,fair,conventional (no gas modification),,,,,,N,328,Y,0.71,0.0094,75,M02,HDPE film,45,345,,synthetic_rule_physics_model
SCN00070,C002,Rice (milled),dry_staple,ambient,S01,22.6,52.0,S09,6,22.6,0.5,182,12,0.6,6.5,0.6,,,23.2,M03,"BOPP film (heat-sealable, coated)",25,1400.0,4.0,150,fair,conventional (no gas modification),,,,,,N,426,Y,0.71,0.0094,75,M02,HDPE film,45,446,,synthetic_rule_physics_model
SCN00071,C002,Rice (milled),dry_staple,ambient,S01,28.5,43.0,S09,48,28.5,0.5,274,12,0.6,6.5,0.6,,,8.6,M03,"BOPP film (heat-sealable, coated)",25,1400.0,4.0,150,fair,conventional (no gas modification),,,,,,N,296,Y,0.71,0.0094,75,M02,HDPE film,45,277,,synthetic_rule_physics_model
SCN00072,C002,Rice (milled),dry_staple,ambient,S03,36.9,32.0,S09,24,36.9,0.1,365,12,0.6,6.5,0.6,,,1.7,M10,Metallised BOPP / CPP laminate,45,50,1.0,130,good,conventional (no gas modification),,,,,,N,162,N,2.76,0.0341,43,,,,,,synthetic_rule_physics_model
SCN00073,C002,Rice (milled),dry_staple,ambient,S02,32.6,89.0,S09,6,32.6,0.5,182,12,0.6,6.5,0.6,,,4.5,M03,"BOPP film (heat-sealable, coated)",25,1400.0,4.0,150,fair,conventional (no gas modification),,,,,,N,208,Y,0.71,0.0094,75,M02,HDPE film,45,226,,synthetic_rule_physics_model
SCN00074,C002,Rice (milled),dry_staple,ambient,S02,34.3,80.0,S09,48,34.3,1.0,365,12,0.6,6.5,0.6,,,3.6,M03,"BOPP film (heat-sealable, coated)",30,1166.7,3.33,150,fair,conventional (no gas modification),,,,,,N,200,N,0.68,0.009,75,M02,HDPE film,60,198,,synthetic_rule_physics_model
SCN00075,C002,Rice (milled),dry_staple,ambient,S02,32.9,90.0,S09,48,32.9,0.25,365,12,0.6,6.5,0.6,,,1.7,M10,Metallised BOPP / CPP laminate,45,50,1.0,130,good,conventional (no gas modification),,,,,,N,211,N,2.04,0.0252,43,,,,,,synthetic_rule_physics_model
SCN00076,C002,Rice (milled),dry_staple,ambient,S01,22.9,54.0,S09,6,22.9,1.0,365,12,0.6,6.5,0.6,,,14.1,M03,"BOPP film (heat-sealable, coated)",30,1166.7,3.33,150,fair,conventional (no gas modification),,,,,,N,426,Y,0.68,0.009,75,M02,HDPE film,60,449,,synthetic_rule_physics_model
SCN00077,C002,Rice (milled),dry_staple,ambient,S02,31.6,89.0,S09,6,31.6,0.25,548,12,0.6,6.5,0.6,,,1.3,M10,Metallised BOPP / CPP laminate,45,50,1.0,130,good,conventional (no gas modification),,,,,,N,218,N,2.04,0.0252,43,,,,,,synthetic_rule_physics_model
SCN00078,C002,Rice (milled),dry_staple,ambient,S03,39.9,22.0,S09,6,39.9,0.5,548,12,0.6,6.5,0.6,,,1.5,M10,Metallised BOPP / CPP laminate,45,50,1.0,130,good,conventional (no gas modification),,,,,,N,128,N,1.62,0.0201,43,,,,,,synthetic_rule_physics_model
SCN00079,C002,Rice (milled),dry_staple,ambient,S02,30.4,83.0,S09,48,30.5,1.0,182,12,0.6,6.5,0.6,,,8.7,M03,"BOPP film (heat-sealable, coated)",30,1166.7,3.33,150,fair,conventional (no gas modification),,,,,,N,260,Y,0.68,0.009,75,M02,HDPE film,60,252,,synthetic_rule_physics_model
SCN00080,C002,Rice (milled),dry_staple,ambient,S01,23.0,42.0,S09,48,23.1,0.1,365,12,0.6,6.5,0.6,,,6.5,M02,HDPE film,30,1333.3,5.73,28,good,conventional (no gas modification),,,,,,N,439,Y,1.1,0.0174,77,,,,,,synthetic_rule_physics_model
SCN00081,C002,Rice (milled),dry_staple,ambient,S02,33.2,93.0,S09,24,33.2,1.0,182,12,0.6,6.5,0.6,,,4.6,M03,"BOPP film (heat-sealable, coated)",30,1166.7,3.33,150,fair,conventional (no gas modification),,,,,,N,210,Y,0.68,0.009,75,M02,HDPE film,60,202,,synthetic_rule_physics_model
SCN00082,C002,Rice (milled),dry_staple,ambient,S02,34.9,82.0,S09,6,34.9,1.0,730,12,0.6,6.5,0.6,,,1.5,M10,Metallised BOPP / CPP laminate,45,50,1.0,130,good,conventional (no gas modification),,,,,,N,190,N,1.29,0.016,43,,,,,,synthetic_rule_physics_model
SCN00083,C002,Rice (milled),dry_staple,ambient,S02,30.5,81.0,S09,24,30.5,0.1,730,12,0.6,6.5,0.6,,,1.1,M10,Metallised BOPP / CPP laminate,45,50,1.0,130,good,conventional (no gas modification),,,,,,N,244,N,2.76,0.0341,43,,,,,,synthetic_rule_physics_model
SCN00084,C002,Rice (milled),dry_staple,ambient,S01,29.1,56.0,S09,24,29.1,0.25,365,12,0.6,6.5,0.6,,,4.8,M03,"BOPP film (heat-sealable, coated)",25,1400.0,4.0,150,fair,conventional (no gas modification),,,,,,N,279,N,0.89,0.0119,75,M02,HDPE film,40,284,,synthetic_rule_physics_model
SCN00085,C002,Rice (milled),dry_staple,ambient,S01,27.6,60.0,S09,24,27.6,0.1,730,12,0.6,6.5,0.6,,,2.1,M10,Metallised BOPP / CPP laminate,45,50,1.0,130,good,conventional (no gas modification),,,,,,N,296,N,2.76,0.0341,43,,,,,,synthetic_rule_physics_model
SCN00086,C002,Rice (milled),dry_staple,ambient,S01,31.9,63.0,S09,48,31.9,0.25,548,12,0.6,6.5,0.6,,,2.5,M02,HDPE film,75,533.3,2.29,28,good,conventional (no gas modification),,,,,,N,223,N,2.03,0.0321,77,,,,,,synthetic_rule_physics_model
SCN00087,C002,Rice (milled),dry_staple,ambient,S02,31.9,84.0,S09,48,31.8,0.25,730,12,0.6,6.5,0.6,,,1.1,M10,Metallised BOPP / CPP laminate,45,50,1.0,130,good,conventional (no gas modification),,,,,,N,241,N,2.04,0.0252,43,,,,,,synthetic_rule_physics_model
SCN00088,C002,Rice (milled),dry_staple,ambient,S02,29.1,76.0,S09,24,29.1,0.5,730,12,0.6,6.5,0.6,,,2.8,M03,"BOPP film (heat-sealable, coated)",40,875.0,2.5,150,fair,conventional (no gas modification),,,,,,N,278,N,1.13,0.0151,75,M02,HDPE film,65,266,,synthetic_rule_physics_model
SCN00089,C002,Rice (milled),dry_staple,ambient,S01,27.0,65.0,S09,24,27.0,1.0,365,12,0.6,6.5,0.6,,,9.3,M03,"BOPP film (heat-sealable, coated)",30,1166.7,3.33,150,fair,conventional (no gas modification),,,,,,N,302,N,0.68,0.009,75,M02,HDPE film,60,312,,synthetic_rule_physics_model
SCN00090,C002,Rice (milled),dry_staple,ambient,S02,30.6,79.0,S09,6,30.6,0.25,548,12,0.6,6.5,0.6,,,2.2,M02,HDPE film,80,500.0,2.15,28,good,conventional (no gas modification),,,,,,N,243,N,2.16,0.0342,77,,,,,,synthetic_rule_physics_model
SCN00091,C002,Rice (milled),dry_staple,ambient,S03,34.6,45.0,S09,6,34.6,0.25,548,12,0.6,6.5,0.6,,,1.9,M10,Metallised BOPP / CPP laminate,45,50,1.0,130,good,conventional (no gas modification),,,,,,N,196,N,2.04,0.0252,43,,,,,,synthetic_rule_physics_model
SCN00092,C002,Rice (milled),dry_staple,ambient,S01,31.6,48.0,S09,24,31.6,0.1,730,12,0.6,6.5,0.6,,,1.4,M10,Metallised BOPP / CPP laminate,45,50,1.0,130,good,conventional (no gas modification),,,,,,N,236,N,2.76,0.0341,43,,,,,,synthetic_rule_physics_model
SCN00093,C002,Rice (milled),dry_staple,ambient,S03,41.6,22.0,S09,24,41.6,1.0,182,12,0.6,6.5,0.6,,,4.8,M03,"BOPP film (heat-sealable, coated)",30,1166.7,3.33,150,fair,conventional (no gas modification),,,,,,N,116,N,0.68,0.009,75,M02,HDPE film,60,121,,synthetic_rule_physics_model
SCN00094,C002,Rice (milled),dry_staple,ambient,S01,23.8,58.0,S09,6,23.8,0.1,730,12,0.6,6.5,0.6,,,3.0,M03,"BOPP film (heat-sealable, coated)",35,1000.0,2.86,150,fair,conventional (no gas modification),,,,,,N,371,N,1.69,0.0225,75,M02,HDPE film,60,399,,synthetic_rule_physics_model
SCN00095,C002,Rice (milled),dry_staple,ambient,S01,22.7,42.0,S09,6,22.7,0.1,548,12,0.6,6.5,0.6,,,4.5,M03,"BOPP film (heat-sealable, coated)",25,1400.0,4.0,150,fair,conventional (no gas modification),,,,,,N,453,N,1.2,0.0161,75,M02,HDPE film,40,414,,synthetic_rule_physics_model
SCN00096,C002,Rice (milled),dry_staple,ambient,S01,29.6,47.0,S09,48,29.5,1.0,730,12,0.6,6.5,0.6,,,3.6,M03,"BOPP film (heat-sealable, coated)",30,1166.7,3.33,150,fair,conventional (no gas modification),,,,,,N,245,N,0.68,0.009,75,M02,HDPE film,60,268,,synthetic_rule_physics_model
SCN00097,C002,Rice (milled),dry_staple,ambient,S01,30.5,55.0,S09,24,30.5,0.25,274,12,0.6,6.5,0.6,,,5.6,M03,"BOPP film (heat-sealable, coated)",20,1750.0,5.0,150,fair,conventional (no gas modification),,,,,,N,244,N,0.71,0.0095,75,M02,HDPE film,35,242,,synthetic_rule_physics_model
SCN00098,C002,Rice (milled),dry_staple,ambient,S02,35.2,84.0,S09,24,35.2,0.1,548,12,0.6,6.5,0.6,,,0.8,M11,Metallised PET / PE laminate,52,1.5,0.8,60,good,conventional (no gas modification),,,,,,N,174,N,5.2,0.072,24,,,,,,synthetic_rule_physics_model
SCN00099,C002,Rice (milled),dry_staple,ambient,S03,33.6,44.0,S09,24,33.6,0.5,274,12,0.6,6.5,0.6,,,5.2,M03,"BOPP film (heat-sealable, coated)",25,1400.0,4.0,150,fair,conventional (no gas modification),,,,,,N,204,N,0.71,0.0094,75,M02,HDPE film,45,198,,synthetic_rule_physics_model
SCN00100,C002,Rice (milled),dry_staple,ambient,S01,24.3,47.0,S09,6,24.3,1.0,365,12,0.6,6.5,0.6,,,12.2,M03,"BOPP film (heat-sealable, coated)",30,1166.7,3.33,150,fair,conventional (no gas modification),,,,,,N,362,Y,0.68,0.009,75,M02,HDPE film,60,374,,synthetic_rule_physics_model
SCN00101,C002,Rice (milled),dry_staple,ambient,S02,28.4,87.0,S09,48,28.5,0.5,274,12,0.6,6.5,0.6,,,4.7,M03,"BOPP film (heat-sealable, coated)",25,1400.0,4.0,150,fair,conventional (no gas modification),,,,,,N,289,Y,0.71,0.0094,75,M02,HDPE film,45,279,,synthetic_rule_physics_model
SCN00102,C002,Rice (milled),dry_staple,ambient,S01,23.0,59.0,S09,48,23.2,0.25,182,12,0.6,6.5,0.6,,,17.5,M02,HDPE film,30,1333.3,5.73,28,good,conventional (no gas modification),,,,,,N,406,Y,0.81,0.0128,77,,,,,,synthetic_rule_physics_model
SCN00103,C002,Rice (milled),dry_staple,ambient,S02,32.6,90.0,S09,6,32.6,1.0,274,12,0.6,6.5,0.6,,,3.7,M03,"BOPP film (heat-sealable, coated)",30,1166.7,3.33,150,fair,conventional (no gas modification),,,,,,N,209,N,0.68,0.009,75,M02,HDPE film,60,222,,synthetic_rule_physics_model
SCN00104,C002,Rice (milled),dry_staple,ambient,S03,36.4,43.0,S09,48,36.3,1.0,365,12,0.6,6.5,0.6,,,3.8,M03,"BOPP film (heat-sealable, coated)",30,1166.7,3.33,150,fair,conventional (no gas modification),,,,,,N,173,N,0.68,0.009,75,M02,HDPE film,60,175,,synthetic_rule_physics_model
SCN00105,C002,Rice (milled),dry_staple,ambient,S02,28.6,90.0,S09,24,28.6,1.0,730,12,0.6,6.5,0.6,,,2.0,M10,Metallised BOPP / CPP laminate,45,50,1.0,130,good,conventional (no gas modification),,,,,,N,269,N,1.29,0.016,43,,,,,,synthetic_rule_physics_model
SCN00106,C002,Rice (milled),dry_staple,ambient,S01,24.7,47.0,S09,24,24.7,0.5,730,12,0.6,6.5,0.6,,,4.7,M03,"BOPP film (heat-sealable, coated)",25,1400.0,4.0,150,fair,conventional (no gas modification),,,,,,N,387,N,0.71,0.0094,75,M02,HDPE film,45,340,,synthetic_rule_physics_model
SCN00107,C002,Rice (milled),dry_staple,ambient,S01,22.8,41.0,S09,48,22.9,0.25,182,12,0.6,6.5,0.6,,,17.8,M02,HDPE film,30,1333.3,5.73,28,good,conventional (no gas modification),,,,,,N,438,Y,0.81,0.0128,77,,,,,,synthetic_rule_physics_model
SCN00108,C002,Rice (milled),dry_staple,ambient,S01,24.9,43.0,S09,6,24.9,1.0,182,12,0.6,6.5,0.6,,,23.1,M03,"BOPP film (heat-sealable, coated)",30,1166.7,3.33,150,fair,conventional (no gas modification),,,,,,N,339,Y,0.68,0.009,75,M02,HDPE film,60,369,,synthetic_rule_physics_model
SCN00109,C002,Rice (milled),dry_staple,ambient,S01,24.5,64.0,S09,48,24.5,0.25,548,12,0.6,6.5,0.6,,,5.1,M03,"BOPP film (heat-sealable, coated)",20,1750.0,5.0,150,fair,conventional (no gas modification),,,,,,N,397,N,0.71,0.0095,75,M02,HDPE film,35,392,,synthetic_rule_physics_model
SCN00110,C002,Rice (milled),dry_staple,ambient,S02,35.6,76.0,S09,6,35.6,0.25,365,12,0.6,6.5,0.6,,,2.5,M02,HDPE film,70,571.4,2.46,28,good,conventional (no gas modification),,,,,,N,180,N,1.89,0.0299,77,,,,,,synthetic_rule_physics_model
SCN00111,C002,Rice (milled),dry_staple,ambient,S03,34.4,43.0,S09,6,34.4,0.5,274,12,0.6,6.5,0.6,,,4.9,M03,"BOPP film (heat-sealable, coated)",25,1400.0,4.0,150,fair,conventional (no gas modification),,,,,,N,204,N,0.71,0.0094,75,M02,HDPE film,45,186,,synthetic_rule_physics_model
SCN00112,C002,Rice (milled),dry_staple,ambient,S01,22.5,56.0,S09,6,22.5,0.5,274,12,0.6,6.5,0.6,,,15.5,M03,"BOPP film (heat-sealable, coated)",25,1400.0,4.0,150,fair,conventional (no gas modification),,,,,,N,435,Y,0.71,0.0094,75,M02,HDPE film,45,421,,synthetic_rule_physics_model
SCN00113,C002,Rice (milled),dry_staple,ambient,S03,36.7,35.0,S09,6,36.6,0.25,730,12,0.6,6.5,0.6,,,1.2,M10,Metallised BOPP / CPP laminate,45,50,1.0,130,good,conventional (no gas modification),,,,,,N,160,N,2.04,0.0252,43,,,,,,synthetic_rule_physics_model
SCN00114,C002,Rice (milled),dry_staple,ambient,S03,36.5,40.0,S09,24,36.5,0.25,182,12,0.6,6.5,0.6,,,4.8,M03,"BOPP film (heat-sealable, coated)",25,1400.0,4.0,150,fair,conventional (no gas modification),,,,,,N,183,Y,0.89,0.0119,75,M02,HDPE film,40,166,,synthetic_rule_physics_model
SCN00115,C002,Rice (milled),dry_staple,ambient,S01,22.1,41.0,S09,24,22.1,0.1,548,12,0.6,6.5,0.6,,,4.8,M03,"BOPP film (heat-sealable, coated)",25,1400.0,4.0,150,fair,conventional (no gas modification),,,,,,N,433,N,1.2,0.0161,75,M02,HDPE film,40,450,,synthetic_rule_physics_model
SCN00116,C002,Rice (milled),dry_staple,ambient,S01,26.0,64.0,S09,48,26.1,0.5,548,12,0.6,6.5,0.6,,,5.4,M03,"BOPP film (heat-sealable, coated)",25,1400.0,4.0,150,fair,conventional (no gas modification),,,,,,N,322,N,0.71,0.0094,75,M02,HDPE film,45,343,,synthetic_rule_physics_model
SCN00117,C002,Rice (milled),dry_staple,ambient,S02,31.2,89.0,S09,24,31.3,0.1,182,12,0.6,6.5,0.6,,,3.0,M03,"BOPP film (heat-sealable, coated)",35,1000.0,2.86,150,fair,conventional (no gas modification),,,,,,N,192,Y,1.69,0.0225,75,M02,HDPE film,60,190,,synthetic_rule_physics_model
SCN00118,C002,Rice (milled),dry_staple,ambient,S01,27.6,54.0,S09,48,27.6,0.5,548,12,0.6,6.5,0.6,,,4.7,M03,"BOPP film (heat-sealable, coated)",25,1400.0,4.0,150,fair,conventional (no gas modification),,,,,,N,301,N,0.71,0.0094,75,M02,HDPE film,45,299,,synthetic_rule_physics_model
SCN00119,C002,Rice (milled),dry_staple,ambient,S02,34.8,88.0,S09,24,34.8,0.25,548,12,0.6,6.5,0.6,,,1.0,M11,Metallised PET / PE laminate,52,1.5,0.8,60,good,conventional (no gas modification),,,,,,N,183,N,3.85,0.0532,24,,,,,,synthetic_rule_physics_model
SCN00120,C002,Rice (milled),dry_staple,ambient,S03,35.0,41.0,S09,24,35.0,0.5,548,12,0.6,6.5,0.6,,,2.3,M02,HDPE film,75,533.3,2.29,28,good,conventional (no gas modification),,,,,,N,179,N,1.61,0.0255,77,,,,,,synthetic_rule_physics_model
SCN00121,C003,Lentils (dal),dry_staple,ambient,S01,31.1,42.0,S09,6,31.1,0.1,365,11,1.0,6.5,0.58,,,2.9,M03,"BOPP film (heat-sealable, coated)",35,1000.0,2.86,150,fair,conventional (no gas modification),,,,,,N,232,N,1.69,0.0225,75,M02,HDPE film,60,228,,synthetic_rule_physics_model
SCN00122,C003,Lentils (dal),dry_staple,ambient,S02,30.6,77.0,S09,24,30.7,1.0,182,11,1.0,6.5,0.58,,,10.1,M03,"BOPP film (heat-sealable, coated)",30,1166.7,3.33,150,fair,conventional (no gas modification),,,,,,N,242,Y,0.68,0.009,75,M02,HDPE film,60,239,,synthetic_rule_physics_model
SCN00123,C003,Lentils (dal),dry_staple,ambient,S02,29.7,88.0,S09,24,29.7,0.5,182,11,1.0,6.5,0.58,,,5.7,M03,"BOPP film (heat-sealable, coated)",25,1400.0,4.0,150,fair,conventional (no gas modification),,,,,,N,254,Y,0.71,0.0094,75,M02,HDPE film,45,247,,synthetic_rule_physics_model
SCN00124,C003,Lentils (dal),dry_staple,ambient,S03,41.7,40.0,S09,48,41.7,0.1,730,11,1.0,6.5,0.58,,,0.6,M12,PET / Aluminium foil / PE laminate,71,0.0,0.01,55,good,conventional (no gas modification),,,,,,N,111,N,16.39,0.1878,16,,,,,,synthetic_rule_physics_model
SCN00125,C003,Lentils (dal),dry_staple,ambient,S03,33.2,25.0,S09,6,33.2,0.5,365,11,1.0,6.5,0.58,,,4.1,M03,"BOPP film (heat-sealable, coated)",25,1400.0,4.0,150,fair,conventional (no gas modification),,,,,,N,209,N,0.71,0.0094,75,M02,HDPE film,45,211,,synthetic_rule_physics_model
SCN00126,C003,Lentils (dal),dry_staple,ambient,S02,28.6,90.0,S09,24,28.6,0.25,548,11,1.0,6.5,0.58,,,1.6,M10,Metallised BOPP / CPP laminate,45,50,1.0,130,good,conventional (no gas modification),,,,,,N,279,N,2.04,0.0252,43,,,,,,synthetic_rule_physics_model
SCN00127,C003,Lentils (dal),dry_staple,ambient,S01,23.9,64.0,S09,48,24.0,0.25,274,11,1.0,6.5,0.58,,,10.6,M02,HDPE film,30,1333.3,5.73,28,good,conventional (no gas modification),,,,,,N,394,Y,0.81,0.0128,77,,,,,,synthetic_rule_physics_model
SCN00128,C003,Lentils (dal),dry_staple,ambient,S01,21.0,51.0,S09,6,21.0,1.0,365,11,1.0,6.5,0.58,,,17.2,M03,"BOPP film (heat-sealable, coated)",30,1166.7,3.33,150,fair,conventional (no gas modification),,,,,,N,482,Y,0.68,0.009,75,M02,HDPE film,60,473,,synthetic_rule_physics_model
SCN00129,C003,Lentils (dal),dry_staple,ambient,S02,30.3,89.0,S09,24,30.3,0.1,274,11,1.0,6.5,0.58,,,2.1,M10,Metallised BOPP / CPP laminate,45,50,1.0,130,good,conventional (no gas modification),,,,,,N,256,N,2.76,0.0341,43,,,,,,synthetic_rule_physics_model
SCN00130,C003,Lentils (dal),dry_staple,ambient,S01,31.3,59.0,S09,24,31.3,0.1,182,11,1.0,6.5,0.58,,,5.8,M02,HDPE film,30,1333.3,5.73,28,good,conventional (no gas modification),,,,,,N,182,Y,1.1,0.0174,77,,,,,,synthetic_rule_physics_model
SCN00131,C003,Lentils (dal),dry_staple,ambient,S02,29.4,83.0,S09,24,29.4,0.5,182,11,1.0,6.5,0.58,,,7.2,M03,"BOPP film (heat-sealable, coated)",25,1400.0,4.0,150,fair,conventional (no gas modification),,,,,,N,271,Y,0.71,0.0094,75,M02,HDPE film,45,266,,synthetic_rule_physics_model
SCN00132,C003,Lentils (dal),dry_staple,ambient,S01,31.1,62.0,S09,6,31.1,1.0,365,11,1.0,6.5,0.58,,,6.3,M03,"BOPP film (heat-sealable, coated)",30,1166.7,3.33,150,fair,conventional (no gas modification),,,,,,N,219,N,0.68,0.009,75,M02,HDPE film,60,254,,synthetic_rule_physics_model
SCN00133,C003,Lentils (dal),dry_staple,ambient,S01,31.4,52.0,S09,6,31.4,1.0,182,11,1.0,6.5,0.58,,,12.3,M03,"BOPP film (heat-sealable, coated)",30,1166.7,3.33,150,fair,conventional (no gas modification),,,,,,N,226,Y,0.68,0.009,75,M02,HDPE film,60,238,,synthetic_rule_physics_model
SCN00134,C003,Lentils (dal),dry_staple,ambient,S01,30.4,59.0,S09,48,30.5,0.1,730,11,1.0,6.5,0.58,,,1.6,M10,Metallised BOPP / CPP laminate,45,50,1.0,130,good,conventional (no gas modification),,,,,,N,259,N,2.76,0.0341,43,,,,,,synthetic_rule_physics_model
SCN00135,C003,Lentils (dal),dry_staple,ambient,S03,34.2,38.0,S09,6,34.2,0.25,182,11,1.0,6.5,0.58,,,5.9,M02,HDPE film,30,1333.3,5.73,28,good,conventional (no gas modification),,,,,,N,194,Y,0.81,0.0128,77,,,,,,synthetic_rule_physics_model
SCN00136,C003,Lentils (dal),dry_staple,ambient,S01,22.1,44.0,S09,48,22.1,1.0,548,11,1.0,6.5,0.58,,,10.2,M03,"BOPP film (heat-sealable, coated)",30,1166.7,3.33,150,fair,conventional (no gas modification),,,,,,N,448,N,0.68,0.009,75,M02,HDPE film,60,427,,synthetic_rule_physics_model
SCN00137,C003,Lentils (dal),dry_staple,ambient,S03,36.8,36.0,S09,24,36.8,0.5,274,11,1.0,6.5,0.58,,,3.9,M03,"BOPP film (heat-sealable, coated)",30,1166.7,3.33,150,fair,conventional (no gas modification),,,,,,N,168,N,0.85,0.0113,75,M02,HDPE film,45,164,,synthetic_rule_physics_model
SCN00138,C003,Lentils (dal),dry_staple,ambient,S01,23.3,41.0,S09,6,23.3,1.0,182,11,1.0,6.5,0.58,,,27.2,M03,"BOPP film (heat-sealable, coated)",30,1166.7,3.33,150,fair,conventional (no gas modification),,,,,,N,401,Y,0.68,0.009,75,M02,HDPE film,60,420,,synthetic_rule_physics_model
SCN00139,C003,Lentils (dal),dry_staple,ambient,S02,35.8,77.0,S09,48,35.8,0.1,548,11,1.0,6.5,0.58,,,1.0,M10,Metallised BOPP / CPP laminate,45,50,1.0,130,good,conventional (no gas modification),,,,,,N,169,N,2.76,0.0341,43,,,,,,synthetic_rule_physics_model
SCN00140,C003,Lentils (dal),dry_staple,ambient,S02,29.2,76.0,S09,48,29.3,0.5,182,11,1.0,6.5,0.58,,,9.8,M03,"BOPP film (heat-sealable, coated)",25,1400.0,4.0,150,fair,conventional (no gas modification),,,,,,N,263,Y,0.71,0.0094,75,M02,HDPE film,45,269,,synthetic_rule_physics_model
SCN00141,C003,Lentils (dal),dry_staple,ambient,S02,35.9,85.0,S09,24,35.9,0.5,548,11,1.0,6.5,0.58,,,1.2,M10,Metallised BOPP / CPP laminate,45,50,1.0,130,good,conventional (no gas modification),,,,,,N,170,N,1.62,0.0201,43,,,,,,synthetic_rule_physics_model
SCN00142,C003,Lentils (dal),dry_staple,ambient,S02,33.4,76.0,S09,48,33.4,0.5,182,11,1.0,6.5,0.58,,,6.7,M03,"BOPP film (heat-sealable, coated)",25,1400.0,4.0,150,fair,conventional (no gas modification),,,,,,N,201,Y,0.71,0.0094,75,M02,HDPE film,45,198,,synthetic_rule_physics_model
SCN00143,C003,Lentils (dal),dry_staple,ambient,S02,33.3,93.0,S09,24,33.2,0.25,365,11,1.0,6.5,0.58,,,1.4,M10,Metallised BOPP / CPP laminate,45,50,1.0,130,good,conventional (no gas modification),,,,,,N,219,N,2.04,0.0252,43,,,,,,synthetic_rule_physics_model
SCN00144,C003,Lentils (dal),dry_staple,ambient,S01,27.1,63.0,S09,48,27.2,0.5,274,11,1.0,6.5,0.58,,,9.7,M03,"BOPP film (heat-sealable, coated)",25,1400.0,4.0,150,fair,conventional (no gas modification),,,,,,N,310,Y,0.71,0.0094,75,M02,HDPE film,45,305,,synthetic_rule_physics_model
SCN00145,C003,Lentils (dal),dry_staple,ambient,S03,40.9,22.0,S09,24,40.9,0.1,365,11,1.0,6.5,0.58,,,1.2,M10,Metallised BOPP / CPP laminate,45,50,1.0,130,good,conventional (no gas modification),,,,,,N,110,N,2.76,0.0341,43,,,,,,synthetic_rule_physics_model
SCN00146,C003,Lentils (dal),dry_staple,ambient,S01,22.6,64.0,S09,6,22.6,0.25,274,11,1.0,6.5,0.58,,,12.3,M02,HDPE film,30,1333.3,5.73,28,good,conventional (no gas modification),,,,,,N,423,Y,0.81,0.0128,77,,,,,,synthetic_rule_physics_model
SCN00147,C003,Lentils (dal),dry_staple,ambient,S02,32.3,90.0,S09,24,32.3,0.25,730,11,1.0,6.5,0.58,,,0.8,M11,Metallised PET / PE laminate,52,1.5,0.8,60,good,conventional (no gas modification),,,,,,N,235,N,3.85,0.0532,24,,,,,,synthetic_rule_physics_model
SCN00148,C003,Lentils (dal),dry_staple,ambient,S01,22.2,57.0,S09,24,22.3,1.0,182,11,1.0,6.5,0.58,,,30.2,M03,"BOPP film (heat-sealable, coated)",30,1166.7,3.33,150,fair,conventional (no gas modification),,,,,,N,423,Y,0.68,0.009,75,M02,HDPE film,60,462,,synthetic_rule_physics_model
SCN00149,C003,Lentils (dal),dry_staple,ambient,S03,37.3,39.0,S09,24,37.3,0.25,365,11,1.0,6.5,0.58,,,2.2,M02,HDPE film,80,500.0,2.15,28,good,conventional (no gas modification),,,,,,N,159,N,2.16,0.0342,77,,,,,,synthetic_rule_physics_model
SCN00150,C003,Lentils (dal),dry_staple,ambient,S02,32.6,84.0,S09,6,32.6,1.0,274,11,1.0,6.5,0.58,,,4.2,M03,"BOPP film (heat-sealable, coated)",30,1166.7,3.33,150,fair,conventional (no gas modification),,,,,,N,213,N,0.68,0.009,75,M02,HDPE film,60,217,,synthetic_rule_physics_model
SCN00151,C003,Lentils (dal),dry_staple,ambient,S01,27.7,62.0,S09,6,27.7,0.1,365,11,1.0,6.5,0.58,,,4.1,M03,"BOPP film (heat-sealable, coated)",25,1400.0,4.0,150,fair,conventional (no gas modification),,,,,,N,297,N,1.2,0.0161,75,M02,HDPE film,45,304,,synthetic_rule_physics_model
SCN00152,C003,Lentils (dal),dry_staple,ambient,S03,31.8,31.0,S09,6,31.8,1.0,365,11,1.0,6.5,0.58,,,5.9,M03,"BOPP film (heat-sealable, coated)",30,1166.7,3.33,150,fair,conventional (no gas modification),,,,,,N,221,N,0.68,0.009,75,M02,HDPE film,60,220,,synthetic_rule_physics_model
SCN00153,C003,Lentils (dal),dry_staple,ambient,S01,24.6,42.0,S09,6,24.6,0.1,365,11,1.0,6.5,0.58,,,5.5,M03,"BOPP film (heat-sealable, coated)",20,1750.0,5.0,150,fair,conventional (no gas modification),,,,,,N,382,Y,0.96,0.0128,75,M02,HDPE film,35,382,,synthetic_rule_physics_model
SCN00154,C003,Lentils (dal),dry_staple,ambient,S03,38.4,23.0,S09,6,38.3,0.1,182,11,1.0,6.5,0.58,,,3.0,M03,"BOPP film (heat-sealable, coated)",35,1000.0,2.86,150,fair,conventional (no gas modification),,,,,,N,148,N,1.69,0.0225,75,M02,HDPE film,60,144,,synthetic_rule_physics_model
SCN00155,C003,Lentils (dal),dry_staple,ambient,S02,33.8,86.0,S09,6,33.8,0.5,182,11,1.0,6.5,0.58,,,4.2,M03,"BOPP film (heat-sealable, coated)",25,1400.0,4.0,150,fair,conventional (no gas modification),,,,,,N,206,Y,0.71,0.0094,75,M02,HDPE film,45,199,,synthetic_rule_physics_model
SCN00156,C003,Lentils (dal),dry_staple,ambient,S02,28.5,92.0,S09,24,28.5,0.25,274,11,1.0,6.5,0.58,,,3.0,M03,"BOPP film (heat-sealable, coated)",35,1000.0,2.86,150,fair,conventional (no gas modification),,,,,,N,302,Y,1.25,0.0166,75,M02,HDPE film,60,272,,synthetic_rule_physics_model
SCN00157,C003,Lentils (dal),dry_staple,ambient,S01,25.0,57.0,S09,48,25.0,0.1,730,11,1.0,6.5,0.58,,,2.7,M03,"BOPP film (heat-sealable, coated)",40,875.0,2.5,150,fair,conventional (no gas modification),,,,,,N,373,N,1.93,0.0257,75,M02,HDPE film,65,321,,synthetic_rule_physics_model
SCN00158,C003,Lentils (dal),dry_staple,ambient,S02,31.1,84.0,S09,24,31.2,0.5,182,11,1.0,6.5,0.58,,,5.6,M03,"BOPP film (heat-sealable, coated)",25,1400.0,4.0,150,fair,conventional (no gas modification),,,,,,N,236,Y,0.71,0.0094,75,M02,HDPE film,45,240,,synthetic_rule_physics_model
SCN00159,C003,Lentils (dal),dry_staple,ambient,S02,33.0,90.0,S09,48,33.0,0.1,365,11,1.0,6.5,0.58,,,1.1,M10,Metallised BOPP / CPP laminate,45,50,1.0,130,good,conventional (no gas modification),,,,,,N,202,N,2.76,0.0341,43,,,,,,synthetic_rule_physics_model
SCN00160,C003,Lentils (dal),dry_staple,ambient,S01,27.7,61.0,S09,6,27.7,1.0,274,11,1.0,6.5,0.58,,,11.6,M03,"BOPP film (heat-sealable, coated)",30,1166.7,3.33,150,fair,conventional (no gas modification),,,,,,N,321,Y,0.68,0.009,75,M02,HDPE film,60,310,,synthetic_rule_physics_model
SCN00161,C003,Lentils (dal),dry_staple,ambient,S02,30.3,76.0,S09,24,30.3,0.5,730,11,1.0,6.5,0.58,,,2.3,M02,HDPE film,80,500.0,2.15,28,good,conventional (no gas modification),,,,,,N,265,N,1.72,0.0272,77,,,,,,synthetic_rule_physics_model
SCN00162,C003,Lentils (dal),dry_staple,ambient,S01,29.0,45.0,S09,6,29.0,0.5,365,11,1.0,6.5,0.58,,,6.1,M03,"BOPP film (heat-sealable, coated)",25,1400.0,4.0,150,fair,conventional (no gas modification),,,,,,N,275,N,0.71,0.0094,75,M02,HDPE film,45,279,,synthetic_rule_physics_model
SCN00163,C003,Lentils (dal),dry_staple,ambient,S02,31.5,94.0,S09,48,31.5,1.0,365,11,1.0,6.5,0.58,,,2.5,M03,"BOPP film (heat-sealable, coated)",40,875.0,2.5,150,fair,conventional (no gas modification),,,,,,N,223,N,0.9,0.012,75,M02,HDPE film,70,232,,synthetic_rule_physics_model
SCN00164,C003,Lentils (dal),dry_staple,ambient,S02,31.4,95.0,S09,24,31.4,0.1,182,11,1.0,6.5,0.58,,,2.3,M02,HDPE film,75,533.3,2.29,28,good,conventional (no gas modification),,,,,,N,187,Y,2.74,0.0434,77,,,,,,synthetic_rule_physics_model
SCN00165,C003,Lentils (dal),dry_staple,ambient,S02,30.5,87.0,S09,6,30.5,0.5,548,11,1.0,6.5,0.58,,,1.8,M10,Metallised BOPP / CPP laminate,45,50,1.0,130,good,conventional (no gas modification),,,,,,N,247,N,1.62,0.0201,43,,,,,,synthetic_rule_physics_model
SCN00166,C003,Lentils (dal),dry_staple,ambient,S02,31.5,88.0,S09,48,31.4,1.0,365,11,1.0,6.5,0.58,,,3.1,M03,"BOPP film (heat-sealable, coated)",35,1000.0,2.86,150,fair,conventional (no gas modification),,,,,,N,213,N,0.79,0.0105,75,M02,HDPE film,60,238,,synthetic_rule_physics_model
SCN00167,C003,Lentils (dal),dry_staple,ambient,S03,31.7,35.0,S09,48,31.7,0.1,274,11,1.0,6.5,0.58,,,3.7,M03,"BOPP film (heat-sealable, coated)",30,1166.7,3.33,150,fair,conventional (no gas modification),,,,,,N,217,N,1.44,0.0193,75,M02,HDPE film,50,224,,synthetic_rule_physics_model
SCN00168,C003,Lentils (dal),dry_staple,ambient,S02,32.8,89.0,S09,6,32.8,0.1,730,11,1.0,6.5,0.58,,,0.6,M12,PET / Aluminium foil / PE laminate,71,0.0,0.01,55,good,conventional (no gas modification),,,,,,N,218,N,16.39,0.1878,16,,,,,,synthetic_rule_physics_model
SCN00169,C003,Lentils (dal),dry_staple,ambient,S02,31.2,88.0,S09,48,31.2,0.25,548,11,1.0,6.5,0.58,,,1.3,M10,Metallised BOPP / CPP laminate,45,50,1.0,130,good,conventional (no gas modification),,,,,,N,229,N,2.04,0.0252,43,,,,,,synthetic_rule_physics_model
SCN00170,C003,Lentils (dal),dry_staple,ambient,S01,23.1,51.0,S09,6,23.1,1.0,274,11,1.0,6.5,0.58,,,18.4,M03,"BOPP film (heat-sealable, coated)",30,1166.7,3.33,150,fair,conventional (no gas modification),,,,,,N,429,Y,0.68,0.009,75,M02,HDPE film,60,420,,synthetic_rule_physics_model
SCN00171,C003,Lentils (dal),dry_staple,ambient,S01,28.6,65.0,S09,48,28.6,0.5,365,11,1.0,6.5,0.58,,,6.3,M03,"BOPP film (heat-sealable, coated)",25,1400.0,4.0,150,fair,conventional (no gas modification),,,,,,N,287,N,0.71,0.0094,75,M02,HDPE film,45,297,,synthetic_rule_physics_model
SCN00172,C003,Lentils (dal),dry_staple,ambient,S03,40.2,38.0,S09,6,40.2,0.5,730,11,1.0,6.5,0.58,,,1.1,M10,Metallised BOPP / CPP laminate,45,50,1.0,130,good,conventional (no gas modification),,,,,,N,130,N,1.62,0.0201,43,,,,,,synthetic_rule_physics_model
SCN00173,C003,Lentils (dal),dry_staple,ambient,S01,22.4,43.0,S09,48,22.4,0.5,548,11,1.0,6.5,0.58,,,7.9,M03,"BOPP film (heat-sealable, coated)",25,1400.0,4.0,150,fair,conventional (no gas modification),,,,,,N,461,N,0.71,0.0094,75,M02,HDPE film,45,463,,synthetic_rule_physics_model
SCN00174,C003,Lentils (dal),dry_staple,ambient,S01,24.8,58.0,S09,6,24.8,1.0,730,11,1.0,6.5,0.58,,,5.8,M03,"BOPP film (heat-sealable, coated)",30,1166.7,3.33,150,fair,conventional (no gas modification),,,,,,N,380,N,0.68,0.009,75,M02,HDPE film,60,380,,synthetic_rule_physics_model
SCN00175,C003,Lentils (dal),dry_staple,ambient,S01,25.6,53.0,S09,24,25.6,0.25,274,11,1.0,6.5,0.58,,,9.0,M02,HDPE film,30,1333.3,5.73,28,good,conventional (no gas modification),,,,,,N,321,Y,0.81,0.0128,77,,,,,,synthetic_rule_physics_model
SCN00176,C003,Lentils (dal),dry_staple,ambient,S03,36.2,28.0,S09,48,36.2,0.25,365,11,1.0,6.5,0.58,,,2.4,M02,HDPE film,75,533.3,2.29,28,good,conventional (no gas modification),,,,,,N,167,N,2.03,0.0321,77,,,,,,synthetic_rule_physics_model
SCN00177,C003,Lentils (dal),dry_staple,ambient,S03,40.2,26.0,S09,48,40.1,0.25,365,11,1.0,6.5,0.58,,,1.7,M10,Metallised BOPP / CPP laminate,45,50,1.0,130,good,conventional (no gas modification),,,,,,N,122,N,2.04,0.0252,43,,,,,,synthetic_rule_physics_model
SCN00178,C003,Lentils (dal),dry_staple,ambient,S01,31.3,44.0,S09,6,31.3,0.5,730,11,1.0,6.5,0.58,,,2.4,M02,HDPE film,75,533.3,2.29,28,good,conventional (no gas modification),,,,,,N,234,N,1.61,0.0255,77,,,,,,synthetic_rule_physics_model
SCN00179,C003,Lentils (dal),dry_staple,ambient,S03,30.3,21.0,S09,24,30.3,0.25,730,11,1.0,6.5,0.58,,,2.1,M10,Metallised BOPP / CPP laminate,45,50,1.0,130,good,conventional (no gas modification),,,,,,N,250,N,2.04,0.0252,43,,,,,,synthetic_rule_physics_model
SCN00180,C003,Lentils (dal),dry_staple,ambient,S03,36.5,36.0,S09,24,36.5,1.0,365,11,1.0,6.5,0.58,,,3.8,M03,"BOPP film (heat-sealable, coated)",30,1166.7,3.33,150,fair,conventional (no gas modification),,,,,,N,163,N,0.68,0.009,75,M02,HDPE film,60,166,,synthetic_rule_physics_model
SCN00181,C004,White sugar,dry_staple,ambient,S02,31.9,79.0,S09,24,31.9,0.5,730,0.1,0.0,7.0,0.1,,,0.1,M12,PET / Aluminium foil / PE laminate,71,0.0,0.01,55,good,conventional (no gas modification),,,,,,N,556,N,9.64,0.1104,16,,,,,,synthetic_rule_physics_model
SCN00182,C004,White sugar,dry_staple,ambient,S01,24.4,54.0,S09,6,24.4,0.5,1095,0.1,0.0,7.0,0.1,,,0.2,M12,PET / Aluminium foil / PE laminate,71,0.0,0.01,55,good,conventional (no gas modification),,,,,,N,753,N,9.64,0.1104,16,,,,,,synthetic_rule_physics_model
SCN00183,C004,White sugar,dry_staple,ambient,S03,40.4,30.0,S09,48,40.4,0.5,1460,0.1,0.0,7.0,0.1,,,0.1,M12,PET / Aluminium foil / PE laminate,71,0.0,0.01,55,good,conventional (no gas modification),,,,,,N,395,N,9.64,0.1104,16,,,,,,synthetic_rule_physics_model
SCN00184,C004,White sugar,dry_staple,ambient,S01,29.2,52.0,S09,6,29.2,0.5,1095,0.1,0.0,7.0,0.1,,,0.1,M12,PET / Aluminium foil / PE laminate,71,0.0,0.01,55,good,conventional (no gas modification),,,,,,N,638,N,9.64,0.1104,16,,,,,,synthetic_rule_physics_model
SCN00185,C004,White sugar,dry_staple,ambient,S02,29.9,87.0,S09,48,29.9,1.0,730,0.1,0.0,7.0,0.1,,,0.1,M12,PET / Aluminium foil / PE laminate,71,0.0,0.01,55,good,conventional (no gas modification),,,,,,N,611,N,7.67,0.0879,16,,,,,,synthetic_rule_physics_model
SCN00186,C004,White sugar,dry_staple,ambient,S01,21.3,43.0,S09,6,21.3,1.0,730,0.1,0.0,7.0,0.1,,,0.6,M12,PET / Aluminium foil / PE laminate,71,0.0,0.01,55,good,conventional (no gas modification),,,,,,N,813,Y,7.67,0.0879,16,,,,,,synthetic_rule_physics_model
SCN00187,C004,White sugar,dry_staple,ambient,S01,26.6,42.0,S09,48,26.7,0.5,1460,0.1,0.0,7.0,0.1,,,0.2,M12,PET / Aluminium foil / PE laminate,71,0.0,0.01,55,good,conventional (no gas modification),,,,,,N,703,N,9.64,0.1104,16,,,,,,synthetic_rule_physics_model
SCN00188,C004,White sugar,dry_staple,ambient,S02,29.0,77.0,S09,6,29.0,0.5,548,0.1,0.0,7.0,0.1,,,0.2,M12,PET / Aluminium foil / PE laminate,71,0.0,0.01,55,good,conventional (no gas modification),,,,,,N,600,Y,9.64,0.1104,16,,,,,,synthetic_rule_physics_model
SCN00189,C004,White sugar,dry_staple,ambient,S01,20.5,58.0,S09,48,20.5,0.25,1460,0.1,0.0,7.0,0.1,,,0.1,M12,PET / Aluminium foil / PE laminate,71,0.0,0.01,55,good,conventional (no gas modification),,,,,,N,855,N,12.12,0.1388,16,,,,,,synthetic_rule_physics_model
SCN00190,C004,White sugar,dry_staple,ambient,S01,31.2,48.0,S09,24,31.2,0.5,1460,0.1,0.0,7.0,0.1,,,0.1,M12,PET / Aluminium foil / PE laminate,71,0.0,0.01,55,good,conventional (no gas modification),,,,,,N,541,N,9.64,0.1104,16,,,,,,synthetic_rule_physics_model
SCN00191,C004,White sugar,dry_staple,ambient,S02,32.5,84.0,S09,48,32.5,0.1,1095,0.1,0.0,7.0,0.1,,,0.0,M12,PET / Aluminium foil / PE laminate,71,0.0,0.01,55,good,conventional (no gas modification),,,,,,N,537,N,16.39,0.1878,16,,,,,,synthetic_rule_physics_model
SCN00192,C004,White sugar,dry_staple,ambient,S01,30.8,62.0,S09,48,30.8,0.5,1460,0.1,0.0,7.0,0.1,,,0.1,M12,PET / Aluminium foil / PE laminate,71,0.0,0.01,55,good,conventional (no gas modification),,,,,,N,578,N,9.64,0.1104,16,,,,,,synthetic_rule_physics_model
SCN00193,C004,White sugar,dry_staple,ambient,S02,32.2,89.0,S09,48,32.2,0.25,365,0.1,0.0,7.0,0.1,,,0.1,M12,PET / Aluminium foil / PE laminate,71,0.0,0.01,55,good,conventional (no gas modification),,,,,,N,552,Y,12.12,0.1388,16,,,,,,synthetic_rule_physics_model
SCN00194,C004,White sugar,dry_staple,ambient,S03,31.3,20.0,S09,48,31.3,0.25,1095,0.1,0.0,7.0,0.1,,,0.2,M12,PET / Aluminium foil / PE laminate,71,0.0,0.01,55,good,conventional (no gas modification),,,,,,N,573,N,12.12,0.1388,16,,,,,,synthetic_rule_physics_model
SCN00195,C004,White sugar,dry_staple,ambient,S03,38.8,22.0,S09,48,38.8,0.5,1095,0.1,0.0,7.0,0.1,,,0.1,M12,PET / Aluminium foil / PE laminate,71,0.0,0.01,55,good,conventional (no gas modification),,,,,,N,380,N,9.64,0.1104,16,,,,,,synthetic_rule_physics_model
SCN00196,C004,White sugar,dry_staple,ambient,S01,31.5,51.0,S09,24,31.5,0.5,1460,0.1,0.0,7.0,0.1,,,0.1,M12,PET / Aluminium foil / PE laminate,71,0.0,0.01,55,good,conventional (no gas modification),,,,,,N,567,N,9.64,0.1104,16,,,,,,synthetic_rule_physics_model
SCN00197,C004,White sugar,dry_staple,ambient,S02,29.8,94.0,S09,24,29.8,0.25,1095,0.1,0.0,7.0,0.1,,,0.0,M12,PET / Aluminium foil / PE laminate,71,0.0,0.01,55,good,conventional (no gas modification),,,,,,N,618,N,12.12,0.1388,16,,,,,,synthetic_rule_physics_model
SCN00198,C004,White sugar,dry_staple,ambient,S02,32.5,94.0,S09,24,32.5,1.0,1095,0.1,0.0,7.0,0.1,,,0.1,M12,PET / Aluminium foil / PE laminate,71,0.0,0.01,55,good,conventional (no gas modification),,,,,,N,576,N,7.67,0.0879,16,,,,,,synthetic_rule_physics_model
SCN00199,C004,White sugar,dry_staple,ambient,S01,23.5,58.0,S09,6,23.5,0.5,1095,0.1,0.0,7.0,0.1,,,0.2,M12,PET / Aluminium foil / PE laminate,71,0.0,0.01,55,good,conventional (no gas modification),,,,,,N,761,N,9.64,0.1104,16,,,,,,synthetic_rule_physics_model
SCN00200,C004,White sugar,dry_staple,ambient,S01,26.5,63.0,S09,6,26.5,0.25,548,0.1,0.0,7.0,0.1,,,0.2,M12,PET / Aluminium foil / PE laminate,71,0.0,0.01,55,good,conventional (no gas modification),,,,,,N,672,Y,12.12,0.1388,16,,,,,,synthetic_rule_physics_model
SCN00201,C004,White sugar,dry_staple,ambient,S02,28.4,83.0,S09,48,28.4,0.25,365,0.1,0.0,7.0,0.1,,,0.2,M12,PET / Aluminium foil / PE laminate,71,0.0,0.01,55,good,conventional (no gas modification),,,,,,N,608,Y,12.12,0.1388,16,,,,,,synthetic_rule_physics_model
SCN00202,C004,White sugar,dry_staple,ambient,S03,31.9,36.0,S09,24,31.9,0.25,730,0.1,0.0,7.0,0.1,,,0.2,M12,PET / Aluminium foil / PE laminate,71,0.0,0.01,55,good,conventional (no gas modification),,,,,,N,550,N,12.12,0.1388,16,,,,,,synthetic_rule_physics_model
SCN00203,C004,White sugar,dry_staple,ambient,S02,33.2,80.0,S09,24,33.2,0.1,548,0.1,0.0,7.0,0.1,,,0.1,M12,PET / Aluminium foil / PE laminate,71,0.0,0.01,55,good,conventional (no gas modification),,,,,,N,530,N,16.39,0.1878,16,,,,,,synthetic_rule_physics_model
SCN00204,C004,White sugar,dry_staple,ambient,S03,32.1,43.0,S09,48,32.1,1.0,548,0.1,0.0,7.0,0.1,,,0.3,M12,PET / Aluminium foil / PE laminate,71,0.0,0.01,55,good,conventional (no gas modification),,,,,,N,596,Y,7.67,0.0879,16,,,,,,synthetic_rule_physics_model
SCN00205,C004,White sugar,dry_staple,ambient,S03,30.1,34.0,S09,48,30.1,0.5,1095,0.1,0.0,7.0,0.1,,,0.2,M12,PET / Aluminium foil / PE laminate,71,0.0,0.01,55,good,conventional (no gas modification),,,,,,N,580,N,9.64,0.1104,16,,,,,,synthetic_rule_physics_model
SCN00206,C004,White sugar,dry_staple,ambient,S02,32.0,94.0,S09,24,32.0,0.25,365,0.1,0.0,7.0,0.1,,,0.1,M12,PET / Aluminium foil / PE laminate,71,0.0,0.01,55,good,conventional (no gas modification),,,,,,N,563,Y,12.12,0.1388,16,,,,,,synthetic_rule_physics_model
SCN00207,C004,White sugar,dry_staple,ambient,S01,22.2,58.0,S09,48,22.3,0.25,548,0.1,0.0,7.0,0.1,,,0.3,M12,PET / Aluminium foil / PE laminate,71,0.0,0.01,55,good,conventional (no gas modification),,,,,,N,846,Y,12.12,0.1388,16,,,,,,synthetic_rule_physics_model
SCN00208,C004,White sugar,dry_staple,ambient,S03,40.8,41.0,S09,6,40.8,0.1,548,0.1,0.0,7.0,0.1,,,0.1,M12,PET / Aluminium foil / PE laminate,71,0.0,0.01,55,good,conventional (no gas modification),,,,,,N,350,N,16.39,0.1878,16,,,,,,synthetic_rule_physics_model
SCN00209,C004,White sugar,dry_staple,ambient,S01,24.6,51.0,S09,48,24.6,0.1,730,0.1,0.0,7.0,0.1,,,0.2,M12,PET / Aluminium foil / PE laminate,71,0.0,0.01,55,good,conventional (no gas modification),,,,,,N,751,Y,16.39,0.1878,16,,,,,,synthetic_rule_physics_model
SCN00210,C004,White sugar,dry_staple,ambient,S01,22.8,57.0,S09,48,22.9,0.5,365,0.1,0.0,7.0,0.1,,,0.6,M12,PET / Aluminium foil / PE laminate,71,0.0,0.01,55,good,conventional (no gas modification),,,,,,N,819,Y,9.64,0.1104,16,,,,,,synthetic_rule_physics_model
SCN00211,C004,White sugar,dry_staple,ambient,S02,29.8,78.0,S09,48,29.8,0.5,1095,0.1,0.0,7.0,0.1,,,0.1,M12,PET / Aluminium foil / PE laminate,71,0.0,0.01,55,good,conventional (no gas modification),,,,,,N,592,N,9.64,0.1104,16,,,,,,synthetic_rule_physics_model
SCN00212,C004,White sugar,dry_staple,ambient,S02,31.8,86.0,S09,6,31.8,0.25,1460,0.1,0.0,7.0,0.1,,,0.0,M12,PET / Aluminium foil / PE laminate,71,0.0,0.01,55,good,conventional (no gas modification),,,,,,N,528,N,12.12,0.1388,16,,,,,,synthetic_rule_physics_model
SCN00213,C004,White sugar,dry_staple,ambient,S01,31.0,43.0,S09,48,31.0,0.25,1460,0.1,0.0,7.0,0.1,,,0.1,M12,PET / Aluminium foil / PE laminate,71,0.0,0.01,55,good,conventional (no gas modification),,,,,,N,567,N,12.12,0.1388,16,,,,,,synthetic_rule_physics_model
SCN00214,C004,White sugar,dry_staple,ambient,S01,23.9,53.0,S09,48,24.0,1.0,365,0.1,0.0,7.0,0.1,,,0.7,M12,PET / Aluminium foil / PE laminate,71,0.0,0.01,55,good,conventional (no gas modification),,,,,,N,752,Y,7.67,0.0879,16,,,,,,synthetic_rule_physics_model
SCN00215,C004,White sugar,dry_staple,ambient,S01,25.0,54.0,S09,24,25.0,0.5,365,0.1,0.0,7.0,0.1,,,0.5,M12,PET / Aluminium foil / PE laminate,71,0.0,0.01,55,good,conventional (no gas modification),,,,,,N,733,Y,9.64,0.1104,16,,,,,,synthetic_rule_physics_model
SCN00216,C004,White sugar,dry_staple,ambient,S01,20.0,45.0,S09,6,20.0,0.1,1460,0.1,0.0,7.0,0.1,,,0.2,M12,PET / Aluminium foil / PE laminate,71,0.0,0.01,55,good,conventional (no gas modification),,,,,,N,905,N,16.39,0.1878,16,,,,,,synthetic_rule_physics_model
SCN00217,C004,White sugar,dry_staple,ambient,S03,30.4,30.0,S09,24,30.4,1.0,730,0.1,0.0,7.0,0.1,,,0.4,M12,PET / Aluminium foil / PE laminate,71,0.0,0.01,55,good,conventional (no gas modification),,,,,,N,583,N,7.67,0.0879,16,,,,,,synthetic_rule_physics_model
SCN00218,C004,White sugar,dry_staple,ambient,S02,35.3,83.0,S09,6,35.3,0.25,730,0.1,0.0,7.0,0.1,,,0.0,M12,PET / Aluminium foil / PE laminate,71,0.0,0.01,55,good,conventional (no gas modification),,,,,,N,490,N,12.12,0.1388,16,,,,,,synthetic_rule_physics_model
SCN00219,C004,White sugar,dry_staple,ambient,S02,33.8,79.0,S09,48,33.8,0.5,1095,0.1,0.0,7.0,0.1,,,0.0,M12,PET / Aluminium foil / PE laminate,71,0.0,0.01,55,good,conventional (no gas modification),,,,,,N,534,N,9.64,0.1104,16,,,,,,synthetic_rule_physics_model
SCN00220,C004,White sugar,dry_staple,ambient,S02,31.4,83.0,S09,6,31.4,0.25,730,0.1,0.0,7.0,0.1,,,0.1,M12,PET / Aluminium foil / PE laminate,71,0.0,0.01,55,good,conventional (no gas modification),,,,,,N,597,N,12.12,0.1388,16,,,,,,synthetic_rule_physics_model
SCN00221,C004,White sugar,dry_staple,ambient,S01,29.7,50.0,S09,6,29.7,0.1,548,0.1,0.0,7.0,0.1,,,0.1,M12,PET / Aluminium foil / PE laminate,71,0.0,0.01,55,good,conventional (no gas modification),,,,,,N,588,Y,16.39,0.1878,16,,,,,,synthetic_rule_physics_model
SCN00222,C004,White sugar,dry_staple,ambient,S01,27.1,51.0,S09,24,27.2,0.25,365,0.1,0.0,7.0,0.1,,,0.4,M12,PET / Aluminium foil / PE laminate,71,0.0,0.01,55,good,conventional (no gas modification),,,,,,N,638,Y,12.12,0.1388,16,,,,,,synthetic_rule_physics_model
SCN00223,C004,White sugar,dry_staple,ambient,S02,34.2,78.0,S09,48,34.2,0.5,1460,0.1,0.0,7.0,0.1,,,0.0,M12,PET / Aluminium foil / PE laminate,71,0.0,0.01,55,good,conventional (no gas modification),,,,,,N,512,N,9.64,0.1104,16,,,,,,synthetic_rule_physics_model
SCN00224,C004,White sugar,dry_staple,ambient,S02,34.5,80.0,S09,24,34.6,0.25,1095,0.1,0.0,7.0,0.1,,,0.0,M12,PET / Aluminium foil / PE laminate,71,0.0,0.01,55,good,conventional (no gas modification),,,,,,N,492,N,12.12,0.1388,16,,,,,,synthetic_rule_physics_model
SCN00225,C004,White sugar,dry_staple,ambient,S02,33.9,79.0,S09,48,33.9,0.1,730,0.1,0.0,7.0,0.1,,,0.0,M12,PET / Aluminium foil / PE laminate,71,0.0,0.01,55,good,conventional (no gas modification),,,,,,N,535,N,16.39,0.1878,16,,,,,,synthetic_rule_physics_model
SCN00226,C004,White sugar,dry_staple,ambient,S02,34.3,81.0,S09,48,34.3,1.0,548,0.1,0.0,7.0,0.1,,,0.1,M12,PET / Aluminium foil / PE laminate,71,0.0,0.01,55,good,conventional (no gas modification),,,,,,N,463,N,7.67,0.0879,16,,,,,,synthetic_rule_physics_model
SCN00227,C004,White sugar,dry_staple,ambient,S01,28.5,60.0,S09,48,28.5,1.0,1460,0.1,0.0,7.0,0.1,,,0.1,M12,PET / Aluminium foil / PE laminate,71,0.0,0.01,55,good,conventional (no gas modification),,,,,,N,642,N,7.67,0.0879,16,,,,,,synthetic_rule_physics_model
SCN00228,C004,White sugar,dry_staple,ambient,S01,22.9,45.0,S09,48,23.0,0.5,365,0.1,0.0,7.0,0.1,,,0.8,M12,PET / Aluminium foil / PE laminate,71,0.0,0.01,55,good,conventional (no gas modification),,,,,,N,788,Y,9.64,0.1104,16,,,,,,synthetic_rule_physics_model
SCN00229,C004,White sugar,dry_staple,ambient,S01,28.1,55.0,S09,6,28.1,0.25,1095,0.1,0.0,7.0,0.1,,,0.1,M12,PET / Aluminium foil / PE laminate,71,0.0,0.01,55,good,conventional (no gas modification),,,,,,N,628,N,12.12,0.1388,16,,,,,,synthetic_rule_physics_model
SCN00230,C004,White sugar,dry_staple,ambient,S03,34.0,44.0,S09,6,34.0,0.1,1095,0.1,0.0,7.0,0.1,,,0.1,M12,PET / Aluminium foil / PE laminate,71,0.0,0.01,55,good,conventional (no gas modification),,,,,,N,496,N,16.39,0.1878,16,,,,,,synthetic_rule_physics_model
SCN00231,C004,White sugar,dry_staple,ambient,S01,22.9,48.0,S09,24,22.9,0.5,730,0.1,0.0,7.0,0.1,,,0.4,M12,PET / Aluminium foil / PE laminate,71,0.0,0.01,55,good,conventional (no gas modification),,,,,,N,749,Y,9.64,0.1104,16,,,,,,synthetic_rule_physics_model
SCN00232,C004,White sugar,dry_staple,ambient,S01,30.6,52.0,S09,24,30.6,0.5,548,0.1,0.0,7.0,0.1,,,0.2,M12,PET / Aluminium foil / PE laminate,71,0.0,0.01,55,good,conventional (no gas modification),,,,,,N,579,Y,9.64,0.1104,16,,,,,,synthetic_rule_physics_model
SCN00233,C004,White sugar,dry_staple,ambient,S03,38.9,20.0,S09,6,38.9,1.0,730,0.1,0.0,7.0,0.1,,,0.3,M12,PET / Aluminium foil / PE laminate,71,0.0,0.01,55,good,conventional (no gas modification),,,,,,N,420,N,7.67,0.0879,16,,,,,,synthetic_rule_physics_model
SCN00234,C004,White sugar,dry_staple,ambient,S01,22.8,54.0,S09,24,22.8,0.5,730,0.1,0.0,7.0,0.1,,,0.3,M12,PET / Aluminium foil / PE laminate,71,0.0,0.01,55,good,conventional (no gas modification),,,,,,N,844,Y,9.64,0.1104,16,,,,,,synthetic_rule_physics_model
SCN00235,C004,White sugar,dry_staple,ambient,S02,29.3,91.0,S09,48,29.4,1.0,548,0.1,0.0,7.0,0.1,,,0.2,M12,PET / Aluminium foil / PE laminate,71,0.0,0.01,55,good,conventional (no gas modification),,,,,,N,604,Y,7.67,0.0879,16,,,,,,synthetic_rule_physics_model
SCN00236,C004,White sugar,dry_staple,ambient,S03,41.5,33.0,S09,24,41.4,0.1,365,0.1,0.0,7.0,0.1,,,0.1,M12,PET / Aluminium foil / PE laminate,71,0.0,0.01,55,good,conventional (no gas modification),,,,,,N,388,Y,16.39,0.1878,16,,,,,,synthetic_rule_physics_model
SCN00237,C004,White sugar,dry_staple,ambient,S01,21.8,45.0,S09,6,21.8,1.0,1095,0.1,0.0,7.0,0.1,,,0.4,M12,PET / Aluminium foil / PE laminate,71,0.0,0.01,55,good,conventional (no gas modification),,,,,,N,866,N,7.67,0.0879,16,,,,,,synthetic_rule_physics_model
SCN00238,C004,White sugar,dry_staple,ambient,S01,26.6,40.0,S09,48,26.6,0.5,365,0.1,0.0,7.0,0.1,,,0.6,M12,PET / Aluminium foil / PE laminate,71,0.0,0.01,55,good,conventional (no gas modification),,,,,,N,699,Y,9.64,0.1104,16,,,,,,synthetic_rule_physics_model
SCN00239,C004,White sugar,dry_staple,ambient,S03,40.9,23.0,S09,48,40.9,0.25,1460,0.1,0.0,7.0,0.1,,,0.1,M12,PET / Aluminium foil / PE laminate,71,0.0,0.01,55,good,conventional (no gas modification),,,,,,N,362,N,12.12,0.1388,16,,,,,,synthetic_rule_physics_model
SCN00240,C004,White sugar,dry_staple,ambient,S01,24.3,60.0,S09,6,24.3,1.0,1460,0.1,0.0,7.0,0.1,,,0.2,M12,PET / Aluminium foil / PE laminate,71,0.0,0.01,55,good,conventional (no gas modification),,,,,,N,774,N,7.67,0.0879,16,,,,,,synthetic_rule_physics_model
SCN00241,C005,Turmeric powder,spice_beverage,ambient,S02,34.8,88.0,S09,24,34.8,0.1,548,9,3.0,6.0,0.45,,6.1,0.6,M12,PET / Aluminium foil / PE laminate,71,0.0,0.01,55,good,conventional (no gas modification),,,,,,N,168,N,16.39,0.1878,16,,,,,,synthetic_rule_physics_model
SCN00242,C005,Turmeric powder,spice_beverage,ambient,S01,25.7,56.0,S09,48,25.7,1.0,365,9,3.0,6.0,0.45,,31.5,14.2,M11,Metallised PET / PE laminate,52,1.5,0.8,60,good,conventional (no gas modification),,,,,,N,382,Y,2.43,0.0337,24,M15,PVDC-coated cellophane,30,340,,synthetic_rule_physics_model
SCN00243,C005,Turmeric powder,spice_beverage,ambient,S03,41.0,26.0,S09,6,41.0,1.0,365,9,3.0,6.0,0.45,,14.4,3.3,M11,Metallised PET / PE laminate,52,1.5,0.8,60,good,conventional (no gas modification),,,,,,N,109,N,2.43,0.0337,24,,,,,,synthetic_rule_physics_model
SCN00244,C005,Turmeric powder,spice_beverage,ambient,S01,26.5,56.0,S09,48,26.6,0.1,274,9,3.0,6.0,0.45,,18.7,8.1,M11,Metallised PET / PE laminate,52,1.5,0.8,60,good,conventional (no gas modification),,,,,,N,313,Y,5.2,0.072,24,M09,PE/EVOH/PE coextruded film,60,331,,synthetic_rule_physics_model
SCN00245,C005,Turmeric powder,spice_beverage,ambient,S03,41.1,27.0,S09,24,41.1,1.0,730,9,3.0,6.0,0.45,,7.2,1.6,M11,Metallised PET / PE laminate,52,1.5,0.8,60,good,conventional (no gas modification),,,,,,N,108,N,2.43,0.0337,24,,,,,,synthetic_rule_physics_model
SCN00246,C005,Turmeric powder,spice_beverage,ambient,S01,28.9,60.0,S09,6,28.9,0.5,182,9,3.0,6.0,0.45,,42.5,16.6,M11,Metallised PET / PE laminate,52,1.5,0.8,60,good,conventional (no gas modification),,,,,,N,250,Y,3.06,0.0424,24,M15,PVDC-coated cellophane,30,259,,synthetic_rule_physics_model
SCN00247,C005,Turmeric powder,spice_beverage,ambient,S01,29.2,64.0,S09,24,29.3,0.1,365,9,3.0,6.0,0.45,,12.2,3.7,M11,Metallised PET / PE laminate,52,1.5,0.8,60,good,conventional (no gas modification),,,,,,N,251,N,5.2,0.072,24,,,,,,synthetic_rule_physics_model
SCN00248,C005,Turmeric powder,spice_beverage,ambient,S03,35.2,37.0,S09,48,35.1,0.5,274,9,3.0,6.0,0.45,,20.4,6.1,M11,Metallised PET / PE laminate,52,1.5,0.8,60,good,conventional (no gas modification),,,,,,N,165,N,3.06,0.0424,24,,,,,,synthetic_rule_physics_model
SCN00249,C005,Turmeric powder,spice_beverage,ambient,S01,23.2,49.0,S09,24,23.2,1.0,365,9,3.0,6.0,0.45,,36.1,18.2,M11,Metallised PET / PE laminate,52,1.5,0.8,60,good,conventional (no gas modification),,,,,,N,421,Y,2.43,0.0337,24,M15,PVDC-coated cellophane,30,421,,synthetic_rule_physics_model
SCN00250,C005,Turmeric powder,spice_beverage,ambient,S01,24.3,47.0,S09,48,24.3,1.0,730,9,3.0,6.0,0.45,,17.0,8.1,M11,Metallised PET / PE laminate,52,1.5,0.8,60,good,conventional (no gas modification),,,,,,N,378,N,2.43,0.0337,24,M09,PE/EVOH/PE coextruded film,60,384,,synthetic_rule_physics_model
SCN00251,C005,Turmeric powder,spice_beverage,ambient,S01,26.7,55.0,S09,24,26.7,0.1,365,9,3.0,6.0,0.45,,14.0,6.0,M11,Metallised PET / PE laminate,52,1.5,0.8,60,good,conventional (no gas modification),,,,,,N,315,N,5.2,0.072,24,,,,,,synthetic_rule_physics_model
SCN00252,C005,Turmeric powder,spice_beverage,ambient,S03,40.9,44.0,S09,6,40.9,1.0,274,9,3.0,6.0,0.45,,19.3,4.5,M11,Metallised PET / PE laminate,52,1.5,0.8,60,good,conventional (no gas modification),,,,,,N,106,N,2.43,0.0337,24,,,,,,synthetic_rule_physics_model
SCN00253,C005,Turmeric powder,spice_beverage,ambient,S01,23.2,44.0,S09,6,23.2,0.5,548,9,3.0,6.0,0.45,,19.1,9.6,M11,Metallised PET / PE laminate,52,1.5,0.8,60,good,conventional (no gas modification),,,,,,N,394,N,3.06,0.0424,24,M09,PE/EVOH/PE coextruded film,60,451,,synthetic_rule_physics_model
SCN00254,C005,Turmeric powder,spice_beverage,ambient,S02,32.0,87.0,S09,24,32.0,0.1,548,9,3.0,6.0,0.45,,7.1,0.9,M11,Metallised PET / PE laminate,52,1.5,0.8,60,good,conventional (no gas modification),,,,,,N,215,N,5.2,0.072,24,,,,,,synthetic_rule_physics_model
SCN00255,C005,Turmeric powder,spice_beverage,ambient,S03,35.3,31.0,S09,24,35.3,0.25,365,9,3.0,6.0,0.45,,12.1,3.6,M11,Metallised PET / PE laminate,52,1.5,0.8,60,good,conventional (no gas modification),,,,,,N,157,N,3.85,0.0532,24,,,,,,synthetic_rule_physics_model
SCN00256,C005,Turmeric powder,spice_beverage,ambient,S02,33.6,85.0,S09,48,33.6,0.5,365,9,3.0,6.0,0.45,,16.6,2.0,M11,Metallised PET / PE laminate,52,1.5,0.8,60,good,conventional (no gas modification),,,,,,N,183,N,3.06,0.0424,24,,,,,,synthetic_rule_physics_model
SCN00257,C005,Turmeric powder,spice_beverage,ambient,S02,29.9,83.0,S09,6,29.9,0.1,730,9,3.0,6.0,0.45,,5.9,0.9,M11,Metallised PET / PE laminate,52,1.5,0.8,60,good,conventional (no gas modification),,,,,,N,236,N,5.2,0.072,24,,,,,,synthetic_rule_physics_model
SCN00258,C005,Turmeric powder,spice_beverage,ambient,S02,32.4,89.0,S09,24,32.4,1.0,274,9,3.0,6.0,0.45,,29.5,3.4,M11,Metallised PET / PE laminate,52,1.5,0.8,60,good,conventional (no gas modification),,,,,,N,208,N,2.43,0.0337,24,,,,,,synthetic_rule_physics_model
SCN00259,C005,Turmeric powder,spice_beverage,ambient,S01,30.2,60.0,S09,24,30.2,0.5,274,9,3.0,6.0,0.45,,26.4,9.7,M11,Metallised PET / PE laminate,52,1.5,0.8,60,good,conventional (no gas modification),,,,,,N,225,N,3.06,0.0424,24,M09,PE/EVOH/PE coextruded film,60,235,,synthetic_rule_physics_model
SCN00260,C005,Turmeric powder,spice_beverage,ambient,S02,28.6,95.0,S09,6,28.6,1.0,730,9,3.0,6.0,0.45,,13.5,1.6,M11,Metallised PET / PE laminate,52,1.5,0.8,60,good,conventional (no gas modification),,,,,,N,260,N,2.43,0.0337,24,,,,,,synthetic_rule_physics_model
SCN00261,C005,Turmeric powder,spice_beverage,ambient,S02,30.9,93.0,S09,6,30.9,0.1,182,9,3.0,6.0,0.45,,22.5,2.5,M11,Metallised PET / PE laminate,52,1.5,0.8,60,good,conventional (no gas modification),,,,,,N,225,Y,5.2,0.072,24,,,,,,synthetic_rule_physics_model
SCN00262,C005,Turmeric powder,spice_beverage,ambient,S02,28.4,95.0,S09,6,28.4,0.5,548,9,3.0,6.0,0.45,,14.5,1.7,M11,Metallised PET / PE laminate,52,1.5,0.8,60,good,conventional (no gas modification),,,,,,N,271,N,3.06,0.0424,24,,,,,,synthetic_rule_physics_model
SCN00263,C005,Turmeric powder,spice_beverage,ambient,S01,23.1,53.0,S09,24,23.1,0.25,548,9,3.0,6.0,0.45,,15.3,7.8,M11,Metallised PET / PE laminate,52,1.5,0.8,60,good,conventional (no gas modification),,,,,,N,401,N,3.85,0.0532,24,M09,PE/EVOH/PE coextruded film,60,442,,synthetic_rule_physics_model
SCN00264,C005,Turmeric powder,spice_beverage,ambient,S02,32.0,82.0,S09,6,32.0,1.0,182,9,3.0,6.0,0.45,,45.4,6.3,M11,Metallised PET / PE laminate,52,1.5,0.8,60,good,conventional (no gas modification),,,,,,N,217,Y,2.43,0.0337,24,,,,,,synthetic_rule_physics_model
SCN00265,C005,Turmeric powder,spice_beverage,ambient,S01,24.1,60.0,S09,48,24.1,0.1,548,9,3.0,6.0,0.45,,10.7,5.2,M11,Metallised PET / PE laminate,52,1.5,0.8,60,good,conventional (no gas modification),,,,,,N,369,N,5.2,0.072,24,,,,,,synthetic_rule_physics_model
SCN00266,C005,Turmeric powder,spice_beverage,ambient,S02,30.6,81.0,S09,48,30.5,0.5,182,9,3.0,6.0,0.45,,39.0,5.9,M11,Metallised PET / PE laminate,52,1.5,0.8,60,good,conventional (no gas modification),,,,,,N,243,Y,3.06,0.0424,24,,,,,,synthetic_rule_physics_model
SCN00267,C005,Turmeric powder,spice_beverage,ambient,S02,32.1,86.0,S09,24,32.1,1.0,274,9,3.0,6.0,0.45,,29.9,3.7,M11,Metallised PET / PE laminate,52,1.5,0.8,60,good,conventional (no gas modification),,,,,,N,190,N,2.43,0.0337,24,,,,,,synthetic_rule_physics_model
SCN00268,C005,Turmeric powder,spice_beverage,ambient,S02,29.5,88.0,S09,48,29.5,0.25,548,9,3.0,6.0,0.45,,10.9,1.4,M11,Metallised PET / PE laminate,52,1.5,0.8,60,good,conventional (no gas modification),,,,,,N,255,N,3.85,0.0532,24,,,,,,synthetic_rule_physics_model
SCN00269,C005,Turmeric powder,spice_beverage,ambient,S01,23.3,58.0,S09,24,23.4,0.25,365,9,3.0,6.0,0.45,,22.7,11.4,M11,Metallised PET / PE laminate,52,1.5,0.8,60,good,conventional (no gas modification),,,,,,N,416,Y,3.85,0.0532,24,M09,PE/EVOH/PE coextruded film,60,418,,synthetic_rule_physics_model
SCN00270,C005,Turmeric powder,spice_beverage,ambient,S02,31.9,94.0,S09,6,31.9,1.0,730,9,3.0,6.0,0.45,,11.4,1.2,M11,Metallised PET / PE laminate,52,1.5,0.8,60,good,conventional (no gas modification),,,,,,N,216,N,2.43,0.0337,24,,,,,,synthetic_rule_physics_model
SCN00271,C005,Turmeric powder,spice_beverage,ambient,S01,30.1,55.0,S09,48,30.2,0.5,730,9,3.0,6.0,0.45,,9.9,3.6,M11,Metallised PET / PE laminate,52,1.5,0.8,60,good,conventional (no gas modification),,,,,,N,247,N,3.06,0.0424,24,,,,,,synthetic_rule_physics_model
SCN00272,C005,Turmeric powder,spice_beverage,ambient,S01,23.7,45.0,S09,6,23.7,1.0,730,9,3.0,6.0,0.45,,17.6,8.7,M11,Metallised PET / PE laminate,52,1.5,0.8,60,good,conventional (no gas modification),,,,,,N,410,N,2.43,0.0337,24,M09,PE/EVOH/PE coextruded film,60,390,,synthetic_rule_physics_model
SCN00273,C005,Turmeric powder,spice_beverage,ambient,S02,32.3,93.0,S09,24,32.3,0.25,548,9,3.0,6.0,0.45,,9.4,1.0,M11,Metallised PET / PE laminate,52,1.5,0.8,60,good,conventional (no gas modification),,,,,,N,202,N,3.85,0.0532,24,,,,,,synthetic_rule_physics_model
SCN00274,C005,Turmeric powder,spice_beverage,ambient,S01,23.8,51.0,S09,6,23.8,0.1,548,9,3.0,6.0,0.45,,10.9,5.4,M11,Metallised PET / PE laminate,52,1.5,0.8,60,good,conventional (no gas modification),,,,,,N,407,N,5.2,0.072,24,,,,,,synthetic_rule_physics_model
SCN00275,C005,Turmeric powder,spice_beverage,ambient,S02,33.2,83.0,S09,6,33.2,1.0,548,9,3.0,6.0,0.45,,14.1,1.8,M11,Metallised PET / PE laminate,52,1.5,0.8,60,good,conventional (no gas modification),,,,,,N,198,N,2.43,0.0337,24,,,,,,synthetic_rule_physics_model
SCN00276,C005,Turmeric powder,spice_beverage,ambient,S01,20.4,59.0,S09,24,20.4,0.5,274,9,3.0,6.0,0.45,,44.7,25.8,M11,Metallised PET / PE laminate,52,1.5,0.8,60,good,conventional (no gas modification),,,,,,N,491,Y,3.06,0.0424,24,M15,PVDC-coated cellophane,30,510,,synthetic_rule_physics_model
SCN00277,C005,Turmeric powder,spice_beverage,ambient,S02,32.1,86.0,S09,6,32.1,0.5,730,9,3.0,6.0,0.45,,9.0,1.1,M11,Metallised PET / PE laminate,52,1.5,0.8,60,good,conventional (no gas modification),,,,,,N,209,N,3.06,0.0424,24,,,,,,synthetic_rule_physics_model
SCN00278,C005,Turmeric powder,spice_beverage,ambient,S01,25.1,58.0,S09,24,25.1,0.1,548,9,3.0,6.0,0.45,,10.1,4.7,M11,Metallised PET / PE laminate,52,1.5,0.8,60,good,conventional (no gas modification),,,,,,N,346,N,5.2,0.072,24,,,,,,synthetic_rule_physics_model
SCN00279,C005,Turmeric powder,spice_beverage,ambient,S01,29.8,51.0,S09,48,29.9,0.25,274,9,3.0,6.0,0.45,,21.3,7.9,M11,Metallised PET / PE laminate,52,1.5,0.8,60,good,conventional (no gas modification),,,,,,N,241,N,3.85,0.0532,24,M09,PE/EVOH/PE coextruded film,60,244,,synthetic_rule_physics_model
SCN00280,C005,Turmeric powder,spice_beverage,ambient,S02,33.1,78.0,S09,48,33.0,0.25,182,9,3.0,6.0,0.45,,27.3,4.0,M11,Metallised PET / PE laminate,52,1.5,0.8,60,good,conventional (no gas modification),,,,,,N,190,Y,3.85,0.0532,24,,,,,,synthetic_rule_physics_model
SCN00281,C005,Turmeric powder,spice_beverage,ambient,S02,30.6,89.0,S09,24,30.6,0.1,274,9,3.0,6.0,0.45,,15.2,1.9,M11,Metallised PET / PE laminate,52,1.5,0.8,60,good,conventional (no gas modification),,,,,,N,241,N,5.2,0.072,24,,,,,,synthetic_rule_physics_model
SCN00282,C005,Turmeric powder,spice_beverage,ambient,S03,41.9,42.0,S09,48,41.9,0.25,274,9,3.0,6.0,0.45,,11.6,2.6,M11,Metallised PET / PE laminate,52,1.5,0.8,60,good,conventional (no gas modification),,,,,,N,95,N,3.85,0.0532,24,,,,,,synthetic_rule_physics_model
SCN00283,C005,Turmeric powder,spice_beverage,ambient,S03,34.7,24.0,S09,6,34.7,1.0,548,9,3.0,6.0,0.45,,13.1,4.0,M11,Metallised PET / PE laminate,52,1.5,0.8,60,good,conventional (no gas modification),,,,,,N,174,N,2.43,0.0337,24,,,,,,synthetic_rule_physics_model
SCN00284,C005,Turmeric powder,spice_beverage,ambient,S02,35.0,77.0,S09,24,35.0,0.5,548,9,3.0,6.0,0.45,,10.3,1.4,M11,Metallised PET / PE laminate,52,1.5,0.8,60,good,conventional (no gas modification),,,,,,N,165,N,3.06,0.0424,24,,,,,,synthetic_rule_physics_model
SCN00285,C005,Turmeric powder,spice_beverage,ambient,S02,33.9,90.0,S09,48,33.9,0.5,182,9,3.0,6.0,0.45,,32.8,3.4,M11,Metallised PET / PE laminate,52,1.5,0.8,60,good,conventional (no gas modification),,,,,,N,182,Y,3.06,0.0424,24,,,,,,synthetic_rule_physics_model
SCN00286,C005,Turmeric powder,spice_beverage,ambient,S01,31.6,61.0,S09,48,31.6,0.5,365,9,3.0,6.0,0.45,,18.4,6.1,M11,Metallised PET / PE laminate,52,1.5,0.8,60,good,conventional (no gas modification),,,,,,N,207,N,3.06,0.0424,24,,,,,,synthetic_rule_physics_model
SCN00287,C005,Turmeric powder,spice_beverage,ambient,S02,30.7,89.0,S09,6,30.7,1.0,182,9,3.0,6.0,0.45,,48.4,6.0,M11,Metallised PET / PE laminate,52,1.5,0.8,60,good,conventional (no gas modification),,,,,,N,226,Y,2.43,0.0337,24,,,,,,synthetic_rule_physics_model
SCN00288,C005,Turmeric powder,spice_beverage,ambient,S03,31.9,31.0,S09,6,31.9,0.25,365,9,3.0,6.0,0.45,,14.4,4.9,M11,Metallised PET / PE laminate,52,1.5,0.8,60,good,conventional (no gas modification),,,,,,N,224,N,3.85,0.0532,24,,,,,,synthetic_rule_physics_model
SCN00289,C005,Turmeric powder,spice_beverage,ambient,S01,24.3,42.0,S09,48,24.4,0.1,548,9,3.0,6.0,0.45,,10.6,5.1,M11,Metallised PET / PE laminate,52,1.5,0.8,60,good,conventional (no gas modification),,,,,,N,361,N,5.2,0.072,24,,,,,,synthetic_rule_physics_model
SCN00290,C005,Turmeric powder,spice_beverage,ambient,S01,28.4,46.0,S09,24,28.4,0.1,274,9,3.0,6.0,0.45,,17.0,6.8,M11,Metallised PET / PE laminate,52,1.5,0.8,60,good,conventional (no gas modification),,,,,,N,292,Y,5.2,0.072,24,,,,,,synthetic_rule_physics_model
SCN00291,C005,Turmeric powder,spice_beverage,ambient,S02,31.6,75.0,S09,24,31.5,1.0,274,9,3.0,6.0,0.45,,30.9,5.3,M11,Metallised PET / PE laminate,52,1.5,0.8,60,good,conventional (no gas modification),,,,,,N,223,N,2.43,0.0337,24,,,,,,synthetic_rule_physics_model
SCN00292,C005,Turmeric powder,spice_beverage,ambient,S01,24.6,58.0,S09,24,24.6,0.5,274,9,3.0,6.0,0.45,,35.4,16.8,M11,Metallised PET / PE laminate,52,1.5,0.8,60,good,conventional (no gas modification),,,,,,N,380,Y,3.06,0.0424,24,M15,PVDC-coated cellophane,30,351,,synthetic_rule_physics_model
SCN00293,C005,Turmeric powder,spice_beverage,ambient,S01,31.9,44.0,S09,24,31.9,0.25,548,9,3.0,6.0,0.45,,9.6,3.3,M11,Metallised PET / PE laminate,52,1.5,0.8,60,good,conventional (no gas modification),,,,,,N,210,N,3.85,0.0532,24,,,,,,synthetic_rule_physics_model
SCN00294,C005,Turmeric powder,spice_beverage,ambient,S01,24.9,57.0,S09,6,24.9,0.1,274,9,3.0,6.0,0.45,,20.5,9.5,M11,Metallised PET / PE laminate,52,1.5,0.8,60,good,conventional (no gas modification),,,,,,N,346,Y,5.2,0.072,24,M09,PE/EVOH/PE coextruded film,60,354,,synthetic_rule_physics_model
SCN00295,C005,Turmeric powder,spice_beverage,ambient,S03,33.8,23.0,S09,48,33.7,0.5,182,9,3.0,6.0,0.45,,33.1,10.4,M11,Metallised PET / PE laminate,52,1.5,0.8,60,good,conventional (no gas modification),,,,,,N,180,Y,3.06,0.0424,24,M09,PE/EVOH/PE coextruded film,60,187,,synthetic_rule_physics_model
SCN00296,C005,Turmeric powder,spice_beverage,ambient,S02,29.5,83.0,S09,24,29.5,0.25,548,9,3.0,6.0,0.45,,10.8,1.6,M11,Metallised PET / PE laminate,52,1.5,0.8,60,good,conventional (no gas modification),,,,,,N,251,N,3.85,0.0532,24,,,,,,synthetic_rule_physics_model
SCN00297,C005,Turmeric powder,spice_beverage,ambient,S01,26.0,55.0,S09,6,26.0,0.5,365,9,3.0,6.0,0.45,,24.7,11.0,M11,Metallised PET / PE laminate,52,1.5,0.8,60,good,conventional (no gas modification),,,,,,N,318,N,3.06,0.0424,24,M09,PE/EVOH/PE coextruded film,60,354,,synthetic_rule_physics_model
SCN00298,C005,Turmeric powder,spice_beverage,ambient,S02,32.4,78.0,S09,48,32.5,0.1,182,9,3.0,6.0,0.45,,20.7,3.1,M11,Metallised PET / PE laminate,52,1.5,0.8,60,good,conventional (no gas modification),,,,,,N,208,Y,5.2,0.072,24,,,,,,synthetic_rule_physics_model
SCN00299,C005,Turmeric powder,spice_beverage,ambient,S01,20.7,60.0,S09,48,20.8,1.0,548,9,3.0,6.0,0.45,,27.5,15.6,M11,Metallised PET / PE laminate,52,1.5,0.8,60,good,conventional (no gas modification),,,,,,N,516,N,2.43,0.0337,24,M15,PVDC-coated cellophane,30,485,,synthetic_rule_physics_model
SCN00300,C005,Turmeric powder,spice_beverage,ambient,S02,29.2,77.0,S09,24,29.2,0.25,730,9,3.0,6.0,0.45,,8.3,1.5,M11,Metallised PET / PE laminate,52,1.5,0.8,60,good,conventional (no gas modification),,,,,,N,270,N,3.85,0.0532,24,,,,,,synthetic_rule_physics_model
SCN00301,C006,Red chilli powder,spice_beverage,ambient,S01,27.6,61.0,S09,6,27.6,1.0,202,10,12,5.5,0.45,,25.7,20.1,M11,Metallised PET / PE laminate,52,1.5,0.8,60,good,conventional (no gas modification),,,,,,N,218,Y,2.43,0.0337,24,M15,PVDC-coated cellophane,30,237,,synthetic_rule_physics_model
SCN00302,C006,Red chilli powder,spice_beverage,ambient,S01,27.3,41.0,S09,6,27.4,0.25,135,10,12,5.5,0.45,,24.7,20.6,M11,Metallised PET / PE laminate,52,1.5,0.8,60,good,conventional (no gas modification),,,,,,N,218,Y,3.85,0.0532,24,M15,PVDC-coated cellophane,30,208,,synthetic_rule_physics_model
SCN00303,C006,Red chilli powder,spice_beverage,ambient,S01,31.4,53.0,S09,6,31.4,0.25,270,10,12,5.5,0.45,,10.0,6.9,M11,Metallised PET / PE laminate,52,1.5,0.8,60,good,conventional (no gas modification),,,,,,N,158,N,3.85,0.0532,24,,,,,,synthetic_rule_physics_model
SCN00304,C006,Red chilli powder,spice_beverage,ambient,S02,28.9,93.0,S09,48,29.0,0.1,270,10,12,5.5,0.45,,8.4,2.0,M11,Metallised PET / PE laminate,52,1.5,0.8,60,good,conventional (no gas modification),,,,,,N,178,N,5.2,0.072,24,,,,,,synthetic_rule_physics_model
SCN00305,C006,Red chilli powder,spice_beverage,ambient,S03,37.5,32.0,S09,6,37.5,0.25,270,10,12,5.5,0.45,,7.3,3.9,M11,Metallised PET / PE laminate,52,1.5,0.8,60,good,conventional (no gas modification),,,,,,N,95,N,3.85,0.0532,24,,,,,,synthetic_rule_physics_model
SCN00306,C006,Red chilli powder,spice_beverage,ambient,S02,33.8,80.0,S09,6,33.8,0.1,202,10,12,5.5,0.45,,8.7,2.4,M11,Metallised PET / PE laminate,52,1.5,0.8,60,good,conventional (no gas modification),,,,,,N,132,N,5.2,0.072,24,,,,,,synthetic_rule_physics_model
SCN00307,C006,Red chilli powder,spice_beverage,ambient,S02,31.1,78.0,S09,24,31.1,1.0,202,10,12,5.5,0.45,,21.4,6.9,M11,Metallised PET / PE laminate,52,1.5,0.8,60,good,conventional (no gas modification),,,,,,N,163,N,2.43,0.0337,24,,,,,,synthetic_rule_physics_model
SCN00308,C006,Red chilli powder,spice_beverage,ambient,S01,29.9,54.0,S09,6,29.9,0.1,202,10,12,5.5,0.45,,10.7,7.9,M11,Metallised PET / PE laminate,52,1.5,0.8,60,good,conventional (no gas modification),,,,,,N,195,N,5.2,0.072,24,M09,PE/EVOH/PE coextruded film,60,186,,synthetic_rule_physics_model
SCN00309,C006,Red chilli powder,spice_beverage,ambient,S03,30.8,32.0,S09,48,31.0,0.5,135,10,12,5.5,0.45,,25.7,18.3,M11,Metallised PET / PE laminate,52,1.5,0.8,60,good,conventional (no gas modification),,,,,,N,147,Y,3.06,0.0424,24,M15,PVDC-coated cellophane,30,158,,synthetic_rule_physics_model
SCN00310,C006,Red chilli powder,spice_beverage,ambient,S01,29.4,58.0,S09,48,29.4,1.0,202,10,12,5.5,0.45,,23.4,17.8,M11,Metallised PET / PE laminate,52,1.5,0.8,60,good,conventional (no gas modification),,,,,,N,189,N,2.43,0.0337,24,M15,PVDC-coated cellophane,30,197,,synthetic_rule_physics_model
SCN00311,C006,Red chilli powder,spice_beverage,ambient,S01,20.1,50.0,S09,6,20.1,0.1,270,10,12,5.5,0.45,,13.6,15.9,M11,Metallised PET / PE laminate,52,1.5,0.8,60,good,conventional (no gas modification),,,,,,N,389,Y,5.2,0.072,24,M15,PVDC-coated cellophane,30,358,,synthetic_rule_physics_model
SCN00312,C006,Red chilli powder,spice_beverage,ambient,S02,30.5,79.0,S09,48,30.5,0.1,202,10,12,5.5,0.45,,10.3,3.3,M11,Metallised PET / PE laminate,52,1.5,0.8,60,good,conventional (no gas modification),,,,,,N,164,N,5.2,0.072,24,,,,,,synthetic_rule_physics_model
SCN00313,C006,Red chilli powder,spice_beverage,ambient,S01,20.5,46.0,S09,48,20.6,0.5,405,10,12,5.5,0.45,,15.0,17.1,M11,Metallised PET / PE laminate,52,1.5,0.8,60,good,conventional (no gas modification),,,,,,N,396,N,3.06,0.0424,24,M15,PVDC-coated cellophane,30,394,,synthetic_rule_physics_model
SCN00314,C006,Red chilli powder,spice_beverage,ambient,S01,29.8,42.0,S09,24,29.9,0.25,202,10,12,5.5,0.45,,14.5,10.8,M11,Metallised PET / PE laminate,52,1.5,0.8,60,good,conventional (no gas modification),,,,,,N,180,N,3.85,0.0532,24,M09,PE/EVOH/PE coextruded film,60,186,,synthetic_rule_physics_model
SCN00315,C006,Red chilli powder,spice_beverage,ambient,S03,38.4,38.0,S09,6,38.4,0.1,202,10,12,5.5,0.45,,6.9,3.6,M11,Metallised PET / PE laminate,52,1.5,0.8,60,good,conventional (no gas modification),,,,,,N,89,N,5.2,0.072,24,,,,,,synthetic_rule_physics_model
SCN00316,C006,Red chilli powder,spice_beverage,ambient,S01,22.0,52.0,S09,24,22.0,0.25,405,10,12,5.5,0.45,,11.0,11.8,M11,Metallised PET / PE laminate,52,1.5,0.8,60,good,conventional (no gas modification),,,,,,N,329,N,3.85,0.0532,24,M09,PE/EVOH/PE coextruded film,60,320,,synthetic_rule_physics_model
SCN00317,C006,Red chilli powder,spice_beverage,ambient,S01,29.7,48.0,S09,6,29.7,0.25,270,10,12,5.5,0.45,,10.9,8.2,M11,Metallised PET / PE laminate,52,1.5,0.8,60,good,conventional (no gas modification),,,,,,N,186,N,3.85,0.0532,24,M09,PE/EVOH/PE coextruded film,60,187,,synthetic_rule_physics_model
SCN00318,C006,Red chilli powder,spice_beverage,ambient,S01,26.2,57.0,S09,24,26.2,0.1,405,10,12,5.5,0.45,,6.5,5.7,M11,Metallised PET / PE laminate,52,1.5,0.8,60,good,conventional (no gas modification),,,,,,N,248,N,5.2,0.072,24,,,,,,synthetic_rule_physics_model
SCN00319,C006,Red chilli powder,spice_beverage,ambient,S02,32.4,77.0,S09,6,32.4,0.1,135,10,12,5.5,0.45,,14.0,4.4,M11,Metallised PET / PE laminate,52,1.5,0.8,60,good,conventional (no gas modification),,,,,,N,154,Y,5.2,0.072,24,,,,,,synthetic_rule_physics_model
SCN00320,C006,Red chilli powder,spice_beverage,ambient,S01,29.9,49.0,S09,6,29.9,0.5,135,10,12,5.5,0.45,,27.1,20.2,M11,Metallised PET / PE laminate,52,1.5,0.8,60,good,conventional (no gas modification),,,,,,N,162,Y,3.06,0.0424,24,M15,PVDC-coated cellophane,30,184,,synthetic_rule_physics_model
SCN00321,C006,Red chilli powder,spice_beverage,ambient,S02,34.5,77.0,S09,24,34.5,0.1,135,10,12,5.5,0.45,,12.6,3.6,M11,Metallised PET / PE laminate,52,1.5,0.8,60,good,conventional (no gas modification),,,,,,N,122,N,5.2,0.072,24,,,,,,synthetic_rule_physics_model
SCN00322,C006,Red chilli powder,spice_beverage,ambient,S01,31.1,51.0,S09,6,31.1,1.0,405,10,12,5.5,0.45,,10.7,7.5,M11,Metallised PET / PE laminate,52,1.5,0.8,60,good,conventional (no gas modification),,,,,,N,154,N,2.43,0.0337,24,M09,PE/EVOH/PE coextruded film,60,174,,synthetic_rule_physics_model
SCN00323,C006,Red chilli powder,spice_beverage,ambient,S01,25.4,44.0,S09,24,25.4,0.5,405,10,12,5.5,0.45,,11.5,10.5,M11,Metallised PET / PE laminate,52,1.5,0.8,60,good,conventional (no gas modification),,,,,,N,271,N,3.06,0.0424,24,M09,PE/EVOH/PE coextruded film,60,254,,synthetic_rule_physics_model
SCN00324,C006,Red chilli powder,spice_beverage,ambient,S01,24.6,50.0,S09,6,24.6,0.25,540,10,12,5.5,0.45,,7.2,6.8,M11,Metallised PET / PE laminate,52,1.5,0.8,60,good,conventional (no gas modification),,,,,,N,299,N,3.85,0.0532,24,,,,,,synthetic_rule_physics_model
SCN00325,C006,Red chilli powder,spice_beverage,ambient,S01,26.5,52.0,S09,6,26.5,1.0,270,10,12,5.5,0.45,,20.4,17.6,M11,Metallised PET / PE laminate,52,1.5,0.8,60,good,conventional (no gas modification),,,,,,N,236,N,2.43,0.0337,24,M15,PVDC-coated cellophane,30,250,,synthetic_rule_physics_model
SCN00326,C006,Red chilli powder,spice_beverage,ambient,S01,29.7,47.0,S09,6,29.7,0.5,540,10,12,5.5,0.45,,6.8,5.1,M11,Metallised PET / PE laminate,52,1.5,0.8,60,good,conventional (no gas modification),,,,,,N,184,N,3.06,0.0424,24,,,,,,synthetic_rule_physics_model
SCN00327,C006,Red chilli powder,spice_beverage,ambient,S03,31.2,36.0,S09,48,31.3,0.1,202,10,12,5.5,0.45,,9.9,7.0,M11,Metallised PET / PE laminate,52,1.5,0.8,60,good,conventional (no gas modification),,,,,,N,167,N,5.2,0.072,24,,,,,,synthetic_rule_physics_model
SCN00328,C006,Red chilli powder,spice_beverage,ambient,S01,30.1,61.0,S09,6,30.1,0.5,540,10,12,5.5,0.45,,6.7,4.6,M11,Metallised PET / PE laminate,52,1.5,0.8,60,good,conventional (no gas modification),,,,,,N,167,N,3.06,0.0424,24,,,,,,synthetic_rule_physics_model
SCN00329,C006,Red chilli powder,spice_beverage,ambient,S02,30.8,86.0,S09,24,30.8,1.0,540,10,12,5.5,0.45,,8.1,2.1,M11,Metallised PET / PE laminate,52,1.5,0.8,60,good,conventional (no gas modification),,,,,,N,167,N,2.43,0.0337,24,,,,,,synthetic_rule_physics_model
SCN00330,C006,Red chilli powder,spice_beverage,ambient,S01,27.2,40.0,S09,24,27.2,0.25,202,10,12,5.5,0.45,,16.6,13.9,M11,Metallised PET / PE laminate,52,1.5,0.8,60,good,conventional (no gas modification),,,,,,N,226,Y,3.85,0.0532,24,M15,PVDC-coated cellophane,30,220,,synthetic_rule_physics_model
SCN00331,C006,Red chilli powder,spice_beverage,ambient,S03,33.9,21.0,S09,24,33.9,0.1,540,10,12,5.5,0.45,,3.2,2.0,M11,Metallised PET / PE laminate,52,1.5,0.8,60,good,conventional (no gas modification),,,,,,N,117,N,5.2,0.072,24,,,,,,synthetic_rule_physics_model
SCN00332,C006,Red chilli powder,spice_beverage,ambient,S03,34.5,44.0,S09,6,34.5,0.5,270,10,12,5.5,0.45,,10.7,6.5,M11,Metallised PET / PE laminate,52,1.5,0.8,60,good,conventional (no gas modification),,,,,,N,131,N,3.06,0.0424,24,,,,,,synthetic_rule_physics_model
SCN00333,C006,Red chilli powder,spice_beverage,ambient,S02,33.1,85.0,S09,48,33.2,0.5,202,10,12,5.5,0.45,,15.3,3.7,M11,Metallised PET / PE laminate,52,1.5,0.8,60,good,conventional (no gas modification),,,,,,N,136,N,3.06,0.0424,24,,,,,,synthetic_rule_physics_model
SCN00334,C006,Red chilli powder,spice_beverage,ambient,S02,29.4,81.0,S09,24,29.4,0.1,540,10,12,5.5,0.45,,4.1,1.3,M11,Metallised PET / PE laminate,52,1.5,0.8,60,good,conventional (no gas modification),,,,,,N,195,N,5.2,0.072,24,,,,,,synthetic_rule_physics_model
SCN00335,C006,Red chilli powder,spice_beverage,ambient,S02,29.5,81.0,S09,6,29.5,0.1,405,10,12,5.5,0.45,,5.4,1.7,M11,Metallised PET / PE laminate,52,1.5,0.8,60,good,conventional (no gas modification),,,,,,N,176,N,5.2,0.072,24,,,,,,synthetic_rule_physics_model
SCN00336,C006,Red chilli powder,spice_beverage,ambient,S01,20.9,49.0,S09,24,21.0,0.1,270,10,12,5.5,0.45,,12.9,14.5,M11,Metallised PET / PE laminate,52,1.5,0.8,60,good,conventional (no gas modification),,,,,,N,387,Y,5.2,0.072,24,M15,PVDC-coated cellophane,30,326,,synthetic_rule_physics_model
SCN00337,C006,Red chilli powder,spice_beverage,ambient,S02,30.8,91.0,S09,6,30.8,1.0,405,10,12,5.5,0.45,,10.8,2.5,M11,Metallised PET / PE laminate,52,1.5,0.8,60,good,conventional (no gas modification),,,,,,N,172,N,2.43,0.0337,24,,,,,,synthetic_rule_physics_model
SCN00338,C006,Red chilli powder,spice_beverage,ambient,S01,26.6,43.0,S09,24,26.6,0.25,202,10,12,5.5,0.45,,17.2,14.8,M11,Metallised PET / PE laminate,52,1.5,0.8,60,good,conventional (no gas modification),,,,,,N,229,Y,3.85,0.0532,24,M15,PVDC-coated cellophane,30,252,,synthetic_rule_physics_model
SCN00339,C006,Red chilli powder,spice_beverage,ambient,S01,23.8,64.0,S09,48,23.9,1.0,202,10,12,5.5,0.45,,31.5,24.6,M11,Metallised PET / PE laminate,52,1.5,0.8,60,good,conventional (no gas modification),,,,,,N,307,Y,2.43,0.0337,24,M15,PVDC-coated cellophane,30,322,,synthetic_rule_physics_model
SCN00340,C006,Red chilli powder,spice_beverage,ambient,S03,34.1,45.0,S09,48,34.1,1.0,202,10,12,5.5,0.45,,18.4,11.4,M11,Metallised PET / PE laminate,52,1.5,0.8,60,good,conventional (no gas modification),,,,,,N,132,N,2.43,0.0337,24,M09,PE/EVOH/PE coextruded film,60,129,,synthetic_rule_physics_model
SCN00341,C006,Red chilli powder,spice_beverage,ambient,S01,22.5,45.0,S09,24,22.5,0.5,270,10,12,5.5,0.45,,20.2,21.0,M11,Metallised PET / PE laminate,52,1.5,0.8,60,good,conventional (no gas modification),,,,,,N,327,Y,3.06,0.0424,24,M15,PVDC-coated cellophane,30,332,,synthetic_rule_physics_model
SCN00342,C006,Red chilli powder,spice_beverage,ambient,S02,34.7,78.0,S09,24,34.7,0.5,540,10,12,5.5,0.45,,5.3,1.4,M11,Metallised PET / PE laminate,52,1.5,0.8,60,good,conventional (no gas modification),,,,,,N,122,N,3.06,0.0424,24,,,,,,synthetic_rule_physics_model
SCN00343,C006,Red chilli powder,spice_beverage,ambient,S01,20.3,44.0,S09,24,20.3,0.1,270,10,12,5.5,0.45,,13.4,15.5,M11,Metallised PET / PE laminate,52,1.5,0.8,60,good,conventional (no gas modification),,,,,,N,365,Y,5.2,0.072,24,M15,PVDC-coated cellophane,30,354,,synthetic_rule_physics_model
SCN00344,C006,Red chilli powder,spice_beverage,ambient,S01,27.7,50.0,S09,6,27.7,0.25,405,10,12,5.5,0.45,,8.1,6.6,M11,Metallised PET / PE laminate,52,1.5,0.8,60,good,conventional (no gas modification),,,,,,N,215,N,3.85,0.0532,24,,,,,,synthetic_rule_physics_model
SCN00345,C006,Red chilli powder,spice_beverage,ambient,S01,23.2,42.0,S09,48,23.3,0.1,270,10,12,5.5,0.45,,11.3,11.4,M11,Metallised PET / PE laminate,52,1.5,0.8,60,good,conventional (no gas modification),,,,,,N,324,Y,5.2,0.072,24,M09,PE/EVOH/PE coextruded film,60,293,,synthetic_rule_physics_model
SCN00346,C006,Red chilli powder,spice_beverage,ambient,S01,20.7,50.0,S09,6,20.7,1.0,540,10,12,5.5,0.45,,14.0,15.9,M11,Metallised PET / PE laminate,52,1.5,0.8,60,good,conventional (no gas modification),,,,,,N,398,N,2.43,0.0337,24,M15,PVDC-coated cellophane,30,379,,synthetic_rule_physics_model
SCN00347,C006,Red chilli powder,spice_beverage,ambient,S03,38.6,33.0,S09,24,38.6,0.25,135,10,12,5.5,0.45,,13.9,7.1,M11,Metallised PET / PE laminate,52,1.5,0.8,60,good,conventional (no gas modification),,,,,,N,87,N,3.85,0.0532,24,M09,PE/EVOH/PE coextruded film,60,92,,synthetic_rule_physics_model
SCN00348,C006,Red chilli powder,spice_beverage,ambient,S03,39.7,23.0,S09,48,39.7,1.0,202,10,12,5.5,0.45,,13.9,6.8,M11,Metallised PET / PE laminate,52,1.5,0.8,60,good,conventional (no gas modification),,,,,,N,87,N,2.43,0.0337,24,,,,,,synthetic_rule_physics_model
SCN00349,C006,Red chilli powder,spice_beverage,ambient,S01,27.1,48.0,S09,48,27.2,0.1,405,10,12,5.5,0.45,,6.1,5.2,M11,Metallised PET / PE laminate,52,1.5,0.8,60,good,conventional (no gas modification),,,,,,N,218,N,5.2,0.072,24,,,,,,synthetic_rule_physics_model
SCN00350,C006,Red chilli powder,spice_beverage,ambient,S01,25.5,62.0,S09,24,25.6,1.0,135,10,12,5.5,0.45,,42.9,34.6,M11,Metallised PET / PE laminate,52,1.5,0.8,60,good,conventional (no gas modification),,,,,,N,263,Y,2.43,0.0337,24,M15,PVDC-coated cellophane,30,265,,synthetic_rule_physics_model
SCN00351,C006,Red chilli powder,spice_beverage,ambient,S02,35.7,77.0,S09,24,35.7,0.5,540,10,12,5.5,0.45,,5.0,1.4,M11,Metallised PET / PE laminate,52,1.5,0.8,60,good,conventional (no gas modification),,,,,,N,115,N,3.06,0.0424,24,,,,,,synthetic_rule_physics_model
SCN00352,C006,Red chilli powder,spice_beverage,ambient,S03,33.2,36.0,S09,24,33.2,0.25,270,10,12,5.5,0.45,,9.1,5.9,M11,Metallised PET / PE laminate,52,1.5,0.8,60,good,conventional (no gas modification),,,,,,N,141,N,3.85,0.0532,24,,,,,,synthetic_rule_physics_model
SCN00353,C006,Red chilli powder,spice_beverage,ambient,S02,28.3,93.0,S09,24,28.3,1.0,270,10,12,5.5,0.45,,18.5,4.7,M11,Metallised PET / PE laminate,52,1.5,0.8,60,good,conventional (no gas modification),,,,,,N,214,N,2.43,0.0337,24,,,,,,synthetic_rule_physics_model
SCN00354,C006,Red chilli powder,spice_beverage,ambient,S01,29.8,48.0,S09,6,29.8,0.1,202,10,12,5.5,0.45,,10.7,8.0,M11,Metallised PET / PE laminate,52,1.5,0.8,60,good,conventional (no gas modification),,,,,,N,177,N,5.2,0.072,24,M09,PE/EVOH/PE coextruded film,60,192,,synthetic_rule_physics_model
SCN00355,C006,Red chilli powder,spice_beverage,ambient,S02,30.6,90.0,S09,24,30.5,1.0,202,10,12,5.5,0.45,,22.0,5.4,M11,Metallised PET / PE laminate,52,1.5,0.8,60,good,conventional (no gas modification),,,,,,N,169,N,2.43,0.0337,24,,,,,,synthetic_rule_physics_model
SCN00356,C006,Red chilli powder,spice_beverage,ambient,S03,39.9,33.0,S09,48,39.8,1.0,202,10,12,5.5,0.45,,13.8,6.8,M11,Metallised PET / PE laminate,52,1.5,0.8,60,good,conventional (no gas modification),,,,,,N,74,N,2.43,0.0337,24,,,,,,synthetic_rule_physics_model
SCN00357,C006,Red chilli powder,spice_beverage,ambient,S03,30.3,25.0,S09,24,30.4,0.25,135,10,12,5.5,0.45,,21.0,15.3,M11,Metallised PET / PE laminate,52,1.5,0.8,60,good,conventional (no gas modification),,,,,,N,178,Y,3.85,0.0532,24,M15,PVDC-coated cellophane,30,174,,synthetic_rule_physics_model
SCN00358,C006,Red chilli powder,spice_beverage,ambient,S01,24.4,52.0,S09,24,24.5,0.1,202,10,12,5.5,0.45,,14.2,13.5,M11,Metallised PET / PE laminate,52,1.5,0.8,60,good,conventional (no gas modification),,,,,,N,269,Y,5.2,0.072,24,M15,PVDC-coated cellophane,30,228,,synthetic_rule_physics_model
SCN00359,C006,Red chilli powder,spice_beverage,ambient,S03,35.7,34.0,S09,24,35.7,0.5,135,10,12,5.5,0.45,,20.1,11.6,M11,Metallised PET / PE laminate,52,1.5,0.8,60,good,conventional (no gas modification),,,,,,N,112,N,3.06,0.0424,24,M09,PE/EVOH/PE coextruded film,60,111,,synthetic_rule_physics_model
SCN00360,C006,Red chilli powder,spice_beverage,ambient,S03,39.4,25.0,S09,48,39.3,0.25,270,10,12,5.5,0.45,,6.7,3.3,M11,Metallised PET / PE laminate,52,1.5,0.8,60,good,conventional (no gas modification),,,,,,N,82,N,3.85,0.0532,24,,,,,,synthetic_rule_physics_model
SCN00361,C007,Black tea (dry),spice_beverage,ambient,S02,34.1,75.0,S09,24,34.1,0.1,274,5,3.0,5.5,0.3,,12.6,1.0,M11,Metallised PET / PE laminate,52,1.5,0.8,60,good,conventional (no gas modification),,,,,,N,178,N,5.2,0.072,24,,,,,,synthetic_rule_physics_model
SCN00362,C007,Black tea (dry),spice_beverage,ambient,S02,35.5,89.0,S09,24,35.5,1.0,365,5,3.0,5.5,0.3,,18.9,1.0,M11,Metallised PET / PE laminate,52,1.5,0.8,60,good,conventional (no gas modification),,,,,,N,159,N,2.43,0.0337,24,,,,,,synthetic_rule_physics_model
SCN00363,C007,Black tea (dry),spice_beverage,ambient,S02,34.6,83.0,S09,48,34.6,0.5,730,5,3.0,5.5,0.3,,7.9,0.5,M12,PET / Aluminium foil / PE laminate,71,0.0,0.01,55,good,conventional (no gas modification),,,,,,N,179,N,9.64,0.1104,16,,,,,,synthetic_rule_physics_model
SCN00364,C007,Black tea (dry),spice_beverage,ambient,S02,30.3,89.0,S09,24,30.3,0.5,365,5,3.0,5.5,0.3,,19.7,1.4,M11,Metallised PET / PE laminate,52,1.5,0.8,60,good,conventional (no gas modification),,,,,,N,240,N,3.06,0.0424,24,,,,,,synthetic_rule_physics_model
SCN00365,C007,Black tea (dry),spice_beverage,ambient,S03,33.6,24.0,S09,48,33.6,1.0,365,5,3.0,5.5,0.3,,20.8,4.9,M11,Metallised PET / PE laminate,52,1.5,0.8,60,good,conventional (no gas modification),,,,,,N,197,N,2.43,0.0337,24,,,,,,synthetic_rule_physics_model
SCN00366,C007,Black tea (dry),spice_beverage,ambient,S01,20.3,52.0,S09,48,20.4,1.0,548,5,3.0,5.5,0.3,,28.1,8.1,M11,Metallised PET / PE laminate,52,1.5,0.8,60,good,conventional (no gas modification),,,,,,N,558,Y,2.43,0.0337,24,M09,PE/EVOH/PE coextruded film,60,533,,synthetic_rule_physics_model
SCN00367,C007,Black tea (dry),spice_beverage,ambient,S02,29.5,90.0,S09,48,29.5,1.0,365,5,3.0,5.5,0.3,,25.7,1.8,M11,Metallised PET / PE laminate,52,1.5,0.8,60,good,conventional (no gas modification),,,,,,N,253,N,2.43,0.0337,24,,,,,,synthetic_rule_physics_model
SCN00368,C007,Black tea (dry),spice_beverage,ambient,S02,32.5,81.0,S09,48,32.5,0.25,365,5,3.0,5.5,0.3,,14.0,1.0,M11,Metallised PET / PE laminate,52,1.5,0.8,60,good,conventional (no gas modification),,,,,,N,207,N,3.85,0.0532,24,,,,,,synthetic_rule_physics_model
SCN00369,C007,Black tea (dry),spice_beverage,ambient,S01,24.3,59.0,S09,24,24.3,0.5,365,5,3.0,5.5,0.3,,27.1,5.1,M11,Metallised PET / PE laminate,52,1.5,0.8,60,good,conventional (no gas modification),,,,,,N,371,Y,3.06,0.0424,24,,,,,,synthetic_rule_physics_model
SCN00370,C007,Black tea (dry),spice_beverage,ambient,S01,20.6,56.0,S09,48,20.8,1.0,274,5,3.0,5.5,0.3,,55.1,13.6,M10,Metallised BOPP / CPP laminate,45,50,1.0,130,good,conventional (no gas modification),,,,,,N,295,Y,1.29,0.016,43,,,,,,synthetic_rule_physics_model
SCN00371,C007,Black tea (dry),spice_beverage,ambient,S01,28.2,53.0,S09,6,28.2,0.25,274,5,3.0,5.5,0.3,,23.3,4.5,M11,Metallised PET / PE laminate,52,1.5,0.8,60,good,conventional (no gas modification),,,,,,N,266,N,3.85,0.0532,24,,,,,,synthetic_rule_physics_model
SCN00372,C007,Black tea (dry),spice_beverage,ambient,S03,41.8,24.0,S09,24,41.8,0.1,548,5,3.0,5.5,0.3,,4.3,0.7,M12,PET / Aluminium foil / PE laminate,71,0.0,0.01,55,good,conventional (no gas modification),,,,,,N,107,N,16.39,0.1878,16,,,,,,synthetic_rule_physics_model
SCN00373,C007,Black tea (dry),spice_beverage,ambient,S02,29.4,88.0,S09,6,29.4,0.25,730,5,3.0,5.5,0.3,,8.2,0.6,M12,PET / Aluminium foil / PE laminate,71,0.0,0.01,55,good,conventional (no gas modification),,,,,,N,240,N,12.12,0.1388,16,,,,,,synthetic_rule_physics_model
SCN00374,C007,Black tea (dry),spice_beverage,ambient,S01,27.4,56.0,S09,6,27.4,1.0,182,5,3.0,5.5,0.3,,57.8,10.5,M10,Metallised BOPP / CPP laminate,45,50,1.0,130,good,conventional (no gas modification),,,,,,N,211,Y,1.29,0.016,43,,,,,,synthetic_rule_physics_model
SCN00375,C007,Black tea (dry),spice_beverage,ambient,S02,33.8,94.0,S09,48,33.9,0.25,182,5,3.0,5.5,0.3,,26.1,1.4,M11,Metallised PET / PE laminate,52,1.5,0.8,60,good,conventional (no gas modification),,,,,,N,193,Y,3.85,0.0532,24,,,,,,synthetic_rule_physics_model
SCN00376,C007,Black tea (dry),spice_beverage,ambient,S01,30.5,48.0,S09,6,30.5,0.5,274,5,3.0,5.5,0.3,,25.9,5.9,M11,Metallised PET / PE laminate,52,1.5,0.8,60,good,conventional (no gas modification),,,,,,N,236,N,3.06,0.0424,24,,,,,,synthetic_rule_physics_model
SCN00377,C007,Black tea (dry),spice_beverage,ambient,S03,33.6,27.0,S09,48,33.6,0.5,548,5,3.0,5.5,0.3,,11.1,2.6,M11,Metallised PET / PE laminate,52,1.5,0.8,60,good,conventional (no gas modification),,,,,,N,192,N,3.06,0.0424,24,,,,,,synthetic_rule_physics_model
SCN00378,C007,Black tea (dry),spice_beverage,ambient,S03,34.3,25.0,S09,6,34.3,1.0,182,5,3.0,5.5,0.3,,40.3,9.3,M11,Metallised PET / PE laminate,52,1.5,0.8,60,good,conventional (no gas modification),,,,,,N,175,N,2.43,0.0337,24,M09,PE/EVOH/PE coextruded film,60,178,,synthetic_rule_physics_model
SCN00379,C007,Black tea (dry),spice_beverage,ambient,S01,20.3,53.0,S09,48,20.3,0.1,548,5,3.0,5.5,0.3,,13.2,3.8,M11,Metallised PET / PE laminate,52,1.5,0.8,60,good,conventional (no gas modification),,,,,,N,588,Y,5.2,0.072,24,,,,,,synthetic_rule_physics_model
SCN00380,C007,Black tea (dry),spice_beverage,ambient,S01,26.4,41.0,S09,48,26.5,0.1,182,5,3.0,5.5,0.3,,28.3,9.2,M11,Metallised PET / PE laminate,52,1.5,0.8,60,good,conventional (no gas modification),,,,,,N,334,Y,5.2,0.072,24,M09,PE/EVOH/PE coextruded film,60,246,,synthetic_rule_physics_model
SCN00381,C007,Black tea (dry),spice_beverage,ambient,S01,23.0,58.0,S09,24,23.1,0.1,365,5,3.0,5.5,0.3,,17.0,3.5,M11,Metallised PET / PE laminate,52,1.5,0.8,60,good,conventional (no gas modification),,,,,,N,412,Y,5.2,0.072,24,,,,,,synthetic_rule_physics_model
SCN00382,C007,Black tea (dry),spice_beverage,ambient,S01,27.3,43.0,S09,6,27.3,0.1,365,5,3.0,5.5,0.3,,13.6,4.3,M11,Metallised PET / PE laminate,52,1.5,0.8,60,good,conventional (no gas modification),,,,,,N,290,N,5.2,0.072,24,,,,,,synthetic_rule_physics_model
SCN00383,C007,Black tea (dry),spice_beverage,ambient,S02,32.0,87.0,S09,48,32.0,0.25,365,5,3.0,5.5,0.3,,14.3,1.0,M11,Metallised PET / PE laminate,52,1.5,0.8,60,good,conventional (no gas modification),,,,,,N,206,N,3.85,0.0532,24,,,,,,synthetic_rule_physics_model
SCN00384,C007,Black tea (dry),spice_beverage,ambient,S02,35.3,89.0,S09,6,35.3,0.1,182,5,3.0,5.5,0.3,,18.0,1.0,M11,Metallised PET / PE laminate,52,1.5,0.8,60,good,conventional (no gas modification),,,,,,N,164,N,5.2,0.072,24,,,,,,synthetic_rule_physics_model
SCN00385,C007,Black tea (dry),spice_beverage,ambient,S03,38.0,24.0,S09,48,38.0,0.1,365,5,3.0,5.5,0.3,,7.8,1.5,M11,Metallised PET / PE laminate,52,1.5,0.8,60,good,conventional (no gas modification),,,,,,N,133,N,5.2,0.072,24,,,,,,synthetic_rule_physics_model
SCN00386,C007,Black tea (dry),spice_beverage,ambient,S01,25.6,42.0,S09,48,25.6,0.5,365,5,3.0,5.5,0.3,,25.3,8.6,M11,Metallised PET / PE laminate,52,1.5,0.8,60,good,conventional (no gas modification),,,,,,N,390,Y,3.06,0.0424,24,M09,PE/EVOH/PE coextruded film,60,340,,synthetic_rule_physics_model
SCN00387,C007,Black tea (dry),spice_beverage,ambient,S01,29.1,41.0,S09,24,29.1,0.25,365,5,3.0,5.5,0.3,,16.6,4.8,M11,Metallised PET / PE laminate,52,1.5,0.8,60,good,conventional (no gas modification),,,,,,N,280,N,3.85,0.0532,24,,,,,,synthetic_rule_physics_model
SCN00388,C007,Black tea (dry),spice_beverage,ambient,S03,41.5,27.0,S09,6,41.5,0.5,274,5,3.0,5.5,0.3,,14.9,2.5,M11,Metallised PET / PE laminate,52,1.5,0.8,60,good,conventional (no gas modification),,,,,,N,91,N,3.06,0.0424,24,,,,,,synthetic_rule_physics_model
SCN00389,C007,Black tea (dry),spice_beverage,ambient,S01,24.6,61.0,S09,6,24.6,0.25,182,5,3.0,5.5,0.3,,42.4,7.2,M11,Metallised PET / PE laminate,52,1.5,0.8,60,good,conventional (no gas modification),,,,,,N,398,Y,3.85,0.0532,24,M09,PE/EVOH/PE coextruded film,60,186,,synthetic_rule_physics_model
SCN00390,C007,Black tea (dry),spice_beverage,ambient,S03,31.9,30.0,S09,48,32.0,1.0,274,5,3.0,5.5,0.3,,30.2,7.7,M11,Metallised PET / PE laminate,52,1.5,0.8,60,good,conventional (no gas modification),,,,,,N,208,N,2.43,0.0337,24,M09,PE/EVOH/PE coextruded film,60,205,,synthetic_rule_physics_model
SCN00391,C007,Black tea (dry),spice_beverage,ambient,S01,28.2,61.0,S09,24,28.2,1.0,182,5,3.0,5.5,0.3,,55.3,8.1,M10,Metallised BOPP / CPP laminate,45,50,1.0,130,good,conventional (no gas modification),,,,,,N,207,Y,1.29,0.016,43,,,,,,synthetic_rule_physics_model
SCN00392,C007,Black tea (dry),spice_beverage,ambient,S02,28.5,88.0,S09,48,28.6,0.25,365,5,3.0,5.5,0.3,,17.1,1.3,M11,Metallised PET / PE laminate,52,1.5,0.8,60,good,conventional (no gas modification),,,,,,N,259,N,3.85,0.0532,24,,,,,,synthetic_rule_physics_model
SCN00393,C007,Black tea (dry),spice_beverage,ambient,S01,27.9,46.0,S09,48,28.0,1.0,274,5,3.0,5.5,0.3,,37.2,10.4,M11,Metallised PET / PE laminate,52,1.5,0.8,60,good,conventional (no gas modification),,,,,,N,285,Y,2.43,0.0337,24,M09,PE/EVOH/PE coextruded film,60,300,,synthetic_rule_physics_model
SCN00394,C007,Black tea (dry),spice_beverage,ambient,S01,31.2,53.0,S09,24,31.2,0.25,182,5,3.0,5.5,0.3,,29.9,5.2,M11,Metallised PET / PE laminate,52,1.5,0.8,60,good,conventional (no gas modification),,,,,,N,216,Y,3.85,0.0532,24,,,,,,synthetic_rule_physics_model
SCN00395,C007,Black tea (dry),spice_beverage,ambient,S01,24.0,47.0,S09,6,24.0,1.0,548,5,3.0,5.5,0.3,,23.1,7.5,M11,Metallised PET / PE laminate,52,1.5,0.8,60,good,conventional (no gas modification),,,,,,N,411,N,2.43,0.0337,24,M09,PE/EVOH/PE coextruded film,60,404,,synthetic_rule_physics_model
SCN00396,C007,Black tea (dry),spice_beverage,ambient,S02,28.7,85.0,S09,24,28.8,0.1,182,5,3.0,5.5,0.3,,25.1,2.0,M11,Metallised PET / PE laminate,52,1.5,0.8,60,good,conventional (no gas modification),,,,,,N,259,Y,5.2,0.072,24,,,,,,synthetic_rule_physics_model
SCN00397,C007,Black tea (dry),spice_beverage,ambient,S01,21.1,55.0,S09,24,21.1,0.25,548,5,3.0,5.5,0.3,,17.1,4.3,M11,Metallised PET / PE laminate,52,1.5,0.8,60,good,conventional (no gas modification),,,,,,N,509,N,3.85,0.0532,24,,,,,,synthetic_rule_physics_model
SCN00398,C007,Black tea (dry),spice_beverage,ambient,S01,20.7,46.0,S09,48,20.7,1.0,365,5,3.0,5.5,0.3,,41.4,17.0,M11,Metallised PET / PE laminate,52,1.5,0.8,60,good,conventional (no gas modification),,,,,,N,502,Y,2.43,0.0337,24,M15,PVDC-coated cellophane,30,514,,synthetic_rule_physics_model
SCN00399,C007,Black tea (dry),spice_beverage,ambient,S02,28.0,82.0,S09,6,28.0,0.5,182,5,3.0,5.5,0.3,,44.4,3.9,M11,Metallised PET / PE laminate,52,1.5,0.8,60,good,conventional (no gas modification),,,,,,N,298,Y,3.06,0.0424,24,,,,,,synthetic_rule_physics_model
SCN00400,C007,Black tea (dry),spice_beverage,ambient,S03,38.9,30.0,S09,6,38.9,0.1,548,5,3.0,5.5,0.3,,5.0,0.9,M11,Metallised PET / PE laminate,52,1.5,0.8,60,good,conventional (no gas modification),,,,,,N,119,N,5.2,0.072,24,,,,,,synthetic_rule_physics_model
SCN00401,C007,Black tea (dry),spice_beverage,ambient,S02,34.3,89.0,S09,24,34.2,0.1,548,5,3.0,5.5,0.3,,6.3,0.4,M12,PET / Aluminium foil / PE laminate,71,0.0,0.01,55,good,conventional (no gas modification),,,,,,N,166,N,16.39,0.1878,16,,,,,,synthetic_rule_physics_model
SCN00402,C007,Black tea (dry),spice_beverage,ambient,S01,26.0,53.0,S09,6,26.0,1.0,730,5,3.0,5.5,0.3,,15.5,3.3,M11,Metallised PET / PE laminate,52,1.5,0.8,60,good,conventional (no gas modification),,,,,,N,309,N,2.43,0.0337,24,,,,,,synthetic_rule_physics_model
SCN00403,C007,Black tea (dry),spice_beverage,ambient,S02,29.4,91.0,S09,24,29.4,0.5,730,5,3.0,5.5,0.3,,10.3,0.7,M12,PET / Aluminium foil / PE laminate,71,0.0,0.01,55,good,conventional (no gas modification),,,,,,N,246,N,9.64,0.1104,16,,,,,,synthetic_rule_physics_model
SCN00404,C007,Black tea (dry),spice_beverage,ambient,S02,30.0,83.0,S09,24,30.0,0.25,274,5,3.0,5.5,0.3,,21.2,1.7,M11,Metallised PET / PE laminate,52,1.5,0.8,60,good,conventional (no gas modification),,,,,,N,253,N,3.85,0.0532,24,,,,,,synthetic_rule_physics_model
SCN00405,C007,Black tea (dry),spice_beverage,ambient,S02,35.1,85.0,S09,48,35.1,0.5,730,5,3.0,5.5,0.3,,7.7,0.5,M12,PET / Aluminium foil / PE laminate,71,0.0,0.01,55,good,conventional (no gas modification),,,,,,N,166,N,9.64,0.1104,16,,,,,,synthetic_rule_physics_model
SCN00406,C007,Black tea (dry),spice_beverage,ambient,S02,33.5,93.0,S09,48,33.5,0.25,730,5,3.0,5.5,0.3,,6.6,0.4,M12,PET / Aluminium foil / PE laminate,71,0.0,0.01,55,good,conventional (no gas modification),,,,,,N,192,N,12.12,0.1388,16,,,,,,synthetic_rule_physics_model
SCN00407,C007,Black tea (dry),spice_beverage,ambient,S02,30.6,77.0,S09,24,30.6,1.0,730,5,3.0,5.5,0.3,,12.2,1.0,M11,Metallised PET / PE laminate,52,1.5,0.8,60,good,conventional (no gas modification),,,,,,N,242,N,2.43,0.0337,24,,,,,,synthetic_rule_physics_model
SCN00408,C007,Black tea (dry),spice_beverage,ambient,S01,21.3,50.0,S09,24,21.3,0.5,274,5,3.0,5.5,0.3,,42.5,13.5,M11,Metallised PET / PE laminate,52,1.5,0.8,60,good,conventional (no gas modification),,,,,,N,475,Y,3.06,0.0424,24,M15,PVDC-coated cellophane,30,306,,synthetic_rule_physics_model
SCN00409,C007,Black tea (dry),spice_beverage,ambient,S01,29.4,45.0,S09,48,29.4,1.0,182,5,3.0,5.5,0.3,,51.9,14.7,M10,Metallised BOPP / CPP laminate,45,50,1.0,130,good,conventional (no gas modification),,,,,,N,185,Y,1.29,0.016,43,,,,,,synthetic_rule_physics_model
SCN00410,C007,Black tea (dry),spice_beverage,ambient,S03,38.9,42.0,S09,48,38.9,0.25,730,5,3.0,5.5,0.3,,5.1,1.0,M11,Metallised PET / PE laminate,52,1.5,0.8,60,good,conventional (no gas modification),,,,,,N,121,N,3.85,0.0532,24,,,,,,synthetic_rule_physics_model
SCN00411,C007,Black tea (dry),spice_beverage,ambient,S03,34.7,44.0,S09,48,34.6,0.1,182,5,3.0,5.5,0.3,,18.6,4.2,M11,Metallised PET / PE laminate,52,1.5,0.8,60,good,conventional (no gas modification),,,,,,N,181,Y,5.2,0.072,24,,,,,,synthetic_rule_physics_model
SCN00412,C007,Black tea (dry),spice_beverage,ambient,S01,27.4,60.0,S09,48,27.5,0.5,730,5,3.0,5.5,0.3,,11.4,1.8,M11,Metallised PET / PE laminate,52,1.5,0.8,60,good,conventional (no gas modification),,,,,,N,300,N,3.06,0.0424,24,,,,,,synthetic_rule_physics_model
SCN00413,C007,Black tea (dry),spice_beverage,ambient,S02,29.5,84.0,S09,6,29.5,0.25,730,5,3.0,5.5,0.3,,8.1,0.6,M12,PET / Aluminium foil / PE laminate,71,0.0,0.01,55,good,conventional (no gas modification),,,,,,N,248,N,12.12,0.1388,16,,,,,,synthetic_rule_physics_model
SCN00414,C007,Black tea (dry),spice_beverage,ambient,S01,25.1,54.0,S09,24,25.2,0.5,182,5,3.0,5.5,0.3,,51.7,11.2,M10,Metallised BOPP / CPP laminate,45,50,1.0,130,good,conventional (no gas modification),,,,,,N,171,N,1.62,0.0201,43,,,,,,synthetic_rule_physics_model
SCN00415,C007,Black tea (dry),spice_beverage,ambient,S01,31.1,55.0,S09,48,31.2,0.5,548,5,3.0,5.5,0.3,,12.5,2.0,M11,Metallised PET / PE laminate,52,1.5,0.8,60,good,conventional (no gas modification),,,,,,N,229,N,3.06,0.0424,24,,,,,,synthetic_rule_physics_model
SCN00416,C007,Black tea (dry),spice_beverage,ambient,S02,28.6,89.0,S09,6,28.6,0.1,730,5,3.0,5.5,0.3,,6.3,0.5,M12,PET / Aluminium foil / PE laminate,71,0.0,0.01,55,good,conventional (no gas modification),,,,,,N,263,N,16.39,0.1878,16,,,,,,synthetic_rule_physics_model
SCN00417,C007,Black tea (dry),spice_beverage,ambient,S01,22.7,45.0,S09,48,22.7,0.25,730,5,3.0,5.5,0.3,,11.8,4.5,M11,Metallised PET / PE laminate,52,1.5,0.8,60,good,conventional (no gas modification),,,,,,N,449,N,3.85,0.0532,24,,,,,,synthetic_rule_physics_model
SCN00418,C007,Black tea (dry),spice_beverage,ambient,S02,32.5,90.0,S09,6,32.5,0.5,548,5,3.0,5.5,0.3,,11.7,0.7,M12,PET / Aluminium foil / PE laminate,71,0.0,0.01,55,good,conventional (no gas modification),,,,,,N,211,N,9.64,0.1104,16,,,,,,synthetic_rule_physics_model
SCN00419,C007,Black tea (dry),spice_beverage,ambient,S02,35.7,89.0,S09,24,35.7,0.1,548,5,3.0,5.5,0.3,,5.8,0.3,M12,PET / Aluminium foil / PE laminate,71,0.0,0.01,55,good,conventional (no gas modification),,,,,,N,152,N,16.39,0.1878,16,,,,,,synthetic_rule_physics_model
SCN00420,C007,Black tea (dry),spice_beverage,ambient,S02,30.3,93.0,S09,6,30.3,1.0,548,5,3.0,5.5,0.3,,16.5,1.1,M11,Metallised PET / PE laminate,52,1.5,0.8,60,good,conventional (no gas modification),,,,,,N,237,N,2.43,0.0337,24,,,,,,synthetic_rule_physics_model
SCN00421,C008,Roasted coffee,spice_beverage,ambient,S01,21.0,42.0,S09,6,21.0,0.1,90,3,15,5.0,0.3,,38.6,32.4,M11,Metallised PET / PE laminate,52,1.5,0.8,60,good,conventional (no gas modification),,,,,,N,273,Y,5.2,0.072,24,M15,PVDC-coated cellophane,30,235,,synthetic_rule_physics_model
SCN00422,C008,Roasted coffee,spice_beverage,ambient,S03,35.1,23.0,S09,48,35.1,1.0,90,3,15,5.0,0.3,,39.1,17.4,M11,Metallised PET / PE laminate,52,1.5,0.8,60,good,conventional (no gas modification),,,,,,N,67,N,2.43,0.0337,24,M15,PVDC-coated cellophane,30,71,,synthetic_rule_physics_model
SCN00423,C008,Roasted coffee,spice_beverage,ambient,S02,28.3,76.0,S09,6,28.3,0.1,360,3,15,5.0,0.3,,6.5,1.3,M11,Metallised PET / PE laminate,52,1.5,0.8,60,good,N2 flush,0,0,100,,,Y,171,N,5.2,0.072,24,,,,,,synthetic_rule_physics_model
SCN00424,C008,Roasted coffee,spice_beverage,ambient,S03,34.9,31.0,S09,48,34.8,1.0,90,3,15,5.0,0.3,,39.8,17.9,M11,Metallised PET / PE laminate,52,1.5,0.8,60,good,conventional (no gas modification),,,,,,N,78,N,2.43,0.0337,24,M15,PVDC-coated cellophane,30,74,,synthetic_rule_physics_model
SCN00425,C008,Roasted coffee,spice_beverage,ambient,S01,29.0,41.0,S09,48,29.0,0.1,180,3,15,5.0,0.3,,10,7.3,M11,Metallised PET / PE laminate,52,1.5,0.8,60,good,N2 flush,0,0,100,,,Y,162,N,5.2,0.072,24,M09,PE/EVOH/PE coextruded film,60,165,,synthetic_rule_physics_model
SCN00426,C008,Roasted coffee,spice_beverage,ambient,S02,31.5,83.0,S09,48,31.5,0.25,135,3,15,5.0,0.3,,19.8,2.9,M11,Metallised PET / PE laminate,52,1.5,0.8,60,good,conventional (no gas modification),,,,,,N,94,N,3.85,0.0532,24,,,,,,synthetic_rule_physics_model
SCN00427,C008,Roasted coffee,spice_beverage,ambient,S02,35.7,78.0,S09,48,35.8,0.5,90,3,15,5.0,0.3,,30.1,4.1,M11,Metallised PET / PE laminate,52,1.5,0.8,60,good,conventional (no gas modification),,,,,,N,70,N,3.06,0.0424,24,,,,,,synthetic_rule_physics_model
SCN00428,C008,Roasted coffee,spice_beverage,ambient,S03,31.7,21.0,S09,6,31.7,0.1,180,3,15,5.0,0.3,,10,5.6,M11,Metallised PET / PE laminate,52,1.5,0.8,60,good,N2 flush,0,0,100,,,Y,127,N,5.2,0.072,24,,,,,,synthetic_rule_physics_model
SCN00429,C008,Roasted coffee,spice_beverage,ambient,S01,25.0,56.0,S09,24,25.0,0.25,360,3,15,5.0,0.3,,10,4.2,M11,Metallised PET / PE laminate,52,1.5,0.8,60,good,N2 flush,0,0,100,,,Y,215,N,3.85,0.0532,24,,,,,,synthetic_rule_physics_model
SCN00430,C008,Roasted coffee,spice_beverage,ambient,S01,22.2,60.0,S09,6,22.2,1.0,360,3,15,5.0,0.3,,10,7.7,M11,Metallised PET / PE laminate,52,1.5,0.8,60,good,N2 flush,0,0,100,,,Y,302,N,2.43,0.0337,24,M09,PE/EVOH/PE coextruded film,60,307,,synthetic_rule_physics_model
SCN00431,C008,Roasted coffee,spice_beverage,ambient,S01,28.7,52.0,S09,24,28.7,0.25,90,3,15,5.0,0.3,,34.5,13.8,M11,Metallised PET / PE laminate,52,1.5,0.8,60,good,conventional (no gas modification),,,,,,N,120,Y,3.85,0.0532,24,M15,PVDC-coated cellophane,30,97,,synthetic_rule_physics_model
SCN00432,C008,Roasted coffee,spice_beverage,ambient,S01,25.4,55.0,S09,24,25.5,0.5,180,3,15,5.0,0.3,,10,10.4,M11,Metallised PET / PE laminate,52,1.5,0.8,60,good,N2 flush,0,0,100,,,Y,228,Y,3.06,0.0424,24,M09,PE/EVOH/PE coextruded film,60,231,,synthetic_rule_physics_model
SCN00433,C008,Roasted coffee,spice_beverage,ambient,S02,33.7,88.0,S09,24,33.7,0.5,270,3,15,5.0,0.3,,10,1.4,M11,Metallised PET / PE laminate,52,1.5,0.8,60,good,N2 flush,0,0,100,,,Y,99,N,3.06,0.0424,24,,,,,,synthetic_rule_physics_model
SCN00434,C008,Roasted coffee,spice_beverage,ambient,S02,28.9,88.0,S09,6,28.9,0.25,360,3,15,5.0,0.3,,8.5,1.3,M11,Metallised PET / PE laminate,52,1.5,0.8,60,good,N2 flush,0,0,100,,,Y,168,N,3.85,0.0532,24,,,,,,synthetic_rule_physics_model
SCN00435,C008,Roasted coffee,spice_beverage,ambient,S01,30.6,42.0,S09,48,30.6,0.1,360,3,15,5.0,0.3,,5.8,3.1,M11,Metallised PET / PE laminate,52,1.5,0.8,60,good,N2 flush,0,0,100,,,Y,134,N,5.2,0.072,24,,,,,,synthetic_rule_physics_model
SCN00436,C008,Roasted coffee,spice_beverage,ambient,S03,36.6,34.0,S09,24,36.6,0.25,180,3,15,5.0,0.3,,10,4.8,M11,Metallised PET / PE laminate,52,1.5,0.8,60,good,N2 flush,0,0,100,,,Y,83,N,3.85,0.0532,24,,,,,,synthetic_rule_physics_model
SCN00437,C008,Roasted coffee,spice_beverage,ambient,S01,29.3,58.0,S09,24,29.3,0.1,270,3,15,5.0,0.3,,8.2,2.5,M11,Metallised PET / PE laminate,52,1.5,0.8,60,good,N2 flush,0,0,100,,,Y,149,N,5.2,0.072,24,,,,,,synthetic_rule_physics_model
SCN00438,C008,Roasted coffee,spice_beverage,ambient,S03,39.7,35.0,S09,6,39.7,1.0,135,3,15,5.0,0.3,,20.8,7.6,M11,Metallised PET / PE laminate,52,1.5,0.8,60,good,conventional (no gas modification),,,,,,N,47,N,2.43,0.0337,24,M09,PE/EVOH/PE coextruded film,60,45,,synthetic_rule_physics_model
SCN00439,C008,Roasted coffee,spice_beverage,ambient,S03,31.8,38.0,S09,6,31.7,1.0,135,3,15,5.0,0.3,,31.0,16.0,M11,Metallised PET / PE laminate,52,1.5,0.8,60,good,conventional (no gas modification),,,,,,N,95,N,2.43,0.0337,24,M15,PVDC-coated cellophane,30,97,,synthetic_rule_physics_model
SCN00440,C008,Roasted coffee,spice_beverage,ambient,S02,32.1,91.0,S09,48,32.3,0.1,90,3,15,5.0,0.3,,21.1,2.6,M11,Metallised PET / PE laminate,52,1.5,0.8,60,good,conventional (no gas modification),,,,,,N,95,Y,5.2,0.072,24,,,,,,synthetic_rule_physics_model
SCN00441,C008,Roasted coffee,spice_beverage,ambient,S01,28.4,53.0,S09,48,28.5,0.5,360,3,15,5.0,0.3,,10,4.2,M11,Metallised PET / PE laminate,52,1.5,0.8,60,good,N2 flush,0,0,100,,,Y,164,N,3.06,0.0424,24,,,,,,synthetic_rule_physics_model
SCN00442,C008,Roasted coffee,spice_beverage,ambient,S01,27.1,62.0,S09,24,27.1,0.25,360,3,15,5.0,0.3,,9.4,2.8,M11,Metallised PET / PE laminate,52,1.5,0.8,60,good,N2 flush,0,0,100,,,Y,191,N,3.85,0.0532,24,,,,,,synthetic_rule_physics_model
SCN00443,C008,Roasted coffee,spice_beverage,ambient,S01,30.4,52.0,S09,6,30.4,0.25,270,3,15,5.0,0.3,,10,3.9,M11,Metallised PET / PE laminate,52,1.5,0.8,60,good,N2 flush,0,0,100,,,Y,143,N,3.85,0.0532,24,,,,,,synthetic_rule_physics_model
SCN00444,C008,Roasted coffee,spice_beverage,ambient,S01,21.8,44.0,S09,24,21.9,0.25,270,3,15,5.0,0.3,,10,13.4,M11,Metallised PET / PE laminate,52,1.5,0.8,60,good,N2 flush,0,0,100,,,Y,327,Y,3.85,0.0532,24,M15,PVDC-coated cellophane,30,299,,synthetic_rule_physics_model
SCN00445,C008,Roasted coffee,spice_beverage,ambient,S02,29.7,78.0,S09,48,29.6,0.1,135,3,15,5.0,0.3,,16.2,2.8,M11,Metallised PET / PE laminate,52,1.5,0.8,60,good,conventional (no gas modification),,,,,,N,113,N,5.2,0.072,24,,,,,,synthetic_rule_physics_model
SCN00446,C008,Roasted coffee,spice_beverage,ambient,S02,29.1,85.0,S09,6,29.1,0.25,180,3,15,5.0,0.3,,10,2.7,M11,Metallised PET / PE laminate,52,1.5,0.8,60,good,N2 flush,0,0,100,,,Y,155,N,3.85,0.0532,24,,,,,,synthetic_rule_physics_model
SCN00447,C008,Roasted coffee,spice_beverage,ambient,S03,37.7,42.0,S09,24,37.7,0.1,135,3,15,5.0,0.3,,10.7,4.3,M11,Metallised PET / PE laminate,52,1.5,0.8,60,good,conventional (no gas modification),,,,,,N,56,N,5.2,0.072,24,,,,,,synthetic_rule_physics_model
SCN00448,C008,Roasted coffee,spice_beverage,ambient,S02,31.8,85.0,S09,6,31.8,0.25,360,3,15,5.0,0.3,,7.3,1.0,M11,Metallised PET / PE laminate,52,1.5,0.8,60,good,N2 flush,0,0,100,,,Y,122,N,3.85,0.0532,24,,,,,,synthetic_rule_physics_model
SCN00449,C008,Roasted coffee,spice_beverage,ambient,S01,28.2,63.0,S09,6,28.2,1.0,270,3,15,5.0,0.3,,10,5.1,M11,Metallised PET / PE laminate,52,1.5,0.8,60,good,N2 flush,0,0,100,,,Y,168,N,2.43,0.0337,24,,,,,,synthetic_rule_physics_model
SCN00450,C008,Roasted coffee,spice_beverage,ambient,S01,22.4,61.0,S09,6,22.4,0.25,360,3,15,5.0,0.3,,10,4.5,M11,Metallised PET / PE laminate,52,1.5,0.8,60,good,N2 flush,0,0,100,,,Y,307,N,3.85,0.0532,24,,,,,,synthetic_rule_physics_model
SCN00451,C008,Roasted coffee,spice_beverage,ambient,S02,35.0,86.0,S09,48,35.0,0.25,360,3,15,5.0,0.3,,6.2,0.8,M12,PET / Aluminium foil / PE laminate,71,0.0,0.01,55,good,N2 flush,0,0,100,,,Y,101,N,12.12,0.1388,16,,,,,,synthetic_rule_physics_model
SCN00452,C008,Roasted coffee,spice_beverage,ambient,S03,40.8,39.0,S09,48,40.6,0.5,90,3,15,5.0,0.3,,23.7,8.4,M11,Metallised PET / PE laminate,52,1.5,0.8,60,good,conventional (no gas modification),,,,,,N,42,N,3.06,0.0424,24,M09,PE/EVOH/PE coextruded film,60,43,,synthetic_rule_physics_model
SCN00453,C008,Roasted coffee,spice_beverage,ambient,S03,39.5,30.0,S09,6,39.5,0.1,270,3,15,5.0,0.3,,4.9,1.8,M11,Metallised PET / PE laminate,52,1.5,0.8,60,good,N2 flush,0,0,100,,,Y,62,N,5.2,0.072,24,,,,,,synthetic_rule_physics_model
SCN00454,C008,Roasted coffee,spice_beverage,ambient,S03,31.0,35.0,S09,48,31.0,0.1,90,3,15,5.0,0.3,,22.6,12.1,M11,Metallised PET / PE laminate,52,1.5,0.8,60,good,conventional (no gas modification),,,,,,N,111,Y,5.2,0.072,24,M15,PVDC-coated cellophane,30,86,,synthetic_rule_physics_model
SCN00455,C008,Roasted coffee,spice_beverage,ambient,S01,22.5,60.0,S09,24,22.5,1.0,360,3,15,5.0,0.3,,10,7.4,M11,Metallised PET / PE laminate,52,1.5,0.8,60,good,N2 flush,0,0,100,,,Y,293,N,2.43,0.0337,24,M09,PE/EVOH/PE coextruded film,60,294,,synthetic_rule_physics_model
SCN00456,C008,Roasted coffee,spice_beverage,ambient,S02,32.9,95.0,S09,24,32.9,1.0,135,3,15,5.0,0.3,,29.3,3.3,M11,Metallised PET / PE laminate,52,1.5,0.8,60,good,conventional (no gas modification),,,,,,N,92,N,2.43,0.0337,24,,,,,,synthetic_rule_physics_model
SCN00457,C008,Roasted coffee,spice_beverage,ambient,S02,31.9,95.0,S09,48,32.0,1.0,135,3,15,5.0,0.3,,30.6,3.6,M11,Metallised PET / PE laminate,52,1.5,0.8,60,good,conventional (no gas modification),,,,,,N,97,N,2.43,0.0337,24,,,,,,synthetic_rule_physics_model
SCN00458,C008,Roasted coffee,spice_beverage,ambient,S02,35.6,77.0,S09,24,35.6,0.1,135,3,15,5.0,0.3,,11.9,1.7,M11,Metallised PET / PE laminate,52,1.5,0.8,60,good,conventional (no gas modification),,,,,,N,69,N,5.2,0.072,24,,,,,,synthetic_rule_physics_model
SCN00459,C008,Roasted coffee,spice_beverage,ambient,S03,30.1,22.0,S09,6,30.1,1.0,90,3,15,5.0,0.3,,50.7,28.0,M10,Metallised BOPP / CPP laminate,45,50,1.0,130,good,conventional (no gas modification),,,,,,N,91,Y,1.29,0.016,43,,,,,,synthetic_rule_physics_model
SCN00460,C008,Roasted coffee,spice_beverage,ambient,S02,33.8,94.0,S09,6,33.8,0.5,360,3,15,5.0,0.3,,8.3,0.9,M11,Metallised PET / PE laminate,52,1.5,0.8,60,good,N2 flush,0,0,100,,,Y,109,N,3.06,0.0424,24,,,,,,synthetic_rule_physics_model
SCN00461,C008,Roasted coffee,spice_beverage,ambient,S03,39.8,36.0,S09,6,39.8,0.5,135,3,15,5.0,0.3,,16.4,6.0,M11,Metallised PET / PE laminate,52,1.5,0.8,60,good,conventional (no gas modification),,,,,,N,47,N,3.06,0.0424,24,,,,,,synthetic_rule_physics_model
SCN00462,C008,Roasted coffee,spice_beverage,ambient,S02,32.9,88.0,S09,24,33.0,0.25,90,3,15,5.0,0.3,,27.6,3.5,M11,Metallised PET / PE laminate,52,1.5,0.8,60,good,conventional (no gas modification),,,,,,N,83,N,3.85,0.0532,24,,,,,,synthetic_rule_physics_model
SCN00463,C008,Roasted coffee,spice_beverage,ambient,S02,30.8,83.0,S09,48,30.9,0.1,90,3,15,5.0,0.3,,22.7,3.4,M11,Metallised PET / PE laminate,52,1.5,0.8,60,good,conventional (no gas modification),,,,,,N,103,Y,5.2,0.072,24,,,,,,synthetic_rule_physics_model
SCN00464,C008,Roasted coffee,spice_beverage,ambient,S03,34.2,44.0,S09,24,34.2,0.25,270,3,15,5.0,0.3,,8.7,4.0,M11,Metallised PET / PE laminate,52,1.5,0.8,60,good,N2 flush,0,0,100,,,Y,108,N,3.85,0.0532,24,,,,,,synthetic_rule_physics_model
SCN00465,C008,Roasted coffee,spice_beverage,ambient,S02,30.1,83.0,S09,6,30.1,0.5,180,3,15,5.0,0.3,,10,3.2,M11,Metallised PET / PE laminate,52,1.5,0.8,60,good,N2 flush,0,0,100,,,Y,152,N,3.06,0.0424,24,,,,,,synthetic_rule_physics_model
SCN00466,C008,Roasted coffee,spice_beverage,ambient,S03,39.8,34.0,S09,24,39.8,1.0,135,3,15,5.0,0.3,,20.7,7.6,M11,Metallised PET / PE laminate,52,1.5,0.8,60,good,conventional (no gas modification),,,,,,N,42,N,2.43,0.0337,24,M09,PE/EVOH/PE coextruded film,60,49,,synthetic_rule_physics_model
SCN00467,C008,Roasted coffee,spice_beverage,ambient,S02,32.7,76.0,S09,24,32.6,0.25,135,3,15,5.0,0.3,,18.7,3.1,M11,Metallised PET / PE laminate,52,1.5,0.8,60,good,conventional (no gas modification),,,,,,N,88,N,3.85,0.0532,24,,,,,,synthetic_rule_physics_model
SCN00468,C008,Roasted coffee,spice_beverage,ambient,S02,30.8,86.0,S09,24,30.8,0.5,90,3,15,5.0,0.3,,38.8,5.6,M11,Metallised PET / PE laminate,52,1.5,0.8,60,good,conventional (no gas modification),,,,,,N,102,Y,3.06,0.0424,24,,,,,,synthetic_rule_physics_model
SCN00469,C008,Roasted coffee,spice_beverage,ambient,S01,31.2,52.0,S09,48,31.3,0.5,135,3,15,5.0,0.3,,25.2,9.1,M11,Metallised PET / PE laminate,52,1.5,0.8,60,good,conventional (no gas modification),,,,,,N,94,N,3.06,0.0424,24,M09,PE/EVOH/PE coextruded film,60,97,,synthetic_rule_physics_model
SCN00470,C008,Roasted coffee,spice_beverage,ambient,S02,29.6,90.0,S09,48,29.6,0.25,135,3,15,5.0,0.3,,22.0,3.1,M11,Metallised PET / PE laminate,52,1.5,0.8,60,good,conventional (no gas modification),,,,,,N,109,N,3.85,0.0532,24,,,,,,synthetic_rule_physics_model
SCN00471,C008,Roasted coffee,spice_beverage,ambient,S01,29.3,43.0,S09,6,29.4,1.0,360,3,15,5.0,0.3,,10,7.5,M11,Metallised PET / PE laminate,52,1.5,0.8,60,good,N2 flush,0,0,100,,,Y,158,N,2.43,0.0337,24,M09,PE/EVOH/PE coextruded film,60,149,,synthetic_rule_physics_model
SCN00472,C008,Roasted coffee,spice_beverage,ambient,S01,25.8,56.0,S09,6,25.8,0.5,270,3,15,5.0,0.3,,10,6.7,M11,Metallised PET / PE laminate,52,1.5,0.8,60,good,N2 flush,0,0,100,,,Y,237,N,3.06,0.0424,24,,,,,,synthetic_rule_physics_model
SCN00473,C008,Roasted coffee,spice_beverage,ambient,S01,22.7,54.0,S09,6,22.7,1.0,360,3,15,5.0,0.3,,10,9.0,M11,Metallised PET / PE laminate,52,1.5,0.8,60,good,N2 flush,0,0,100,,,Y,287,N,2.43,0.0337,24,M09,PE/EVOH/PE coextruded film,60,278,,synthetic_rule_physics_model
SCN00474,C008,Roasted coffee,spice_beverage,ambient,S02,29.4,95.0,S09,48,29.5,0.1,90,3,15,5.0,0.3,,24.5,3.2,M11,Metallised PET / PE laminate,52,1.5,0.8,60,good,conventional (no gas modification),,,,,,N,119,Y,5.2,0.072,24,,,,,,synthetic_rule_physics_model
SCN00475,C008,Roasted coffee,spice_beverage,ambient,S01,27.0,48.0,S09,24,27.0,0.5,135,3,15,5.0,0.3,,31.7,16.7,M11,Metallised PET / PE laminate,52,1.5,0.8,60,good,conventional (no gas modification),,,,,,N,142,Y,3.06,0.0424,24,M15,PVDC-coated cellophane,30,151,,synthetic_rule_physics_model
SCN00476,C008,Roasted coffee,spice_beverage,ambient,S01,26.0,45.0,S09,24,26.0,1.0,180,3,15,5.0,0.3,,10,20.6,M11,Metallised PET / PE laminate,52,1.5,0.8,60,good,N2 flush,0,0,100,,,Y,215,Y,2.43,0.0337,24,M15,PVDC-coated cellophane,30,217,,synthetic_rule_physics_model
SCN00477,C008,Roasted coffee,spice_beverage,ambient,S02,29.8,77.0,S09,6,29.8,1.0,270,3,15,5.0,0.3,,10,3.1,M11,Metallised PET / PE laminate,52,1.5,0.8,60,good,N2 flush,0,0,100,,,Y,160,N,2.43,0.0337,24,,,,,,synthetic_rule_physics_model
SCN00478,C008,Roasted coffee,spice_beverage,ambient,S01,29.7,44.0,S09,24,29.7,0.5,270,3,15,5.0,0.3,,10,7.7,M11,Metallised PET / PE laminate,52,1.5,0.8,60,good,N2 flush,0,0,100,,,Y,164,N,3.06,0.0424,24,M09,PE/EVOH/PE coextruded film,60,152,,synthetic_rule_physics_model
SCN00479,C008,Roasted coffee,spice_beverage,ambient,S01,21.2,44.0,S09,48,21.2,0.1,270,3,15,5.0,0.3,,10,10.6,M11,Metallised PET / PE laminate,52,1.5,0.8,60,good,N2 flush,0,0,100,,,Y,356,Y,5.2,0.072,24,M09,PE/EVOH/PE coextruded film,60,324,,synthetic_rule_physics_model
SCN00480,C008,Roasted coffee,spice_beverage,ambient,S02,35.5,80.0,S09,48,35.4,0.25,360,3,15,5.0,0.3,,6.1,0.8,M11,Metallised PET / PE laminate,52,1.5,0.8,60,good,N2 flush,0,0,100,,,Y,93,N,3.85,0.0532,24,,,,,,synthetic_rule_physics_model
SCN00481,C009,Groundnuts (roasted),nuts_high_fat,ambient,S02,32.3,95.0,S09,6,32.3,1.0,180,2,49,6.3,0.3,,22.6,2.6,M11,Metallised PET / PE laminate,52,1.5,0.8,60,good,N2 flush,0,0,100,,,Y,78,N,2.43,0.0337,24,,,,,,synthetic_rule_physics_model
SCN00482,C009,Groundnuts (roasted),nuts_high_fat,ambient,S02,29.2,78.0,S09,6,29.2,1.0,60,2,49,6.3,0.3,,79.8,14.3,M10,Metallised BOPP / CPP laminate,45,50,1.0,130,good,conventional (no gas modification),,,,,,N,84,Y,1.29,0.016,43,,,,,,synthetic_rule_physics_model
SCN00483,C009,Groundnuts (roasted),nuts_high_fat,ambient,S01,22.7,48.0,S09,24,22.8,1.0,120,2,49,6.3,0.3,,50,36.3,M10,Metallised BOPP / CPP laminate,45,50,1.0,130,good,N2 flush,0,0,100,,,Y,178,Y,1.29,0.016,43,,,,,,synthetic_rule_physics_model
SCN00484,C009,Groundnuts (roasted),nuts_high_fat,ambient,S02,32.2,84.0,S09,48,32.3,0.25,90,2,49,6.3,0.3,,28.5,4.0,M11,Metallised PET / PE laminate,52,1.5,0.8,60,good,conventional (no gas modification),,,,,,N,56,N,3.85,0.0532,24,,,,,,synthetic_rule_physics_model
SCN00485,C009,Groundnuts (roasted),nuts_high_fat,ambient,S01,28.9,59.0,S09,24,29.0,0.1,60,2,49,6.3,0.3,,37.7,11.4,M11,Metallised PET / PE laminate,52,1.5,0.8,60,good,conventional (no gas modification),,,,,,N,83,Y,5.2,0.072,24,M09,PE/EVOH/PE coextruded film,60,83,,synthetic_rule_physics_model
SCN00486,C009,Groundnuts (roasted),nuts_high_fat,ambient,S01,29.2,42.0,S09,6,29.2,1.0,120,2,49,6.3,0.3,,39.9,23.0,M11,Metallised PET / PE laminate,52,1.5,0.8,60,good,N2 flush,0,0,100,,,Y,106,N,2.43,0.0337,24,M15,PVDC-coated cellophane,30,110,,synthetic_rule_physics_model
SCN00487,C009,Groundnuts (roasted),nuts_high_fat,ambient,S02,29.1,92.0,S09,24,29.1,0.5,180,2,49,6.3,0.3,,21.2,3.0,M11,Metallised PET / PE laminate,52,1.5,0.8,60,good,N2 flush,0,0,100,,,Y,113,N,3.06,0.0424,24,,,,,,synthetic_rule_physics_model
SCN00488,C009,Groundnuts (roasted),nuts_high_fat,ambient,S01,25.3,64.0,S09,24,25.3,1.0,240,2,49,6.3,0.3,,24.4,7.3,M11,Metallised PET / PE laminate,52,1.5,0.8,60,good,N2 flush,0,0,100,,,Y,150,N,2.43,0.0337,24,M09,PE/EVOH/PE coextruded film,60,143,,synthetic_rule_physics_model
SCN00489,C009,Groundnuts (roasted),nuts_high_fat,ambient,S01,24.2,53.0,S09,24,24.2,0.5,180,2,49,6.3,0.3,,27.6,12.7,M11,Metallised PET / PE laminate,52,1.5,0.8,60,good,N2 flush,0,0,100,,,Y,166,N,3.06,0.0424,24,M15,PVDC-coated cellophane,30,168,,synthetic_rule_physics_model
SCN00490,C009,Groundnuts (roasted),nuts_high_fat,ambient,S02,34.1,78.0,S09,24,34.1,1.0,180,2,49,6.3,0.3,,20.6,3.0,M11,Metallised PET / PE laminate,52,1.5,0.8,60,good,N2 flush,0,0,100,,,Y,68,N,2.43,0.0337,24,,,,,,synthetic_rule_physics_model
SCN00491,C009,Groundnuts (roasted),nuts_high_fat,ambient,S01,25.2,47.0,S09,24,25.2,0.5,90,2,49,6.3,0.3,,52.4,31.4,M10,Metallised BOPP / CPP laminate,45,50,1.0,130,good,conventional (no gas modification),,,,,,N,97,Y,1.62,0.0201,43,,,,,,synthetic_rule_physics_model
SCN00492,C009,Groundnuts (roasted),nuts_high_fat,ambient,S01,28.6,56.0,S09,48,28.6,0.1,180,2,49,6.3,0.3,,12.8,4.4,M11,Metallised PET / PE laminate,52,1.5,0.8,60,good,N2 flush,0,0,100,,,Y,109,N,5.2,0.072,24,,,,,,synthetic_rule_physics_model
SCN00493,C009,Groundnuts (roasted),nuts_high_fat,ambient,S01,29.2,63.0,S09,24,29.2,0.5,240,2,49,6.3,0.3,,15.8,4.2,M11,Metallised PET / PE laminate,52,1.5,0.8,60,good,N2 flush,0,0,100,,,Y,99,N,3.06,0.0424,24,,,,,,synthetic_rule_physics_model
SCN00494,C009,Groundnuts (roasted),nuts_high_fat,ambient,S01,23.5,56.0,S09,24,23.5,1.0,90,2,49,6.3,0.3,,71.9,31.0,M10,Metallised BOPP / CPP laminate,45,50,1.0,130,good,conventional (no gas modification),,,,,,N,135,Y,1.29,0.016,43,,,,,,synthetic_rule_physics_model
SCN00495,C009,Groundnuts (roasted),nuts_high_fat,ambient,S01,20.6,53.0,S09,48,20.7,0.5,90,2,49,6.3,0.3,,66.8,36.5,M10,Metallised BOPP / CPP laminate,45,50,1.0,130,good,conventional (no gas modification),,,,,,N,120,Y,1.62,0.0201,43,,,,,,synthetic_rule_physics_model
SCN00496,C009,Groundnuts (roasted),nuts_high_fat,ambient,S01,20.2,45.0,S09,24,20.3,1.0,120,2,49,6.3,0.3,,50,54.3,M10,Metallised BOPP / CPP laminate,45,50,1.0,130,good,N2 flush,0,0,100,,,Y,201,Y,1.29,0.016,43,,,,,,synthetic_rule_physics_model
SCN00497,C009,Groundnuts (roasted),nuts_high_fat,ambient,S02,28.3,77.0,S09,6,28.3,0.5,180,2,49,6.3,0.3,,22.2,4.3,M11,Metallised PET / PE laminate,52,1.5,0.8,60,good,N2 flush,0,0,100,,,Y,113,N,3.06,0.0424,24,,,,,,synthetic_rule_physics_model
SCN00498,C009,Groundnuts (roasted),nuts_high_fat,ambient,S03,33.0,30.0,S09,24,33.0,0.25,180,2,49,6.3,0.3,,13.8,6.7,M11,Metallised PET / PE laminate,52,1.5,0.8,60,good,N2 flush,0,0,100,,,Y,74,N,3.85,0.0532,24,,,,,,synthetic_rule_physics_model
SCN00499,C009,Groundnuts (roasted),nuts_high_fat,ambient,S01,31.9,45.0,S09,24,31.9,0.25,180,2,49,6.3,0.3,,14.6,7.5,M11,Metallised PET / PE laminate,52,1.5,0.8,60,good,N2 flush,0,0,100,,,Y,82,N,3.85,0.0532,24,M09,PE/EVOH/PE coextruded film,60,80,,synthetic_rule_physics_model
SCN00500,C009,Groundnuts (roasted),nuts_high_fat,ambient,S01,27.5,41.0,S09,48,27.6,0.5,180,2,49,6.3,0.3,,23.0,14.2,M11,Metallised PET / PE laminate,52,1.5,0.8,60,good,N2 flush,0,0,100,,,Y,121,N,3.06,0.0424,24,M15,PVDC-coated cellophane,30,127,,synthetic_rule_physics_model
SCN00501,C009,Groundnuts (roasted),nuts_high_fat,ambient,S01,28.0,64.0,S09,24,28.0,0.1,90,2,49,6.3,0.3,,26.4,7.0,M11,Metallised PET / PE laminate,52,1.5,0.8,60,good,conventional (no gas modification),,,,,,N,88,N,5.2,0.072,24,,,,,,synthetic_rule_physics_model
SCN00502,C009,Groundnuts (roasted),nuts_high_fat,ambient,S01,31.6,55.0,S09,6,31.6,0.25,120,2,49,6.3,0.3,,22.2,7.0,M11,Metallised PET / PE laminate,52,1.5,0.8,60,good,N2 flush,0,0,100,,,Y,83,N,3.85,0.0532,24,M09,PE/EVOH/PE coextruded film,60,85,,synthetic_rule_physics_model
SCN00503,C009,Groundnuts (roasted),nuts_high_fat,ambient,S02,30.7,94.0,S09,48,30.6,0.5,90,2,49,6.3,0.3,,39.2,4.9,M11,Metallised PET / PE laminate,52,1.5,0.8,60,good,conventional (no gas modification),,,,,,N,75,N,3.06,0.0424,24,,,,,,synthetic_rule_physics_model
SCN00504,C009,Groundnuts (roasted),nuts_high_fat,ambient,S02,28.9,85.0,S09,48,28.9,0.5,180,2,49,6.3,0.3,,21.4,3.4,M11,Metallised PET / PE laminate,52,1.5,0.8,60,good,N2 flush,0,0,100,,,Y,111,N,3.06,0.0424,24,,,,,,synthetic_rule_physics_model
SCN00505,C009,Groundnuts (roasted),nuts_high_fat,ambient,S01,21.6,62.0,S09,48,21.7,0.5,240,2,49,6.3,0.3,,23.7,8.9,M11,Metallised PET / PE laminate,52,1.5,0.8,60,good,N2 flush,0,0,100,,,Y,223,N,3.06,0.0424,24,M09,PE/EVOH/PE coextruded film,60,200,,synthetic_rule_physics_model
SCN00506,C009,Groundnuts (roasted),nuts_high_fat,ambient,S02,30.6,84.0,S09,48,30.7,0.25,60,2,49,6.3,0.3,,46.5,6.9,M11,Metallised PET / PE laminate,52,1.5,0.8,60,good,conventional (no gas modification),,,,,,N,71,Y,3.85,0.0532,24,,,,,,synthetic_rule_physics_model
SCN00507,C009,Groundnuts (roasted),nuts_high_fat,ambient,S01,23.5,47.0,S09,6,23.6,1.0,90,2,49,6.3,0.3,,71.9,48.5,M10,Metallised BOPP / CPP laminate,45,50,1.0,130,good,conventional (no gas modification),,,,,,N,126,Y,1.29,0.016,43,,,,,,synthetic_rule_physics_model
SCN00508,C009,Groundnuts (roasted),nuts_high_fat,ambient,S02,30.6,76.0,S09,48,30.6,0.25,240,2,49,6.3,0.3,,11.7,2.0,M11,Metallised PET / PE laminate,52,1.5,0.8,60,good,N2 flush,0,0,100,,,Y,91,N,3.85,0.0532,24,,,,,,synthetic_rule_physics_model
SCN00509,C009,Groundnuts (roasted),nuts_high_fat,ambient,S02,32.4,87.0,S09,48,32.5,0.1,60,2,49,6.3,0.3,,31.3,4.1,M11,Metallised PET / PE laminate,52,1.5,0.8,60,good,conventional (no gas modification),,,,,,N,60,Y,5.2,0.072,24,,,,,,synthetic_rule_physics_model
SCN00510,C009,Groundnuts (roasted),nuts_high_fat,ambient,S03,32.1,21.0,S09,48,32.1,0.1,240,2,49,6.3,0.3,,8.0,4.1,M11,Metallised PET / PE laminate,52,1.5,0.8,60,good,N2 flush,0,0,100,,,Y,80,N,5.2,0.072,24,,,,,,synthetic_rule_physics_model
SCN00511,C009,Groundnuts (roasted),nuts_high_fat,ambient,S03,37.9,33.0,S09,48,37.7,0.5,90,2,49,6.3,0.3,,27.3,10.9,M11,Metallised PET / PE laminate,52,1.5,0.8,60,good,conventional (no gas modification),,,,,,N,37,N,3.06,0.0424,24,M09,PE/EVOH/PE coextruded film,60,37,,synthetic_rule_physics_model
SCN00512,C009,Groundnuts (roasted),nuts_high_fat,ambient,S03,37.9,43.0,S09,48,37.8,0.1,120,2,49,6.3,0.3,,12.0,4.8,M11,Metallised PET / PE laminate,52,1.5,0.8,60,good,N2 flush,0,0,100,,,Y,48,N,5.2,0.072,24,,,,,,synthetic_rule_physics_model
SCN00513,C009,Groundnuts (roasted),nuts_high_fat,ambient,S03,39.5,21.0,S09,6,39.5,0.1,120,2,49,6.3,0.3,,11.0,4.1,M11,Metallised PET / PE laminate,52,1.5,0.8,60,good,N2 flush,0,0,100,,,Y,38,N,5.2,0.072,24,,,,,,synthetic_rule_physics_model
SCN00514,C009,Groundnuts (roasted),nuts_high_fat,ambient,S03,41.5,22.0,S09,48,41.4,0.25,90,2,49,6.3,0.3,,18.2,6.2,M11,Metallised PET / PE laminate,52,1.5,0.8,60,good,conventional (no gas modification),,,,,,N,26,N,3.85,0.0532,24,,,,,,synthetic_rule_physics_model
SCN00515,C009,Groundnuts (roasted),nuts_high_fat,ambient,S03,36.7,34.0,S09,48,36.7,0.5,180,2,49,6.3,0.3,,14.4,6.0,M11,Metallised PET / PE laminate,52,1.5,0.8,60,good,N2 flush,0,0,100,,,Y,51,N,3.06,0.0424,24,,,,,,synthetic_rule_physics_model
SCN00516,C009,Groundnuts (roasted),nuts_high_fat,ambient,S02,35.1,78.0,S09,48,35.0,0.5,90,2,49,6.3,0.3,,31.3,4.3,M11,Metallised PET / PE laminate,52,1.5,0.8,60,good,conventional (no gas modification),,,,,,N,50,N,3.06,0.0424,24,,,,,,synthetic_rule_physics_model
SCN00517,C009,Groundnuts (roasted),nuts_high_fat,ambient,S01,23.8,65.0,S09,48,23.9,1.0,120,2,49,6.3,0.3,,50,16.7,M10,Metallised BOPP / CPP laminate,45,50,1.0,130,good,N2 flush,0,0,100,,,Y,165,Y,1.29,0.016,43,,,,,,synthetic_rule_physics_model
SCN00518,C009,Groundnuts (roasted),nuts_high_fat,ambient,S01,26.5,49.0,S09,24,26.6,0.5,180,2,49,6.3,0.3,,24.2,12.1,M11,Metallised PET / PE laminate,52,1.5,0.8,60,good,N2 flush,0,0,100,,,Y,135,N,3.06,0.0424,24,M15,PVDC-coated cellophane,30,135,,synthetic_rule_physics_model
SCN00519,C009,Groundnuts (roasted),nuts_high_fat,ambient,S01,23.4,40.0,S09,6,23.4,0.1,120,2,49,6.3,0.3,,25.4,19.0,M11,Metallised PET / PE laminate,52,1.5,0.8,60,good,N2 flush,0,0,100,,,Y,181,Y,5.2,0.072,24,M15,PVDC-coated cellophane,30,186,,synthetic_rule_physics_model
SCN00520,C009,Groundnuts (roasted),nuts_high_fat,ambient,S02,35.5,91.0,S09,6,35.5,0.25,60,2,49,6.3,0.3,,36.3,3.9,M11,Metallised PET / PE laminate,52,1.5,0.8,60,good,conventional (no gas modification),,,,,,N,45,N,3.85,0.0532,24,,,,,,synthetic_rule_physics_model
SCN00521,C009,Groundnuts (roasted),nuts_high_fat,ambient,S01,30.7,46.0,S09,6,30.7,1.0,240,2,49,6.3,0.3,,18.4,9.2,M11,Metallised PET / PE laminate,52,1.5,0.8,60,good,N2 flush,0,0,100,,,Y,93,N,2.43,0.0337,24,M09,PE/EVOH/PE coextruded film,60,92,,synthetic_rule_physics_model
SCN00522,C009,Groundnuts (roasted),nuts_high_fat,ambient,S02,29.4,92.0,S09,48,29.4,0.1,240,2,49,6.3,0.3,,9.2,1.3,M11,Metallised PET / PE laminate,52,1.5,0.8,60,good,N2 flush,0,0,100,,,Y,97,N,5.2,0.072,24,,,,,,synthetic_rule_physics_model
SCN00523,C009,Groundnuts (roasted),nuts_high_fat,ambient,S01,28.8,54.0,S09,24,28.7,0.5,120,2,49,6.3,0.3,,32.4,11.7,M11,Metallised PET / PE laminate,52,1.5,0.8,60,good,N2 flush,0,0,100,,,Y,103,N,3.06,0.0424,24,M09,PE/EVOH/PE coextruded film,60,115,,synthetic_rule_physics_model
SCN00524,C009,Groundnuts (roasted),nuts_high_fat,ambient,S03,32.7,36.0,S09,24,32.6,1.0,60,2,49,6.3,0.3,,66.7,33.1,M10,Metallised BOPP / CPP laminate,45,50,1.0,130,good,conventional (no gas modification),,,,,,N,58,N,1.29,0.016,43,,,,,,synthetic_rule_physics_model
SCN00525,C009,Groundnuts (roasted),nuts_high_fat,ambient,S02,30.6,89.0,S09,48,30.7,1.0,180,2,49,6.3,0.3,,24.6,3.4,M11,Metallised PET / PE laminate,52,1.5,0.8,60,good,N2 flush,0,0,100,,,Y,92,N,2.43,0.0337,24,,,,,,synthetic_rule_physics_model
SCN00526,C009,Groundnuts (roasted),nuts_high_fat,ambient,S02,28.7,84.0,S09,24,28.7,0.5,60,2,49,6.3,0.3,,65.0,10.7,M10,Metallised BOPP / CPP laminate,45,50,1.0,130,good,conventional (no gas modification),,,,,,N,77,Y,1.62,0.0201,43,,,,,,synthetic_rule_physics_model
SCN00527,C009,Groundnuts (roasted),nuts_high_fat,ambient,S01,21.0,53.0,S09,48,21.1,0.25,180,2,49,6.3,0.3,,26.0,14.5,M11,Metallised PET / PE laminate,52,1.5,0.8,60,good,N2 flush,0,0,100,,,Y,222,Y,3.85,0.0532,24,M15,PVDC-coated cellophane,30,220,,synthetic_rule_physics_model
SCN00528,C009,Groundnuts (roasted),nuts_high_fat,ambient,S02,32.5,95.0,S09,24,32.5,0.5,180,2,49,6.3,0.3,,17.8,2.1,M11,Metallised PET / PE laminate,52,1.5,0.8,60,good,N2 flush,0,0,100,,,Y,82,N,3.06,0.0424,24,,,,,,synthetic_rule_physics_model
SCN00529,C009,Groundnuts (roasted),nuts_high_fat,ambient,S02,32.6,77.0,S09,24,32.6,0.25,120,2,49,6.3,0.3,,21.1,3.3,M11,Metallised PET / PE laminate,52,1.5,0.8,60,good,N2 flush,0,0,100,,,Y,77,N,3.85,0.0532,24,,,,,,synthetic_rule_physics_model
SCN00530,C009,Groundnuts (roasted),nuts_high_fat,ambient,S01,31.9,55.0,S09,6,31.9,0.25,180,2,49,6.3,0.3,,14.6,4.4,M11,Metallised PET / PE laminate,52,1.5,0.8,60,good,N2 flush,0,0,100,,,Y,83,N,3.85,0.0532,24,,,,,,synthetic_rule_physics_model
SCN00531,C009,Groundnuts (roasted),nuts_high_fat,ambient,S03,32.8,37.0,S09,48,33.0,0.1,60,2,49,6.3,0.3,,30.6,15.0,M11,Metallised PET / PE laminate,52,1.5,0.8,60,good,conventional (no gas modification),,,,,,N,63,Y,5.2,0.072,24,M15,PVDC-coated cellophane,30,60,,synthetic_rule_physics_model
SCN00532,C009,Groundnuts (roasted),nuts_high_fat,ambient,S03,40.4,41.0,S09,24,40.4,0.1,120,2,49,6.3,0.3,,10.6,3.8,M11,Metallised PET / PE laminate,52,1.5,0.8,60,good,N2 flush,0,0,100,,,Y,37,N,5.2,0.072,24,,,,,,synthetic_rule_physics_model
SCN00533,C009,Groundnuts (roasted),nuts_high_fat,ambient,S02,29.7,86.0,S09,24,29.8,0.25,60,2,49,6.3,0.3,,48.9,7.4,M11,Metallised PET / PE laminate,52,1.5,0.8,60,good,conventional (no gas modification),,,,,,N,78,Y,3.85,0.0532,24,M09,PE/EVOH/PE coextruded film,60,60,,synthetic_rule_physics_model
SCN00534,C009,Groundnuts (roasted),nuts_high_fat,ambient,S01,22.0,47.0,S09,48,22.2,0.1,180,2,49,6.3,0.3,,18.1,12.6,M11,Metallised PET / PE laminate,52,1.5,0.8,60,good,N2 flush,0,0,100,,,Y,196,Y,5.2,0.072,24,M15,PVDC-coated cellophane,30,192,,synthetic_rule_physics_model
SCN00535,C009,Groundnuts (roasted),nuts_high_fat,ambient,S02,33.3,93.0,S09,6,33.3,0.5,180,2,49,6.3,0.3,,17.1,1.9,M11,Metallised PET / PE laminate,52,1.5,0.8,60,good,N2 flush,0,0,100,,,Y,73,N,3.06,0.0424,24,,,,,,synthetic_rule_physics_model
SCN00536,C009,Groundnuts (roasted),nuts_high_fat,ambient,S03,36.1,38.0,S09,6,36.1,0.1,90,2,49,6.3,0.3,,17.4,7.4,M11,Metallised PET / PE laminate,52,1.5,0.8,60,good,conventional (no gas modification),,,,,,N,41,N,5.2,0.072,24,M09,PE/EVOH/PE coextruded film,60,43,,synthetic_rule_physics_model
SCN00537,C009,Groundnuts (roasted),nuts_high_fat,ambient,S03,30.3,26.0,S09,6,30.3,1.0,90,2,49,6.3,0.3,,50.2,27.6,M10,Metallised BOPP / CPP laminate,45,50,1.0,130,good,conventional (no gas modification),,,,,,N,73,N,1.29,0.016,43,,,,,,synthetic_rule_physics_model
SCN00538,C009,Groundnuts (roasted),nuts_high_fat,ambient,S02,29.9,95.0,S09,6,29.9,0.5,180,2,49,6.3,0.3,,20.4,2.6,M11,Metallised PET / PE laminate,52,1.5,0.8,60,good,N2 flush,0,0,100,,,Y,103,N,3.06,0.0424,24,,,,,,synthetic_rule_physics_model
SCN00539,C009,Groundnuts (roasted),nuts_high_fat,ambient,S03,41.4,26.0,S09,48,41.1,0.25,60,2,49,6.3,0.3,,27.6,9.6,M11,Metallised PET / PE laminate,52,1.5,0.8,60,good,conventional (no gas modification),,,,,,N,25,N,3.85,0.0532,24,M09,PE/EVOH/PE coextruded film,60,29,,synthetic_rule_physics_model
SCN00540,C009,Groundnuts (roasted),nuts_high_fat,ambient,S02,33.0,80.0,S09,24,33.0,0.5,240,2,49,6.3,0.3,,13.0,1.9,M11,Metallised PET / PE laminate,52,1.5,0.8,60,good,N2 flush,0,0,100,,,Y,74,N,3.06,0.0424,24,,,,,,synthetic_rule_physics_model
SCN00541,C010,Cashew kernels,nuts_high_fat,ambient,S02,32.6,89.0,S09,6,32.6,0.25,270,5,44,6.0,0.35,,9.4,1.3,M11,Metallised PET / PE laminate,52,1.5,0.8,60,good,N2 flush,0,0,100,,,Y,117,N,3.85,0.0532,24,,,,,,synthetic_rule_physics_model
SCN00542,C010,Cashew kernels,nuts_high_fat,ambient,S02,32.5,78.0,S09,24,32.5,0.1,135,5,44,6.0,0.35,,13.9,2.4,M11,Metallised PET / PE laminate,52,1.5,0.8,60,good,conventional (no gas modification),,,,,,N,91,N,5.2,0.072,24,,,,,,synthetic_rule_physics_model
SCN00543,C010,Cashew kernels,nuts_high_fat,ambient,S01,23.8,64.0,S09,6,23.8,0.5,135,5,44,6.0,0.35,,37.5,14.1,M11,Metallised PET / PE laminate,52,1.5,0.8,60,good,conventional (no gas modification),,,,,,N,196,Y,3.06,0.0424,24,M15,PVDC-coated cellophane,30,162,,synthetic_rule_physics_model
SCN00544,C010,Cashew kernels,nuts_high_fat,ambient,S02,32.9,80.0,S09,48,32.8,0.25,135,5,44,6.0,0.35,,18.5,3.0,M11,Metallised PET / PE laminate,52,1.5,0.8,60,good,conventional (no gas modification),,,,,,N,89,N,3.85,0.0532,24,,,,,,synthetic_rule_physics_model
SCN00545,C010,Cashew kernels,nuts_high_fat,ambient,S01,21.0,59.0,S09,6,21.0,1.0,180,5,44,6.0,0.35,,41.4,21.3,M11,Metallised PET / PE laminate,52,1.5,0.8,60,good,N2 flush,0,0,100,,,Y,348,Y,2.43,0.0337,24,M15,PVDC-coated cellophane,30,308,,synthetic_rule_physics_model
SCN00546,C010,Cashew kernels,nuts_high_fat,ambient,S01,22.3,41.0,S09,6,22.3,0.5,270,5,44,6.0,0.35,,20.4,16.1,M11,Metallised PET / PE laminate,52,1.5,0.8,60,good,N2 flush,0,0,100,,,Y,297,Y,3.06,0.0424,24,M15,PVDC-coated cellophane,30,263,,synthetic_rule_physics_model
SCN00547,C010,Cashew kernels,nuts_high_fat,ambient,S02,28.5,94.0,S09,24,28.6,1.0,180,5,44,6.0,0.35,,27.4,4.2,M11,Metallised PET / PE laminate,52,1.5,0.8,60,good,N2 flush,0,0,100,,,Y,174,N,2.43,0.0337,24,,,,,,synthetic_rule_physics_model
SCN00548,C010,Cashew kernels,nuts_high_fat,ambient,S02,32.9,91.0,S09,6,32.9,0.1,360,5,44,6.0,0.35,,5.1,0.7,M12,PET / Aluminium foil / PE laminate,71,0.0,0.01,55,good,N2 flush,0,0,100,,,Y,111,N,16.39,0.1878,16,,,,,,synthetic_rule_physics_model
SCN00549,C010,Cashew kernels,nuts_high_fat,ambient,S02,34.6,76.0,S09,48,34.6,1.0,90,5,44,6.0,0.35,,40.2,6.7,M11,Metallised PET / PE laminate,52,1.5,0.8,60,good,conventional (no gas modification),,,,,,N,71,N,2.43,0.0337,24,,,,,,synthetic_rule_physics_model
SCN00550,C010,Cashew kernels,nuts_high_fat,ambient,S03,32.3,31.0,S09,6,32.3,0.5,270,5,44,6.0,0.35,,12.0,6.0,M11,Metallised PET / PE laminate,52,1.5,0.8,60,good,N2 flush,0,0,100,,,Y,125,N,3.06,0.0424,24,,,,,,synthetic_rule_physics_model
SCN00551,C010,Cashew kernels,nuts_high_fat,ambient,S02,32.9,76.0,S09,48,32.8,1.0,90,5,44,6.0,0.35,,44.1,7.9,M11,Metallised PET / PE laminate,52,1.5,0.8,60,good,conventional (no gas modification),,,,,,N,86,N,2.43,0.0337,24,M09,PE/EVOH/PE coextruded film,60,88,,synthetic_rule_physics_model
SCN00552,C010,Cashew kernels,nuts_high_fat,ambient,S02,35.2,86.0,S09,24,35.1,0.1,135,5,44,6.0,0.35,,12.2,1.6,M11,Metallised PET / PE laminate,52,1.5,0.8,60,good,conventional (no gas modification),,,,,,N,67,N,5.2,0.072,24,,,,,,synthetic_rule_physics_model
SCN00553,C010,Cashew kernels,nuts_high_fat,ambient,S01,25.5,46.0,S09,6,25.5,0.25,90,5,44,6.0,0.35,,40.9,27.9,M11,Metallised PET / PE laminate,52,1.5,0.8,60,good,conventional (no gas modification),,,,,,N,166,Y,3.85,0.0532,24,M15,PVDC-coated cellophane,30,178,,synthetic_rule_physics_model
SCN00554,C010,Cashew kernels,nuts_high_fat,ambient,S01,26.3,50.0,S09,48,26.3,0.25,270,5,44,6.0,0.35,,13.0,8.5,M11,Metallised PET / PE laminate,52,1.5,0.8,60,good,N2 flush,0,0,100,,,Y,213,N,3.85,0.0532,24,M09,PE/EVOH/PE coextruded film,60,197,,synthetic_rule_physics_model
SCN00555,C010,Cashew kernels,nuts_high_fat,ambient,S03,36.8,36.0,S09,24,36.8,0.25,90,5,44,6.0,0.35,,22.7,9.4,M11,Metallised PET / PE laminate,52,1.5,0.8,60,good,conventional (no gas modification),,,,,,N,64,N,3.85,0.0532,24,M09,PE/EVOH/PE coextruded film,60,60,,synthetic_rule_physics_model
SCN00556,C010,Cashew kernels,nuts_high_fat,ambient,S03,33.5,25.0,S09,24,33.5,0.1,360,5,44,6.0,0.35,,5.0,2.4,M11,Metallised PET / PE laminate,52,1.5,0.8,60,good,N2 flush,0,0,100,,,Y,114,N,5.2,0.072,24,,,,,,synthetic_rule_physics_model
SCN00557,C010,Cashew kernels,nuts_high_fat,ambient,S01,26.0,52.0,S09,6,26.0,1.0,135,5,44,6.0,0.35,,42.0,24.0,M11,Metallised PET / PE laminate,52,1.5,0.8,60,good,conventional (no gas modification),,,,,,N,158,Y,2.43,0.0337,24,M15,PVDC-coated cellophane,30,160,,synthetic_rule_physics_model
SCN00558,C010,Cashew kernels,nuts_high_fat,ambient,S02,28.6,87.0,S09,6,28.7,0.25,90,5,44,6.0,0.35,,34.6,5.9,M11,Metallised PET / PE laminate,52,1.5,0.8,60,good,conventional (no gas modification),,,,,,N,133,Y,3.85,0.0532,24,,,,,,synthetic_rule_physics_model
SCN00559,C010,Cashew kernels,nuts_high_fat,ambient,S01,30.2,57.0,S09,6,30.2,0.1,90,5,44,6.0,0.35,,23.5,8.9,M11,Metallised PET / PE laminate,52,1.5,0.8,60,good,conventional (no gas modification),,,,,,N,117,Y,5.2,0.072,24,M09,PE/EVOH/PE coextruded film,60,109,,synthetic_rule_physics_model
SCN00560,C010,Cashew kernels,nuts_high_fat,ambient,S02,32.9,89.0,S09,48,32.9,0.25,270,5,44,6.0,0.35,,9.2,1.3,M11,Metallised PET / PE laminate,52,1.5,0.8,60,good,N2 flush,0,0,100,,,Y,115,N,3.85,0.0532,24,,,,,,synthetic_rule_physics_model
SCN00561,C010,Cashew kernels,nuts_high_fat,ambient,S02,35.5,77.0,S09,24,35.4,1.0,90,5,44,6.0,0.35,,38.5,6.1,M11,Metallised PET / PE laminate,52,1.5,0.8,60,good,conventional (no gas modification),,,,,,N,70,N,2.43,0.0337,24,,,,,,synthetic_rule_physics_model
SCN00562,C010,Cashew kernels,nuts_high_fat,ambient,S02,29.0,92.0,S09,48,29.0,0.25,135,5,44,6.0,0.35,,22.6,3.4,M11,Metallised PET / PE laminate,52,1.5,0.8,60,good,conventional (no gas modification),,,,,,N,123,N,3.85,0.0532,24,,,,,,synthetic_rule_physics_model
SCN00563,C010,Cashew kernels,nuts_high_fat,ambient,S01,26.9,64.0,S09,48,26.9,0.5,270,5,44,6.0,0.35,,15.9,5.2,M11,Metallised PET / PE laminate,52,1.5,0.8,60,good,N2 flush,0,0,100,,,Y,201,N,3.06,0.0424,24,,,,,,synthetic_rule_physics_model
SCN00564,C010,Cashew kernels,nuts_high_fat,ambient,S02,33.0,94.0,S09,6,33.0,1.0,270,5,44,6.0,0.35,,14.5,1.8,M11,Metallised PET / PE laminate,52,1.5,0.8,60,good,N2 flush,0,0,100,,,Y,110,N,2.43,0.0337,24,,,,,,synthetic_rule_physics_model
SCN00565,C010,Cashew kernels,nuts_high_fat,ambient,S03,32.8,27.0,S09,48,32.7,1.0,90,5,44,6.0,0.35,,44.3,21.9,M11,Metallised PET / PE laminate,52,1.5,0.8,60,good,conventional (no gas modification),,,,,,N,93,Y,2.43,0.0337,24,M15,PVDC-coated cellophane,30,84,,synthetic_rule_physics_model
SCN00566,C010,Cashew kernels,nuts_high_fat,ambient,S03,35.0,28.0,S09,48,35.0,0.1,135,5,44,6.0,0.35,,12.3,5.5,M11,Metallised PET / PE laminate,52,1.5,0.8,60,good,conventional (no gas modification),,,,,,N,71,N,5.2,0.072,24,,,,,,synthetic_rule_physics_model
SCN00567,C010,Cashew kernels,nuts_high_fat,ambient,S01,26.1,48.0,S09,48,26.2,0.5,270,5,44,6.0,0.35,,16.5,10.9,M11,Metallised PET / PE laminate,52,1.5,0.8,60,good,N2 flush,0,0,100,,,Y,225,N,3.06,0.0424,24,M09,PE/EVOH/PE coextruded film,60,191,,synthetic_rule_physics_model
SCN00568,C010,Cashew kernels,nuts_high_fat,ambient,S03,32.3,41.0,S09,48,32.3,1.0,90,5,44,6.0,0.35,,45.1,22.6,M11,Metallised PET / PE laminate,52,1.5,0.8,60,good,conventional (no gas modification),,,,,,N,88,N,2.43,0.0337,24,M15,PVDC-coated cellophane,30,93,,synthetic_rule_physics_model
SCN00569,C010,Cashew kernels,nuts_high_fat,ambient,S02,34.9,93.0,S09,24,34.9,0.1,360,5,44,6.0,0.35,,4.6,0.5,M12,PET / Aluminium foil / PE laminate,71,0.0,0.01,55,good,N2 flush,0,0,100,,,Y,96,N,16.39,0.1878,16,,,,,,synthetic_rule_physics_model
SCN00570,C010,Cashew kernels,nuts_high_fat,ambient,S02,33.4,86.0,S09,6,33.4,0.5,180,5,44,6.0,0.35,,17.0,2.4,M11,Metallised PET / PE laminate,52,1.5,0.8,60,good,N2 flush,0,0,100,,,Y,112,N,3.06,0.0424,24,,,,,,synthetic_rule_physics_model
SCN00571,C010,Cashew kernels,nuts_high_fat,ambient,S01,31.8,56.0,S09,48,31.8,1.0,135,5,44,6.0,0.35,,30.8,11.5,M11,Metallised PET / PE laminate,52,1.5,0.8,60,good,conventional (no gas modification),,,,,,N,96,N,2.43,0.0337,24,M09,PE/EVOH/PE coextruded film,60,101,,synthetic_rule_physics_model
SCN00572,C010,Cashew kernels,nuts_high_fat,ambient,S01,30.3,58.0,S09,24,30.3,0.25,180,5,44,6.0,0.35,,15.9,5.8,M11,Metallised PET / PE laminate,52,1.5,0.8,60,good,N2 flush,0,0,100,,,Y,151,N,3.85,0.0532,24,,,,,,synthetic_rule_physics_model
SCN00573,C010,Cashew kernels,nuts_high_fat,ambient,S03,33.6,33.0,S09,6,33.6,0.1,135,5,44,6.0,0.35,,13.2,6.2,M11,Metallised PET / PE laminate,52,1.5,0.8,60,good,conventional (no gas modification),,,,,,N,81,N,5.2,0.072,24,,,,,,synthetic_rule_physics_model
SCN00574,C010,Cashew kernels,nuts_high_fat,ambient,S02,32.0,79.0,S09,6,32.0,0.5,180,5,44,6.0,0.35,,18.2,3.2,M11,Metallised PET / PE laminate,52,1.5,0.8,60,good,N2 flush,0,0,100,,,Y,124,N,3.06,0.0424,24,,,,,,synthetic_rule_physics_model
SCN00575,C010,Cashew kernels,nuts_high_fat,ambient,S02,28.8,95.0,S09,24,28.9,0.25,90,5,44,6.0,0.35,,34.1,5.0,M11,Metallised PET / PE laminate,52,1.5,0.8,60,good,conventional (no gas modification),,,,,,N,118,Y,3.85,0.0532,24,,,,,,synthetic_rule_physics_model
SCN00576,C010,Cashew kernels,nuts_high_fat,ambient,S01,23.7,41.0,S09,6,23.7,0.5,270,5,44,6.0,0.35,,18.9,13.9,M11,Metallised PET / PE laminate,52,1.5,0.8,60,good,N2 flush,0,0,100,,,Y,276,Y,3.06,0.0424,24,M15,PVDC-coated cellophane,30,277,,synthetic_rule_physics_model
SCN00577,C010,Cashew kernels,nuts_high_fat,ambient,S02,28.2,90.0,S09,24,28.2,0.25,135,5,44,6.0,0.35,,23.6,3.9,M11,Metallised PET / PE laminate,52,1.5,0.8,60,good,conventional (no gas modification),,,,,,N,140,Y,3.85,0.0532,24,,,,,,synthetic_rule_physics_model
SCN00578,C010,Cashew kernels,nuts_high_fat,ambient,S01,23.8,51.0,S09,6,23.8,0.5,90,5,44,6.0,0.35,,56.3,38.7,M10,Metallised BOPP / CPP laminate,45,50,1.0,130,good,conventional (no gas modification),,,,,,N,106,Y,1.62,0.0201,43,,,,,,synthetic_rule_physics_model
SCN00579,C010,Cashew kernels,nuts_high_fat,ambient,S01,26.5,54.0,S09,6,26.5,0.5,360,5,44,6.0,0.35,,12.2,6.3,M11,Metallised PET / PE laminate,52,1.5,0.8,60,good,N2 flush,0,0,100,,,Y,201,N,3.06,0.0424,24,,,,,,synthetic_rule_physics_model
SCN00580,C010,Cashew kernels,nuts_high_fat,ambient,S01,23.7,62.0,S09,48,23.8,0.1,270,5,44,6.0,0.35,,11.1,4.5,M11,Metallised PET / PE laminate,52,1.5,0.8,60,good,N2 flush,0,0,100,,,Y,272,Y,5.2,0.072,24,,,,,,synthetic_rule_physics_model
SCN00581,C010,Cashew kernels,nuts_high_fat,ambient,S01,24.7,58.0,S09,24,24.7,1.0,360,5,44,6.0,0.35,,16.8,7.9,M11,Metallised PET / PE laminate,52,1.5,0.8,60,good,N2 flush,0,0,100,,,Y,243,N,2.43,0.0337,24,M09,PE/EVOH/PE coextruded film,60,233,,synthetic_rule_physics_model
SCN00582,C010,Cashew kernels,nuts_high_fat,ambient,S02,33.4,86.0,S09,6,33.4,1.0,360,5,44,6.0,0.35,,10.7,1.5,M11,Metallised PET / PE laminate,52,1.5,0.8,60,good,N2 flush,0,0,100,,,Y,116,N,2.43,0.0337,24,,,,,,synthetic_rule_physics_model
SCN00583,C010,Cashew kernels,nuts_high_fat,ambient,S01,29.6,57.0,S09,6,29.6,1.0,270,5,44,6.0,0.35,,17.3,6.5,M11,Metallised PET / PE laminate,52,1.5,0.8,60,good,N2 flush,0,0,100,,,Y,156,N,2.43,0.0337,24,,,,,,synthetic_rule_physics_model
SCN00584,C010,Cashew kernels,nuts_high_fat,ambient,S03,33.1,29.0,S09,24,33.1,0.5,180,5,44,6.0,0.35,,17.2,8.3,M11,Metallised PET / PE laminate,52,1.5,0.8,60,good,N2 flush,0,0,100,,,Y,110,N,3.06,0.0424,24,M09,PE/EVOH/PE coextruded film,60,109,,synthetic_rule_physics_model
SCN00585,C010,Cashew kernels,nuts_high_fat,ambient,S01,25.7,61.0,S09,6,25.7,0.25,360,5,44,6.0,0.35,,10.1,3.9,M11,Metallised PET / PE laminate,52,1.5,0.8,60,good,N2 flush,0,0,100,,,Y,219,N,3.85,0.0532,24,,,,,,synthetic_rule_physics_model
SCN00586,C010,Cashew kernels,nuts_high_fat,ambient,S02,33.7,77.0,S09,24,33.7,0.5,360,5,44,6.0,0.35,,8.4,1.4,M11,Metallised PET / PE laminate,52,1.5,0.8,60,good,N2 flush,0,0,100,,,Y,102,N,3.06,0.0424,24,,,,,,synthetic_rule_physics_model
SCN00587,C010,Cashew kernels,nuts_high_fat,ambient,S02,32.4,94.0,S09,48,32.4,1.0,270,5,44,6.0,0.35,,15.0,1.9,M11,Metallised PET / PE laminate,52,1.5,0.8,60,good,N2 flush,0,0,100,,,Y,122,N,2.43,0.0337,24,,,,,,synthetic_rule_physics_model
SCN00588,C010,Cashew kernels,nuts_high_fat,ambient,S02,32.4,80.0,S09,48,32.2,1.0,90,5,44,6.0,0.35,,45.4,7.7,M11,Metallised PET / PE laminate,52,1.5,0.8,60,good,conventional (no gas modification),,,,,,N,90,Y,2.43,0.0337,24,M09,PE/EVOH/PE coextruded film,60,91,,synthetic_rule_physics_model
SCN00589,C010,Cashew kernels,nuts_high_fat,ambient,S01,25.3,48.0,S09,24,25.4,1.0,180,5,44,6.0,0.35,,32.5,22.2,M11,Metallised PET / PE laminate,52,1.5,0.8,60,good,N2 flush,0,0,100,,,Y,224,Y,2.43,0.0337,24,M15,PVDC-coated cellophane,30,223,,synthetic_rule_physics_model
SCN00590,C010,Cashew kernels,nuts_high_fat,ambient,S01,21.7,55.0,S09,24,21.8,0.25,135,5,44,6.0,0.35,,33.4,20.8,M11,Metallised PET / PE laminate,52,1.5,0.8,60,good,conventional (no gas modification),,,,,,N,232,Y,3.85,0.0532,24,M15,PVDC-coated cellophane,30,232,,synthetic_rule_physics_model
SCN00591,C010,Cashew kernels,nuts_high_fat,ambient,S02,29.6,89.0,S09,48,29.6,0.5,270,5,44,6.0,0.35,,13.8,2.2,M11,Metallised PET / PE laminate,52,1.5,0.8,60,good,N2 flush,0,0,100,,,Y,159,N,3.06,0.0424,24,,,,,,synthetic_rule_physics_model
SCN00592,C010,Cashew kernels,nuts_high_fat,ambient,S01,20.1,65.0,S09,24,20.2,0.5,90,5,44,6.0,0.35,,68.9,30.5,M10,Metallised BOPP / CPP laminate,45,50,1.0,130,good,conventional (no gas modification),,,,,,N,124,Y,1.62,0.0201,43,,,,,,synthetic_rule_physics_model
SCN00593,C010,Cashew kernels,nuts_high_fat,ambient,S03,41.6,20.0,S09,6,41.6,0.1,180,5,44,6.0,0.35,,6.6,2.2,M11,Metallised PET / PE laminate,52,1.5,0.8,60,good,N2 flush,0,0,100,,,Y,51,N,5.2,0.072,24,,,,,,synthetic_rule_physics_model
SCN00594,C010,Cashew kernels,nuts_high_fat,ambient,S01,23.8,50.0,S09,6,23.8,0.25,270,5,44,6.0,0.35,,14.9,11.0,M11,Metallised PET / PE laminate,52,1.5,0.8,60,good,N2 flush,0,0,100,,,Y,277,Y,3.85,0.0532,24,M09,PE/EVOH/PE coextruded film,60,264,,synthetic_rule_physics_model
SCN00595,C010,Cashew kernels,nuts_high_fat,ambient,S03,40.1,24.0,S09,6,40.1,0.25,90,5,44,6.0,0.35,,19.3,7.0,M11,Metallised PET / PE laminate,52,1.5,0.8,60,good,conventional (no gas modification),,,,,,N,47,N,3.85,0.0532,24,,,,,,synthetic_rule_physics_model
SCN00596,C010,Cashew kernels,nuts_high_fat,ambient,S02,29.2,93.0,S09,6,29.2,0.25,90,5,44,6.0,0.35,,33.6,5.0,M11,Metallised PET / PE laminate,52,1.5,0.8,60,good,conventional (no gas modification),,,,,,N,119,Y,3.85,0.0532,24,,,,,,synthetic_rule_physics_model
SCN00597,C010,Cashew kernels,nuts_high_fat,ambient,S02,34.3,87.0,S09,24,34.3,1.0,360,5,44,6.0,0.35,,10.2,1.4,M11,Metallised PET / PE laminate,52,1.5,0.8,60,good,N2 flush,0,0,100,,,Y,97,N,2.43,0.0337,24,,,,,,synthetic_rule_physics_model
SCN00598,C010,Cashew kernels,nuts_high_fat,ambient,S01,22.7,51.0,S09,24,22.7,0.25,360,5,44,6.0,0.35,,11.9,8.8,M11,Metallised PET / PE laminate,52,1.5,0.8,60,good,N2 flush,0,0,100,,,Y,276,N,3.85,0.0532,24,M09,PE/EVOH/PE coextruded film,60,296,,synthetic_rule_physics_model
SCN00599,C010,Cashew kernels,nuts_high_fat,ambient,S01,31.7,54.0,S09,6,31.7,1.0,90,5,44,6.0,0.35,,46.5,18.7,M11,Metallised PET / PE laminate,52,1.5,0.8,60,good,conventional (no gas modification),,,,,,N,97,Y,2.43,0.0337,24,M15,PVDC-coated cellophane,30,92,,synthetic_rule_physics_model
SCN00600,C010,Cashew kernels,nuts_high_fat,ambient,S03,39.0,27.0,S09,24,39.0,0.1,135,5,44,6.0,0.35,,10.1,3.8,M11,Metallised PET / PE laminate,52,1.5,0.8,60,good,conventional (no gas modification),,,,,,N,48,N,5.2,0.072,24,,,,,,synthetic_rule_physics_model
SCN00601,C011,Almonds,nuts_high_fat,ambient,S02,33.5,86.0,S09,6,33.5,0.5,730,5,50,6.2,0.4,,8.3,0.7,M12,PET / Aluminium foil / PE laminate,71,0.0,0.01,55,good,N2 flush,0,0,100,,,Y,207,N,9.64,0.1104,16,,,,,,synthetic_rule_physics_model
SCN00602,C011,Almonds,nuts_high_fat,ambient,S02,32.1,84.0,S09,6,32.1,0.5,365,5,50,6.2,0.4,,17.9,1.5,M11,Metallised PET / PE laminate,52,1.5,0.8,60,good,N2 flush,0,0,100,,,Y,264,N,3.06,0.0424,24,,,,,,synthetic_rule_physics_model
SCN00603,C011,Almonds,nuts_high_fat,ambient,S02,33.8,86.0,S09,6,33.8,0.25,730,5,50,6.2,0.4,,6.5,0.5,M12,PET / Aluminium foil / PE laminate,71,0.0,0.01,55,good,N2 flush,0,0,100,,,Y,214,N,12.12,0.1388,16,,,,,,synthetic_rule_physics_model
SCN00604,C011,Almonds,nuts_high_fat,ambient,S02,30.3,90.0,S09,6,30.3,0.25,730,5,50,6.2,0.4,,7.8,0.6,M12,PET / Aluminium foil / PE laminate,71,0.0,0.01,55,good,N2 flush,0,0,100,,,Y,286,N,12.12,0.1388,16,,,,,,synthetic_rule_physics_model
SCN00605,C011,Almonds,nuts_high_fat,ambient,S01,23.4,61.0,S09,48,23.4,0.25,730,5,50,6.2,0.4,,11.3,3.0,M11,Metallised PET / PE laminate,52,1.5,0.8,60,good,N2 flush,0,0,100,,,Y,488,N,3.85,0.0532,24,,,,,,synthetic_rule_physics_model
SCN00606,C011,Almonds,nuts_high_fat,ambient,S01,25.4,60.0,S09,48,25.4,1.0,274,5,50,6.2,0.4,,42.6,10.8,M11,Metallised PET / PE laminate,52,1.5,0.8,60,good,conventional (no gas modification),,,,,,N,360,Y,2.43,0.0337,24,M09,PE/EVOH/PE coextruded film,60,342,,synthetic_rule_physics_model
SCN00607,C011,Almonds,nuts_high_fat,ambient,S01,21.7,63.0,S09,6,21.7,1.0,548,5,50,6.2,0.4,,26.1,6.8,M11,Metallised PET / PE laminate,52,1.5,0.8,60,good,N2 flush,0,0,100,,,Y,555,Y,2.43,0.0337,24,,,,,,synthetic_rule_physics_model
SCN00608,C011,Almonds,nuts_high_fat,ambient,S01,26.9,61.0,S09,6,26.9,0.1,182,5,50,6.2,0.4,,27.7,6.3,M11,Metallised PET / PE laminate,52,1.5,0.8,60,good,conventional (no gas modification),,,,,,N,294,Y,5.2,0.072,24,,,,,,synthetic_rule_physics_model
SCN00609,C011,Almonds,nuts_high_fat,ambient,S02,31.8,85.0,S09,48,31.8,0.25,548,5,50,6.2,0.4,,9.6,0.8,M11,Metallised PET / PE laminate,52,1.5,0.8,60,good,N2 flush,0,0,100,,,Y,245,N,3.85,0.0532,24,,,,,,synthetic_rule_physics_model
SCN00610,C011,Almonds,nuts_high_fat,ambient,S01,30.4,40.0,S09,48,30.4,0.5,730,5,50,6.2,0.4,,9.8,2.7,M11,Metallised PET / PE laminate,52,1.5,0.8,60,good,N2 flush,0,0,100,,,Y,266,N,3.06,0.0424,24,,,,,,synthetic_rule_physics_model
SCN00611,C011,Almonds,nuts_high_fat,ambient,S03,31.2,33.0,S09,24,31.2,0.5,365,5,50,6.2,0.4,,18.8,4.9,M11,Metallised PET / PE laminate,52,1.5,0.8,60,good,N2 flush,0,0,100,,,Y,261,N,3.06,0.0424,24,,,,,,synthetic_rule_physics_model
SCN00612,C011,Almonds,nuts_high_fat,ambient,S02,31.1,90.0,S09,24,31.1,0.25,730,5,50,6.2,0.4,,7.5,0.6,M12,PET / Aluminium foil / PE laminate,71,0.0,0.01,55,good,N2 flush,0,0,100,,,Y,267,N,12.12,0.1388,16,,,,,,synthetic_rule_physics_model
SCN00613,C011,Almonds,nuts_high_fat,ambient,S02,35.9,81.0,S09,24,35.9,0.1,182,5,50,6.2,0.4,,17.4,1.4,M11,Metallised PET / PE laminate,52,1.5,0.8,60,good,conventional (no gas modification),,,,,,N,150,N,5.2,0.072,24,,,,,,synthetic_rule_physics_model
SCN00614,C011,Almonds,nuts_high_fat,ambient,S02,29.8,81.0,S09,48,29.7,0.1,182,5,50,6.2,0.4,,23.9,2.5,M11,Metallised PET / PE laminate,52,1.5,0.8,60,good,conventional (no gas modification),,,,,,N,249,Y,5.2,0.072,24,,,,,,synthetic_rule_physics_model
SCN00615,C011,Almonds,nuts_high_fat,ambient,S02,34.7,94.0,S09,48,34.7,0.1,182,5,50,6.2,0.4,,18.5,1.2,M11,Metallised PET / PE laminate,52,1.5,0.8,60,good,conventional (no gas modification),,,,,,N,169,N,5.2,0.072,24,,,,,,synthetic_rule_physics_model
SCN00616,C011,Almonds,nuts_high_fat,ambient,S03,36.8,44.0,S09,24,36.8,0.5,365,5,50,6.2,0.4,,14.1,2.9,M11,Metallised PET / PE laminate,52,1.5,0.8,60,good,N2 flush,0,0,100,,,Y,171,N,3.06,0.0424,24,,,,,,synthetic_rule_physics_model
SCN00617,C011,Almonds,nuts_high_fat,ambient,S02,28.6,84.0,S09,6,28.6,0.5,365,5,50,6.2,0.4,,21.5,2.2,M11,Metallised PET / PE laminate,52,1.5,0.8,60,good,N2 flush,0,0,100,,,Y,326,N,3.06,0.0424,24,,,,,,synthetic_rule_physics_model
SCN00618,C011,Almonds,nuts_high_fat,ambient,S01,24.7,65.0,S09,6,24.7,0.25,548,5,50,6.2,0.4,,14.1,3.0,M11,Metallised PET / PE laminate,52,1.5,0.8,60,good,N2 flush,0,0,100,,,Y,436,N,3.85,0.0532,24,,,,,,synthetic_rule_physics_model
SCN00619,C011,Almonds,nuts_high_fat,ambient,S02,35.4,87.0,S09,24,35.4,0.25,730,5,50,6.2,0.4,,6.0,0.4,M12,PET / Aluminium foil / PE laminate,71,0.0,0.01,55,good,N2 flush,0,0,100,,,Y,186,N,12.12,0.1388,16,,,,,,synthetic_rule_physics_model
SCN00620,C011,Almonds,nuts_high_fat,ambient,S03,38.6,23.0,S09,6,38.6,0.5,548,5,50,6.2,0.4,,8.6,1.7,M11,Metallised PET / PE laminate,52,1.5,0.8,60,good,N2 flush,0,0,100,,,Y,149,N,3.06,0.0424,24,,,,,,synthetic_rule_physics_model
SCN00621,C011,Almonds,nuts_high_fat,ambient,S03,31.8,36.0,S09,48,31.8,0.5,274,5,50,6.2,0.4,,24.2,6.2,M11,Metallised PET / PE laminate,52,1.5,0.8,60,good,conventional (no gas modification),,,,,,N,203,N,3.06,0.0424,24,,,,,,synthetic_rule_physics_model
SCN00622,C011,Almonds,nuts_high_fat,ambient,S01,28.5,59.0,S09,6,28.5,0.1,730,5,50,6.2,0.4,,6.4,1.5,M11,Metallised PET / PE laminate,52,1.5,0.8,60,good,N2 flush,0,0,100,,,Y,339,N,5.2,0.072,24,,,,,,synthetic_rule_physics_model
SCN00623,C011,Almonds,nuts_high_fat,ambient,S01,31.4,60.0,S09,48,31.5,0.5,365,5,50,6.2,0.4,,18.5,3.5,M11,Metallised PET / PE laminate,52,1.5,0.8,60,good,N2 flush,0,0,100,,,Y,254,N,3.06,0.0424,24,,,,,,synthetic_rule_physics_model
SCN00624,C011,Almonds,nuts_high_fat,ambient,S03,37.8,29.0,S09,48,37.7,1.0,365,5,50,6.2,0.4,,16.9,3.4,M11,Metallised PET / PE laminate,52,1.5,0.8,60,good,N2 flush,0,0,100,,,Y,154,N,2.43,0.0337,24,,,,,,synthetic_rule_physics_model
SCN00625,C011,Almonds,nuts_high_fat,ambient,S01,26.7,64.0,S09,48,26.7,1.0,182,5,50,6.2,0.4,,60.0,12.0,M10,Metallised BOPP / CPP laminate,45,50,1.0,130,good,conventional (no gas modification),,,,,,N,215,Y,1.29,0.016,43,,,,,,synthetic_rule_physics_model
SCN00626,C011,Almonds,nuts_high_fat,ambient,S03,35.3,25.0,S09,24,35.2,0.25,548,5,50,6.2,0.4,,8.1,1.8,M11,Metallised PET / PE laminate,52,1.5,0.8,60,good,N2 flush,0,0,100,,,Y,179,N,3.85,0.0532,24,,,,,,synthetic_rule_physics_model
SCN00627,C011,Almonds,nuts_high_fat,ambient,S01,26.5,48.0,S09,6,26.5,1.0,182,5,50,6.2,0.4,,60.6,19.7,M10,Metallised BOPP / CPP laminate,45,50,1.0,130,good,conventional (no gas modification),,,,,,N,216,Y,1.29,0.016,43,,,,,,synthetic_rule_physics_model
SCN00628,C011,Almonds,nuts_high_fat,ambient,S02,31.2,79.0,S09,6,31.2,0.25,730,5,50,6.2,0.4,,7.4,0.7,M12,PET / Aluminium foil / PE laminate,71,0.0,0.01,55,good,N2 flush,0,0,100,,,Y,268,N,12.12,0.1388,16,,,,,,synthetic_rule_physics_model
SCN00629,C011,Almonds,nuts_high_fat,ambient,S03,30.4,24.0,S09,48,30.5,0.1,274,5,50,6.2,0.4,,15.3,4.2,M11,Metallised PET / PE laminate,52,1.5,0.8,60,good,conventional (no gas modification),,,,,,N,231,N,5.2,0.072,24,,,,,,synthetic_rule_physics_model
SCN00630,C011,Almonds,nuts_high_fat,ambient,S02,35.2,91.0,S09,6,35.2,0.1,182,5,50,6.2,0.4,,18.0,1.2,M11,Metallised PET / PE laminate,52,1.5,0.8,60,good,conventional (no gas modification),,,,,,N,155,N,5.2,0.072,24,,,,,,synthetic_rule_physics_model
SCN00631,C011,Almonds,nuts_high_fat,ambient,S02,34.4,79.0,S09,6,34.4,1.0,365,5,50,6.2,0.4,,20.0,1.7,M11,Metallised PET / PE laminate,52,1.5,0.8,60,good,N2 flush,0,0,100,,,Y,211,N,2.43,0.0337,24,,,,,,synthetic_rule_physics_model
SCN00632,C011,Almonds,nuts_high_fat,ambient,S01,30.0,60.0,S09,6,30.0,0.5,182,5,50,6.2,0.4,,40.0,8.4,M11,Metallised PET / PE laminate,52,1.5,0.8,60,good,conventional (no gas modification),,,,,,N,238,Y,3.06,0.0424,24,M09,PE/EVOH/PE coextruded film,60,216,,synthetic_rule_physics_model
SCN00633,C011,Almonds,nuts_high_fat,ambient,S01,24.4,44.0,S09,48,24.6,0.25,182,5,50,6.2,0.4,,42.6,15.2,M11,Metallised PET / PE laminate,52,1.5,0.8,60,good,conventional (no gas modification),,,,,,N,404,Y,3.85,0.0532,24,M15,PVDC-coated cellophane,30,218,,synthetic_rule_physics_model
SCN00634,C011,Almonds,nuts_high_fat,ambient,S01,25.8,40.0,S09,48,25.8,0.5,548,5,50,6.2,0.4,,16.6,5.6,M11,Metallised PET / PE laminate,52,1.5,0.8,60,good,N2 flush,0,0,100,,,Y,390,N,3.06,0.0424,24,,,,,,synthetic_rule_physics_model
SCN00635,C011,Almonds,nuts_high_fat,ambient,S03,39.3,37.0,S09,6,39.3,1.0,548,5,50,6.2,0.4,,10.4,2.0,M11,Metallised PET / PE laminate,52,1.5,0.8,60,good,N2 flush,0,0,100,,,Y,140,N,2.43,0.0337,24,,,,,,synthetic_rule_physics_model
SCN00636,C011,Almonds,nuts_high_fat,ambient,S01,22.2,52.0,S09,24,22.2,0.5,365,5,50,6.2,0.4,,30.4,12.1,M11,Metallised PET / PE laminate,52,1.5,0.8,60,good,N2 flush,0,0,100,,,Y,542,Y,3.06,0.0424,24,M15,PVDC-coated cellophane,30,378,,synthetic_rule_physics_model
SCN00637,C011,Almonds,nuts_high_fat,ambient,S01,26.4,42.0,S09,48,26.4,0.25,548,5,50,6.2,0.4,,12.8,4.2,M11,Metallised PET / PE laminate,52,1.5,0.8,60,good,N2 flush,0,0,100,,,Y,390,N,3.85,0.0532,24,,,,,,synthetic_rule_physics_model
SCN00638,C011,Almonds,nuts_high_fat,ambient,S02,30.2,79.0,S09,6,30.2,1.0,548,5,50,6.2,0.4,,16.5,1.8,M11,Metallised PET / PE laminate,52,1.5,0.8,60,good,N2 flush,0,0,100,,,Y,297,N,2.43,0.0337,24,,,,,,synthetic_rule_physics_model
SCN00639,C011,Almonds,nuts_high_fat,ambient,S01,24.4,45.0,S09,6,24.4,1.0,182,5,50,6.2,0.4,,67.9,24.4,M10,Metallised BOPP / CPP laminate,45,50,1.0,130,good,conventional (no gas modification),,,,,,N,266,Y,1.29,0.016,43,,,,,,synthetic_rule_physics_model
SCN00640,C011,Almonds,nuts_high_fat,ambient,S02,35.4,79.0,S09,6,35.4,0.1,182,5,50,6.2,0.4,,17.8,1.5,M11,Metallised PET / PE laminate,52,1.5,0.8,60,good,conventional (no gas modification),,,,,,N,152,N,5.2,0.072,24,,,,,,synthetic_rule_physics_model
SCN00641,C011,Almonds,nuts_high_fat,ambient,S01,22.4,57.0,S09,6,22.4,0.5,274,5,50,6.2,0.4,,40.0,14.0,M11,Metallised PET / PE laminate,52,1.5,0.8,60,good,conventional (no gas modification),,,,,,N,429,Y,3.06,0.0424,24,M15,PVDC-coated cellophane,30,320,,synthetic_rule_physics_model
SCN00642,C011,Almonds,nuts_high_fat,ambient,S01,30.7,42.0,S09,6,30.7,1.0,274,5,50,6.2,0.4,,32.3,8.7,M11,Metallised PET / PE laminate,52,1.5,0.8,60,good,conventional (no gas modification),,,,,,N,237,N,2.43,0.0337,24,M09,PE/EVOH/PE coextruded film,60,236,,synthetic_rule_physics_model
SCN00643,C011,Almonds,nuts_high_fat,ambient,S01,21.6,58.0,S09,6,21.7,0.25,365,5,50,6.2,0.4,,24.9,8.5,M11,Metallised PET / PE laminate,52,1.5,0.8,60,good,N2 flush,0,0,100,,,Y,568,Y,3.85,0.0532,24,M09,PE/EVOH/PE coextruded film,60,464,,synthetic_rule_physics_model
SCN00644,C011,Almonds,nuts_high_fat,ambient,S01,21.3,52.0,S09,48,21.4,0.25,365,5,50,6.2,0.4,,25.2,10.4,M11,Metallised PET / PE laminate,52,1.5,0.8,60,good,N2 flush,0,0,100,,,Y,596,Y,3.85,0.0532,24,M09,PE/EVOH/PE coextruded film,60,563,,synthetic_rule_physics_model
SCN00645,C011,Almonds,nuts_high_fat,ambient,S03,40.9,34.0,S09,24,40.9,1.0,730,5,50,6.2,0.4,,7.3,1.3,M11,Metallised PET / PE laminate,52,1.5,0.8,60,good,N2 flush,0,0,100,,,Y,124,N,2.43,0.0337,24,,,,,,synthetic_rule_physics_model
SCN00646,C011,Almonds,nuts_high_fat,ambient,S03,32.6,32.0,S09,6,32.6,1.0,274,5,50,6.2,0.4,,29.2,7.3,M11,Metallised PET / PE laminate,52,1.5,0.8,60,good,conventional (no gas modification),,,,,,N,189,N,2.43,0.0337,24,M09,PE/EVOH/PE coextruded film,60,203,,synthetic_rule_physics_model
SCN00647,C011,Almonds,nuts_high_fat,ambient,S03,37.1,24.0,S09,24,37.0,0.1,182,5,50,6.2,0.4,,16.4,3.4,M11,Metallised PET / PE laminate,52,1.5,0.8,60,good,conventional (no gas modification),,,,,,N,133,N,5.2,0.072,24,,,,,,synthetic_rule_physics_model
SCN00648,C011,Almonds,nuts_high_fat,ambient,S02,31.2,91.0,S09,6,31.2,1.0,274,5,50,6.2,0.4,,31.5,2.4,M11,Metallised PET / PE laminate,52,1.5,0.8,60,good,conventional (no gas modification),,,,,,N,208,N,2.43,0.0337,24,,,,,,synthetic_rule_physics_model
SCN00649,C011,Almonds,nuts_high_fat,ambient,S02,28.1,90.0,S09,48,28.1,0.5,274,5,50,6.2,0.4,,29.4,2.7,M11,Metallised PET / PE laminate,52,1.5,0.8,60,good,conventional (no gas modification),,,,,,N,284,Y,3.06,0.0424,24,,,,,,synthetic_rule_physics_model
SCN00650,C011,Almonds,nuts_high_fat,ambient,S02,29.3,84.0,S09,6,29.3,1.0,548,5,50,6.2,0.4,,17.3,1.7,M11,Metallised PET / PE laminate,52,1.5,0.8,60,good,N2 flush,0,0,100,,,Y,306,N,2.43,0.0337,24,,,,,,synthetic_rule_physics_model
SCN00651,C011,Almonds,nuts_high_fat,ambient,S03,34.9,40.0,S09,24,34.9,0.1,182,5,50,6.2,0.4,,18.3,4.1,M11,Metallised PET / PE laminate,52,1.5,0.8,60,good,conventional (no gas modification),,,,,,N,165,N,5.2,0.072,24,,,,,,synthetic_rule_physics_model
SCN00652,C011,Almonds,nuts_high_fat,ambient,S01,25.1,47.0,S09,48,25.2,0.25,182,5,50,6.2,0.4,,41.1,14.2,M11,Metallised PET / PE laminate,52,1.5,0.8,60,good,conventional (no gas modification),,,,,,N,351,Y,3.85,0.0532,24,M15,PVDC-coated cellophane,30,225,,synthetic_rule_physics_model
SCN00653,C011,Almonds,nuts_high_fat,ambient,S01,31.3,57.0,S09,48,31.3,0.5,548,5,50,6.2,0.4,,12.4,2.9,M11,Metallised PET / PE laminate,52,1.5,0.8,60,good,N2 flush,0,0,100,,,Y,247,N,3.06,0.0424,24,,,,,,synthetic_rule_physics_model
SCN00654,C011,Almonds,nuts_high_fat,ambient,S01,24.4,56.0,S09,24,24.4,0.25,274,5,50,6.2,0.4,,28.5,9.4,M11,Metallised PET / PE laminate,52,1.5,0.8,60,good,conventional (no gas modification),,,,,,N,383,Y,3.85,0.0532,24,M09,PE/EVOH/PE coextruded film,60,376,,synthetic_rule_physics_model
SCN00655,C011,Almonds,nuts_high_fat,ambient,S02,35.5,87.0,S09,24,35.5,0.25,365,5,50,6.2,0.4,,12.0,0.8,M11,Metallised PET / PE laminate,52,1.5,0.8,60,good,N2 flush,0,0,100,,,Y,190,N,3.85,0.0532,24,,,,,,synthetic_rule_physics_model
SCN00656,C011,Almonds,nuts_high_fat,ambient,S02,28.4,82.0,S09,48,28.5,0.1,548,5,50,6.2,0.4,,8.5,0.9,M11,Metallised PET / PE laminate,52,1.5,0.8,60,good,N2 flush,0,0,100,,,Y,319,N,5.2,0.072,24,,,,,,synthetic_rule_physics_model
SCN00657,C011,Almonds,nuts_high_fat,ambient,S02,34.6,93.0,S09,24,34.6,0.1,274,5,50,6.2,0.4,,12.3,0.8,M12,PET / Aluminium foil / PE laminate,71,0.0,0.01,55,good,conventional (no gas modification),,,,,,N,170,N,16.39,0.1878,16,,,,,,synthetic_rule_physics_model
SCN00658,C011,Almonds,nuts_high_fat,ambient,S01,31.5,42.0,S09,6,31.5,0.25,548,5,50,6.2,0.4,,9.8,2.5,M11,Metallised PET / PE laminate,52,1.5,0.8,60,good,N2 flush,0,0,100,,,Y,260,N,3.85,0.0532,24,,,,,,synthetic_rule_physics_model
SCN00659,C011,Almonds,nuts_high_fat,ambient,S03,36.2,36.0,S09,24,36.3,0.25,548,5,50,6.2,0.4,,7.7,1.6,M11,Metallised PET / PE laminate,52,1.5,0.8,60,good,N2 flush,0,0,100,,,Y,162,N,3.85,0.0532,24,,,,,,synthetic_rule_physics_model
SCN00660,C011,Almonds,nuts_high_fat,ambient,S01,22.3,41.0,S09,48,22.3,0.5,548,5,50,6.2,0.4,,20.1,7.9,M11,Metallised PET / PE laminate,52,1.5,0.8,60,good,N2 flush,0,0,100,,,Y,564,Y,3.06,0.0424,24,M09,PE/EVOH/PE coextruded film,60,530,,synthetic_rule_physics_model
SCN00661,C012,Milk powder (whole),dairy_dry,ambient,S01,27.1,57.0,S09,6,27.1,0.5,730,3.5,26,6.6,0.2,,5.8,0.7,M12,PET / Aluminium foil / PE laminate,71,0.0,0.01,55,good,N2 flush,0,0,100,,,Y,409,N,9.64,0.1104,16,,,,,,synthetic_rule_physics_model
SCN00662,C012,Milk powder (whole),dairy_dry,ambient,S03,33.7,40.0,S09,6,33.7,0.5,182,3.5,26,6.6,0.2,,16.6,3.0,M11,Metallised PET / PE laminate,52,1.5,0.8,60,good,conventional (no gas modification),,,,,,N,160,N,3.06,0.0424,24,,,,,,synthetic_rule_physics_model
SCN00663,C012,Milk powder (whole),dairy_dry,ambient,S01,31.1,58.0,S09,6,31.1,0.25,274,3.5,26,6.6,0.2,,10.0,1.1,M11,Metallised PET / PE laminate,52,1.5,0.8,60,good,conventional (no gas modification),,,,,,N,216,N,3.85,0.0532,24,,,,,,synthetic_rule_physics_model
SCN00664,C012,Milk powder (whole),dairy_dry,ambient,S01,31.9,54.0,S09,48,31.9,0.25,730,3.5,26,6.6,0.2,,3.6,0.4,M12,PET / Aluminium foil / PE laminate,71,0.0,0.01,55,good,N2 flush,0,0,100,,,Y,260,N,12.12,0.1388,16,,,,,,synthetic_rule_physics_model
SCN00665,C012,Milk powder (whole),dairy_dry,ambient,S01,24.5,53.0,S09,24,24.5,0.1,548,3.5,26,6.6,0.2,,5.2,0.8,M11,Metallised PET / PE laminate,52,1.5,0.8,60,good,N2 flush,0,0,100,,,Y,501,N,5.2,0.072,24,,,,,,synthetic_rule_physics_model
SCN00666,C012,Milk powder (whole),dairy_dry,ambient,S02,35.6,94.0,S09,24,35.6,0.5,365,3.5,26,6.6,0.2,,7.5,0.3,M12,PET / Aluminium foil / PE laminate,71,0.0,0.01,55,good,N2 flush,0,0,100,,,Y,195,N,9.64,0.1104,16,,,,,,synthetic_rule_physics_model
SCN00667,C012,Milk powder (whole),dairy_dry,ambient,S02,36.0,88.0,S09,48,36.0,1.0,365,3.5,26,6.6,0.2,,9.2,0.4,M12,PET / Aluminium foil / PE laminate,71,0.0,0.01,55,good,N2 flush,0,0,100,,,Y,163,N,7.67,0.0879,16,,,,,,synthetic_rule_physics_model
SCN00668,C012,Milk powder (whole),dairy_dry,ambient,S01,25.7,41.0,S09,48,25.8,0.1,548,3.5,26,6.6,0.2,,4.9,1.2,M11,Metallised PET / PE laminate,52,1.5,0.8,60,good,N2 flush,0,0,100,,,Y,453,N,5.2,0.072,24,,,,,,synthetic_rule_physics_model
SCN00669,C012,Milk powder (whole),dairy_dry,ambient,S01,20.7,56.0,S09,6,20.7,0.5,274,3.5,26,6.6,0.2,,22.0,3.9,M11,Metallised PET / PE laminate,52,1.5,0.8,60,good,conventional (no gas modification),,,,,,N,523,Y,3.06,0.0424,24,,,,,,synthetic_rule_physics_model
SCN00670,C012,Milk powder (whole),dairy_dry,ambient,S01,30.2,57.0,S09,24,30.2,1.0,274,3.5,26,6.6,0.2,,16.5,1.8,M11,Metallised PET / PE laminate,52,1.5,0.8,60,good,conventional (no gas modification),,,,,,N,221,N,2.43,0.0337,24,,,,,,synthetic_rule_physics_model
SCN00671,C012,Milk powder (whole),dairy_dry,ambient,S03,40.9,29.0,S09,24,40.9,0.5,548,3.5,26,6.6,0.2,,3.8,0.7,M12,PET / Aluminium foil / PE laminate,71,0.0,0.01,55,good,N2 flush,0,0,100,,,Y,116,N,9.64,0.1104,16,,,,,,synthetic_rule_physics_model
SCN00672,C012,Milk powder (whole),dairy_dry,ambient,S01,24.1,48.0,S09,48,24.2,0.25,548,3.5,26,6.6,0.2,,7.2,1.4,M11,Metallised PET / PE laminate,52,1.5,0.8,60,good,N2 flush,0,0,100,,,Y,549,Y,3.85,0.0532,24,,,,,,synthetic_rule_physics_model
SCN00673,C012,Milk powder (whole),dairy_dry,ambient,S01,29.7,64.0,S09,48,29.7,0.25,730,3.5,26,6.6,0.2,,4.0,0.4,M12,PET / Aluminium foil / PE laminate,71,0.0,0.01,55,good,N2 flush,0,0,100,,,Y,308,N,12.12,0.1388,16,,,,,,synthetic_rule_physics_model
SCN00674,C012,Milk powder (whole),dairy_dry,ambient,S01,22.5,52.0,S09,24,22.5,0.1,730,3.5,26,6.6,0.2,,4.4,0.8,M11,Metallised PET / PE laminate,52,1.5,0.8,60,good,N2 flush,0,0,100,,,Y,616,N,5.2,0.072,24,,,,,,synthetic_rule_physics_model
SCN00675,C012,Milk powder (whole),dairy_dry,ambient,S03,35.0,34.0,S09,6,35.0,0.25,274,3.5,26,6.6,0.2,,8.2,1.8,M11,Metallised PET / PE laminate,52,1.5,0.8,60,good,conventional (no gas modification),,,,,,N,149,N,3.85,0.0532,24,,,,,,synthetic_rule_physics_model
SCN00676,C012,Milk powder (whole),dairy_dry,ambient,S03,33.5,32.0,S09,48,33.5,0.5,548,3.5,26,6.6,0.2,,5.6,1.3,M11,Metallised PET / PE laminate,52,1.5,0.8,60,good,N2 flush,0,0,100,,,Y,218,N,3.06,0.0424,24,,,,,,synthetic_rule_physics_model
SCN00677,C012,Milk powder (whole),dairy_dry,ambient,S02,29.2,81.0,S09,24,29.3,0.1,365,3.5,26,6.6,0.2,,6.1,0.4,M12,PET / Aluminium foil / PE laminate,71,0.0,0.01,55,good,N2 flush,0,0,100,,,Y,312,N,16.39,0.1878,16,,,,,,synthetic_rule_physics_model
SCN00678,C012,Milk powder (whole),dairy_dry,ambient,S01,30.9,56.0,S09,48,31.0,1.0,182,3.5,26,6.6,0.2,,23.9,2.6,M11,Metallised PET / PE laminate,52,1.5,0.8,60,good,conventional (no gas modification),,,,,,N,211,Y,2.43,0.0337,24,,,,,,synthetic_rule_physics_model
SCN00679,C012,Milk powder (whole),dairy_dry,ambient,S02,34.9,88.0,S09,48,35.0,0.1,365,3.5,26,6.6,0.2,,4.5,0.2,M12,PET / Aluminium foil / PE laminate,71,0.0,0.01,55,good,N2 flush,0,0,100,,,Y,180,N,16.39,0.1878,16,,,,,,synthetic_rule_physics_model
SCN00680,C012,Milk powder (whole),dairy_dry,ambient,S02,28.1,80.0,S09,24,28.1,1.0,274,3.5,26,6.6,0.2,,18.4,1.4,M11,Metallised PET / PE laminate,52,1.5,0.8,60,good,conventional (no gas modification),,,,,,N,278,Y,2.43,0.0337,24,,,,,,synthetic_rule_physics_model
SCN00681,C012,Milk powder (whole),dairy_dry,ambient,S02,35.3,82.0,S09,6,35.3,0.1,730,3.5,26,6.6,0.2,,2.2,0.1,M12,PET / Aluminium foil / PE laminate,71,0.0,0.01,55,good,N2 flush,0,0,100,,,Y,190,N,16.39,0.1878,16,,,,,,synthetic_rule_physics_model
SCN00682,C012,Milk powder (whole),dairy_dry,ambient,S02,29.5,77.0,S09,24,29.5,0.5,365,3.5,26,6.6,0.2,,10,0.8,M12,PET / Aluminium foil / PE laminate,71,0.0,0.01,55,good,N2 flush,0,0,100,,,Y,307,N,9.64,0.1104,16,,,,,,synthetic_rule_physics_model
SCN00683,C012,Milk powder (whole),dairy_dry,ambient,S01,27.0,61.0,S09,24,27.0,0.5,548,3.5,26,6.6,0.2,,7.8,0.9,M11,Metallised PET / PE laminate,52,1.5,0.8,60,good,N2 flush,0,0,100,,,Y,374,N,3.06,0.0424,24,,,,,,synthetic_rule_physics_model
SCN00684,C012,Milk powder (whole),dairy_dry,ambient,S01,30.9,43.0,S09,48,30.9,0.25,730,3.5,26,6.6,0.2,,3.8,0.7,M12,PET / Aluminium foil / PE laminate,71,0.0,0.01,55,good,N2 flush,0,0,100,,,Y,266,N,12.12,0.1388,16,,,,,,synthetic_rule_physics_model
SCN00685,C012,Milk powder (whole),dairy_dry,ambient,S03,38.6,38.0,S09,6,38.5,0.1,182,3.5,26,6.6,0.2,,7.6,1.3,M11,Metallised PET / PE laminate,52,1.5,0.8,60,good,conventional (no gas modification),,,,,,N,96,N,5.2,0.072,24,,,,,,synthetic_rule_physics_model
SCN00686,C012,Milk powder (whole),dairy_dry,ambient,S03,35.8,28.0,S09,48,35.8,0.5,274,3.5,26,6.6,0.2,,9.9,2.1,M11,Metallised PET / PE laminate,52,1.5,0.8,60,good,conventional (no gas modification),,,,,,N,133,N,3.06,0.0424,24,,,,,,synthetic_rule_physics_model
SCN00687,C012,Milk powder (whole),dairy_dry,ambient,S01,21.5,57.0,S09,6,21.6,0.25,274,3.5,26,6.6,0.2,,16.7,2.7,M11,Metallised PET / PE laminate,52,1.5,0.8,60,good,conventional (no gas modification),,,,,,N,532,Y,3.85,0.0532,24,,,,,,synthetic_rule_physics_model
SCN00688,C012,Milk powder (whole),dairy_dry,ambient,S02,34.1,77.0,S09,6,34.1,1.0,182,3.5,26,6.6,0.2,,20.4,1.2,M11,Metallised PET / PE laminate,52,1.5,0.8,60,good,conventional (no gas modification),,,,,,N,167,N,2.43,0.0337,24,,,,,,synthetic_rule_physics_model
SCN00689,C012,Milk powder (whole),dairy_dry,ambient,S02,28.5,77.0,S09,6,28.5,0.1,182,3.5,26,6.6,0.2,,12.8,1.0,M11,Metallised PET / PE laminate,52,1.5,0.8,60,good,conventional (no gas modification),,,,,,N,236,Y,5.2,0.072,24,,,,,,synthetic_rule_physics_model
SCN00690,C012,Milk powder (whole),dairy_dry,ambient,S03,32.5,43.0,S09,48,32.5,0.1,274,3.5,26,6.6,0.2,,6.9,1.1,M11,Metallised PET / PE laminate,52,1.5,0.8,60,good,conventional (no gas modification),,,,,,N,201,N,5.2,0.072,24,,,,,,synthetic_rule_physics_model
SCN00691,C012,Milk powder (whole),dairy_dry,ambient,S01,21.9,53.0,S09,48,22.0,0.1,182,3.5,26,6.6,0.2,,18.1,3.3,M11,Metallised PET / PE laminate,52,1.5,0.8,60,good,conventional (no gas modification),,,,,,N,463,Y,5.2,0.072,24,,,,,,synthetic_rule_physics_model
SCN00692,C012,Milk powder (whole),dairy_dry,ambient,S02,32.2,89.0,S09,6,32.2,0.1,182,3.5,26,6.6,0.2,,10.5,0.6,M12,PET / Aluminium foil / PE laminate,71,0.0,0.01,55,good,conventional (no gas modification),,,,,,N,201,Y,16.39,0.1878,16,,,,,,synthetic_rule_physics_model
SCN00693,C012,Milk powder (whole),dairy_dry,ambient,S02,33.6,79.0,S09,24,33.6,0.5,548,3.5,26,6.6,0.2,,5.5,0.3,M12,PET / Aluminium foil / PE laminate,71,0.0,0.01,55,good,N2 flush,0,0,100,,,Y,208,N,9.64,0.1104,16,,,,,,synthetic_rule_physics_model
SCN00694,C012,Milk powder (whole),dairy_dry,ambient,S01,22.7,43.0,S09,6,22.7,0.1,730,3.5,26,6.6,0.2,,4.3,1.1,M11,Metallised PET / PE laminate,52,1.5,0.8,60,good,N2 flush,0,0,100,,,Y,562,N,5.2,0.072,24,,,,,,synthetic_rule_physics_model
SCN00695,C012,Milk powder (whole),dairy_dry,ambient,S01,28.7,42.0,S09,48,28.7,1.0,730,3.5,26,6.6,0.2,,6.7,1.3,M11,Metallised PET / PE laminate,52,1.5,0.8,60,good,N2 flush,0,0,100,,,Y,339,N,2.43,0.0337,24,,,,,,synthetic_rule_physics_model
SCN00696,C012,Milk powder (whole),dairy_dry,ambient,S01,31.7,51.0,S09,6,31.7,1.0,274,3.5,26,6.6,0.2,,15.3,1.9,M11,Metallised PET / PE laminate,52,1.5,0.8,60,good,conventional (no gas modification),,,,,,N,209,N,2.43,0.0337,24,,,,,,synthetic_rule_physics_model
SCN00697,C012,Milk powder (whole),dairy_dry,ambient,S03,34.4,20.0,S09,48,34.4,1.0,548,3.5,26,6.6,0.2,,6.7,1.5,M11,Metallised PET / PE laminate,52,1.5,0.8,60,good,N2 flush,0,0,100,,,Y,191,N,2.43,0.0337,24,,,,,,synthetic_rule_physics_model
SCN00698,C012,Milk powder (whole),dairy_dry,ambient,S02,28.7,78.0,S09,6,28.7,0.1,274,3.5,26,6.6,0.2,,8.4,0.6,M12,PET / Aluminium foil / PE laminate,71,0.0,0.01,55,good,conventional (no gas modification),,,,,,N,256,N,16.39,0.1878,16,,,,,,synthetic_rule_physics_model
SCN00699,C012,Milk powder (whole),dairy_dry,ambient,S01,30.1,50.0,S09,48,30.1,1.0,365,3.5,26,6.6,0.2,,10,1.7,M11,Metallised PET / PE laminate,52,1.5,0.8,60,good,N2 flush,0,0,100,,,Y,302,N,2.43,0.0337,24,,,,,,synthetic_rule_physics_model
SCN00700,C012,Milk powder (whole),dairy_dry,ambient,S02,32.7,90.0,S09,48,32.8,0.5,548,3.5,26,6.6,0.2,,5.8,0.3,M12,PET / Aluminium foil / PE laminate,71,0.0,0.01,55,good,N2 flush,0,0,100,,,Y,225,N,9.64,0.1104,16,,,,,,synthetic_rule_physics_model
SCN00701,C012,Milk powder (whole),dairy_dry,ambient,S02,30.2,90.0,S09,48,30.2,1.0,274,3.5,26,6.6,0.2,,16.5,1.0,M11,Metallised PET / PE laminate,52,1.5,0.8,60,good,conventional (no gas modification),,,,,,N,221,N,2.43,0.0337,24,,,,,,synthetic_rule_physics_model
SCN00702,C012,Milk powder (whole),dairy_dry,ambient,S03,30.4,38.0,S09,24,30.4,0.1,274,3.5,26,6.6,0.2,,7.7,1.7,M11,Metallised PET / PE laminate,52,1.5,0.8,60,good,conventional (no gas modification),,,,,,N,217,N,5.2,0.072,24,,,,,,synthetic_rule_physics_model
SCN00703,C012,Milk powder (whole),dairy_dry,ambient,S01,27.5,59.0,S09,6,27.5,1.0,548,3.5,26,6.6,0.2,,9.5,1.1,M11,Metallised PET / PE laminate,52,1.5,0.8,60,good,N2 flush,0,0,100,,,Y,370,N,2.43,0.0337,24,,,,,,synthetic_rule_physics_model
SCN00704,C012,Milk powder (whole),dairy_dry,ambient,S01,26.0,53.0,S09,24,26.0,0.1,182,3.5,26,6.6,0.2,,14.5,2.2,M11,Metallised PET / PE laminate,52,1.5,0.8,60,good,conventional (no gas modification),,,,,,N,337,Y,5.2,0.072,24,,,,,,synthetic_rule_physics_model
SCN00705,C012,Milk powder (whole),dairy_dry,ambient,S02,34.8,84.0,S09,24,34.8,0.5,274,3.5,26,6.6,0.2,,10.4,0.6,M12,PET / Aluminium foil / PE laminate,71,0.0,0.01,55,good,conventional (no gas modification),,,,,,N,147,N,9.64,0.1104,16,,,,,,synthetic_rule_physics_model
SCN00706,C012,Milk powder (whole),dairy_dry,ambient,S02,30.5,83.0,S09,48,30.5,1.0,730,3.5,26,6.6,0.2,,6.1,0.4,M12,PET / Aluminium foil / PE laminate,71,0.0,0.01,55,good,N2 flush,0,0,100,,,Y,274,N,7.67,0.0879,16,,,,,,synthetic_rule_physics_model
SCN00707,C012,Milk powder (whole),dairy_dry,ambient,S02,29.3,76.0,S09,48,29.3,1.0,730,3.5,26,6.6,0.2,,6.5,0.5,M12,PET / Aluminium foil / PE laminate,71,0.0,0.01,55,good,N2 flush,0,0,100,,,Y,317,N,7.67,0.0879,16,,,,,,synthetic_rule_physics_model
SCN00708,C012,Milk powder (whole),dairy_dry,ambient,S01,31.7,48.0,S09,48,31.7,0.5,365,3.5,26,6.6,0.2,,9.1,1.3,M11,Metallised PET / PE laminate,52,1.5,0.8,60,good,N2 flush,0,0,100,,,Y,242,N,3.06,0.0424,24,,,,,,synthetic_rule_physics_model
SCN00709,C012,Milk powder (whole),dairy_dry,ambient,S02,31.0,84.0,S09,6,31.0,0.1,274,3.5,26,6.6,0.2,,7.4,0.5,M12,PET / Aluminium foil / PE laminate,71,0.0,0.01,55,good,conventional (no gas modification),,,,,,N,203,N,16.39,0.1878,16,,,,,,synthetic_rule_physics_model
SCN00710,C012,Milk powder (whole),dairy_dry,ambient,S01,23.7,42.0,S09,6,23.8,0.1,365,3.5,26,6.6,0.2,,8.2,2.1,M11,Metallised PET / PE laminate,52,1.5,0.8,60,good,N2 flush,0,0,100,,,Y,551,Y,5.2,0.072,24,,,,,,synthetic_rule_physics_model
SCN00711,C012,Milk powder (whole),dairy_dry,ambient,S02,34.9,86.0,S09,6,34.9,1.0,730,3.5,26,6.6,0.2,,4.9,0.2,M12,PET / Aluminium foil / PE laminate,71,0.0,0.01,55,good,N2 flush,0,0,100,,,Y,192,N,7.67,0.0879,16,,,,,,synthetic_rule_physics_model
SCN00712,C012,Milk powder (whole),dairy_dry,ambient,S03,34.5,30.0,S09,24,34.5,0.1,274,3.5,26,6.6,0.2,,6.2,1.4,M11,Metallised PET / PE laminate,52,1.5,0.8,60,good,conventional (no gas modification),,,,,,N,141,N,5.2,0.072,24,,,,,,synthetic_rule_physics_model
SCN00713,C012,Milk powder (whole),dairy_dry,ambient,S02,29.3,81.0,S09,6,29.3,0.1,730,3.5,26,6.6,0.2,,3.0,0.2,M12,PET / Aluminium foil / PE laminate,71,0.0,0.01,55,good,N2 flush,0,0,100,,,Y,320,N,16.39,0.1878,16,,,,,,synthetic_rule_physics_model
SCN00714,C012,Milk powder (whole),dairy_dry,ambient,S01,20.6,65.0,S09,6,20.6,0.1,730,3.5,26,6.6,0.2,,4.9,0.7,M12,PET / Aluminium foil / PE laminate,71,0.0,0.01,55,good,N2 flush,0,0,100,,,Y,693,N,16.39,0.1878,16,,,,,,synthetic_rule_physics_model
SCN00715,C012,Milk powder (whole),dairy_dry,ambient,S02,32.2,84.0,S09,24,32.2,0.5,730,3.5,26,6.6,0.2,,4.4,0.3,M12,PET / Aluminium foil / PE laminate,71,0.0,0.01,55,good,N2 flush,0,0,100,,,Y,240,N,9.64,0.1104,16,,,,,,synthetic_rule_physics_model
SCN00716,C012,Milk powder (whole),dairy_dry,ambient,S02,32.3,79.0,S09,6,32.3,1.0,730,3.5,26,6.6,0.2,,5.6,0.4,M12,PET / Aluminium foil / PE laminate,71,0.0,0.01,55,good,N2 flush,0,0,100,,,Y,253,N,7.67,0.0879,16,,,,,,synthetic_rule_physics_model
SCN00717,C012,Milk powder (whole),dairy_dry,ambient,S02,29.5,85.0,S09,48,29.5,1.0,365,3.5,26,6.6,0.2,,10,0.8,M11,Metallised PET / PE laminate,52,1.5,0.8,60,good,N2 flush,0,0,100,,,Y,301,N,2.43,0.0337,24,,,,,,synthetic_rule_physics_model
SCN00718,C012,Milk powder (whole),dairy_dry,ambient,S02,32.9,90.0,S09,6,32.9,0.1,730,3.5,26,6.6,0.2,,2.5,0.1,M12,PET / Aluminium foil / PE laminate,71,0.0,0.01,55,good,N2 flush,0,0,100,,,Y,226,N,16.39,0.1878,16,,,,,,synthetic_rule_physics_model
SCN00719,C012,Milk powder (whole),dairy_dry,ambient,S01,28.2,48.0,S09,24,28.2,0.1,274,3.5,26,6.6,0.2,,8.6,1.4,M11,Metallised PET / PE laminate,52,1.5,0.8,60,good,conventional (no gas modification),,,,,,N,276,Y,5.2,0.072,24,,,,,,synthetic_rule_physics_model
SCN00720,C012,Milk powder (whole),dairy_dry,ambient,S01,23.4,44.0,S09,6,23.5,0.25,182,3.5,26,6.6,0.2,,22.6,5.3,M11,Metallised PET / PE laminate,52,1.5,0.8,60,good,conventional (no gas modification),,,,,,N,425,Y,3.85,0.0532,24,,,,,,synthetic_rule_physics_model
SCN00721,C013,Potato chips,snack_fried,ambient,S03,35.6,34.0,S09,6,35.6,0.1,68,2,33,6.0,0.2,,23.7,6.9,M11,Metallised PET / PE laminate,52,1.5,0.8,60,good,conventional (no gas modification),,,,,,N,35,N,5.2,0.072,24,,,,,,synthetic_rule_physics_model
SCN00722,C013,Potato chips,snack_fried,ambient,S01,20.3,60.0,S09,6,20.4,0.1,135,2,33,6.0,0.2,,26.7,5.8,M11,Metallised PET / PE laminate,52,1.5,0.8,60,good,N2 flush,0,0,100,,,Y,190,Y,5.2,0.072,24,,,,,,synthetic_rule_physics_model
SCN00723,C013,Potato chips,snack_fried,ambient,S01,23.6,42.0,S09,48,23.8,0.1,135,2,33,6.0,0.2,,22.1,7.5,M11,Metallised PET / PE laminate,52,1.5,0.8,60,good,N2 flush,0,0,100,,,Y,134,Y,5.2,0.072,24,M09,PE/EVOH/PE coextruded film,60,132,,synthetic_rule_physics_model
SCN00724,C013,Potato chips,snack_fried,ambient,S02,32.0,77.0,S09,6,32.0,0.5,135,2,33,6.0,0.2,,24.3,2.2,M11,Metallised PET / PE laminate,52,1.5,0.8,60,good,N2 flush,0,0,100,,,Y,60,N,3.06,0.0424,24,,,,,,synthetic_rule_physics_model
SCN00725,C013,Potato chips,snack_fried,ambient,S01,21.5,60.0,S09,24,21.7,1.0,68,2,33,6.0,0.2,,105.5,21.4,M10,Metallised BOPP / CPP laminate,45,50,1.0,130,good,conventional (no gas modification),,,,,,N,123,Y,1.29,0.016,43,,,,,,synthetic_rule_physics_model
SCN00726,C013,Potato chips,snack_fried,ambient,S01,23.3,50.0,S09,24,23.4,0.5,45,2,33,6.0,0.2,,115.6,28.8,M10,Metallised BOPP / CPP laminate,45,50,1.0,130,good,conventional (no gas modification),,,,,,N,106,Y,1.62,0.0201,43,,,,,,synthetic_rule_physics_model
SCN00727,C013,Potato chips,snack_fried,ambient,S02,31.8,80.0,S09,24,31.9,0.25,90,2,33,6.0,0.2,,29.2,2.5,M11,Metallised PET / PE laminate,52,1.5,0.8,60,good,N2 flush,0,0,100,,,Y,61,N,3.85,0.0532,24,,,,,,synthetic_rule_physics_model
SCN00728,C013,Potato chips,snack_fried,ambient,S01,31.6,55.0,S09,24,31.7,0.1,68,2,33,6.0,0.2,,28.9,4.2,M11,Metallised PET / PE laminate,52,1.5,0.8,60,good,conventional (no gas modification),,,,,,N,45,N,5.2,0.072,24,,,,,,synthetic_rule_physics_model
SCN00729,C013,Potato chips,snack_fried,ambient,S02,30.5,94.0,S09,6,30.5,0.1,180,2,33,6.0,0.2,,11.6,0.9,M11,Metallised PET / PE laminate,52,1.5,0.8,60,good,N2 flush,0,0,100,,,Y,73,N,5.2,0.072,24,,,,,,synthetic_rule_physics_model
SCN00730,C013,Potato chips,snack_fried,ambient,S03,34.7,44.0,S09,6,34.7,0.25,90,2,33,6.0,0.2,,25.3,4.7,M11,Metallised PET / PE laminate,52,1.5,0.8,60,good,N2 flush,0,0,100,,,Y,47,N,3.85,0.0532,24,,,,,,synthetic_rule_physics_model
SCN00731,C013,Potato chips,snack_fried,ambient,S03,31.9,31.0,S09,24,32.1,1.0,45,2,33,6.0,0.2,,91.4,30.9,M10,Metallised BOPP / CPP laminate,45,50,1.0,130,good,conventional (no gas modification),,,,,,N,49,Y,1.29,0.016,43,,,,,,synthetic_rule_physics_model
SCN00732,C013,Potato chips,snack_fried,ambient,S03,35.7,30.0,S09,48,35.7,0.1,68,2,33,6.0,0.2,,23.5,6.8,M11,Metallised PET / PE laminate,52,1.5,0.8,60,good,conventional (no gas modification),,,,,,N,32,N,5.2,0.072,24,,,,,,synthetic_rule_physics_model
SCN00733,C013,Potato chips,snack_fried,ambient,S01,20.8,51.0,S09,48,21.0,0.5,135,2,33,6.0,0.2,,43.9,12.1,M11,Metallised PET / PE laminate,52,1.5,0.8,60,good,N2 flush,0,0,100,,,Y,171,Y,3.06,0.0424,24,M15,PVDC-coated cellophane,30,136,,synthetic_rule_physics_model
SCN00734,C013,Potato chips,snack_fried,ambient,S02,33.0,91.0,S09,48,33.0,0.5,90,2,33,6.0,0.2,,34.6,2.4,M11,Metallised PET / PE laminate,52,1.5,0.8,60,good,N2 flush,0,0,100,,,Y,57,N,3.06,0.0424,24,,,,,,synthetic_rule_physics_model
SCN00735,C013,Potato chips,snack_fried,ambient,S02,35.8,92.0,S09,24,35.8,1.0,90,2,33,6.0,0.2,,37.8,2.3,M11,Metallised PET / PE laminate,52,1.5,0.8,60,good,N2 flush,0,0,100,,,Y,44,N,2.43,0.0337,24,,,,,,synthetic_rule_physics_model
SCN00736,C013,Potato chips,snack_fried,ambient,S02,33.9,80.0,S09,6,33.9,0.5,68,2,33,6.0,0.2,,43.8,3.4,M11,Metallised PET / PE laminate,52,1.5,0.8,60,good,conventional (no gas modification),,,,,,N,39,N,3.06,0.0424,24,,,,,,synthetic_rule_physics_model
SCN00737,C013,Potato chips,snack_fried,ambient,S03,41.3,42.0,S09,24,41.3,0.25,45,2,33,6.0,0.2,,36.4,5.6,M11,Metallised PET / PE laminate,52,1.5,0.8,60,good,conventional (no gas modification),,,,,,N,20,N,3.85,0.0532,24,,,,,,synthetic_rule_physics_model
SCN00738,C013,Potato chips,snack_fried,ambient,S01,28.4,44.0,S09,6,28.4,0.5,68,2,33,6.0,0.2,,58.2,14.3,M10,Metallised BOPP / CPP laminate,45,50,1.0,130,good,conventional (no gas modification),,,,,,N,67,Y,1.62,0.0201,43,,,,,,synthetic_rule_physics_model
SCN00739,C013,Potato chips,snack_fried,ambient,S02,28.1,86.0,S09,6,28.2,1.0,45,2,33,6.0,0.2,,112.0,10.3,M10,Metallised BOPP / CPP laminate,45,50,1.0,130,good,conventional (no gas modification),,,,,,N,67,Y,1.29,0.016,43,,,,,,synthetic_rule_physics_model
SCN00740,C013,Potato chips,snack_fried,ambient,S02,29.5,92.0,S09,6,29.5,1.0,135,2,33,6.0,0.2,,34.8,2.7,M11,Metallised PET / PE laminate,52,1.5,0.8,60,good,N2 flush,0,0,100,,,Y,75,N,2.43,0.0337,24,,,,,,synthetic_rule_physics_model
SCN00741,C013,Potato chips,snack_fried,ambient,S01,29.9,58.0,S09,24,29.8,0.25,45,2,33,6.0,0.2,,64.9,9.5,M10,Metallised BOPP / CPP laminate,45,50,1.0,130,good,conventional (no gas modification),,,,,,N,58,Y,2.04,0.0252,43,,,,,,synthetic_rule_physics_model
SCN00742,C013,Potato chips,snack_fried,ambient,S03,32.8,31.0,S09,6,32.8,1.0,45,2,33,6.0,0.2,,87.9,28.8,M10,Metallised BOPP / CPP laminate,45,50,1.0,130,good,conventional (no gas modification),,,,,,N,40,N,1.29,0.016,43,,,,,,synthetic_rule_physics_model
SCN00743,C013,Potato chips,snack_fried,ambient,S03,34.8,25.0,S09,6,34.8,0.5,45,2,33,6.0,0.2,,63.4,19.1,M10,Metallised BOPP / CPP laminate,45,50,1.0,130,good,conventional (no gas modification),,,,,,N,37,N,1.62,0.0201,43,,,,,,synthetic_rule_physics_model
SCN00744,C013,Potato chips,snack_fried,ambient,S02,28.4,94.0,S09,24,28.5,0.1,45,2,33,6.0,0.2,,51.6,4.2,M10,Metallised BOPP / CPP laminate,45,50,1.0,130,good,conventional (no gas modification),,,,,,N,45,Y,2.76,0.0341,43,,,,,,synthetic_rule_physics_model
SCN00745,C013,Potato chips,snack_fried,ambient,S03,38.1,23.0,S09,6,38.0,0.25,90,2,33,6.0,0.2,,21.4,5.6,M11,Metallised PET / PE laminate,52,1.5,0.8,60,good,N2 flush,0,0,100,,,Y,35,N,3.85,0.0532,24,,,,,,synthetic_rule_physics_model
SCN00746,C013,Potato chips,snack_fried,ambient,S02,35.4,93.0,S09,24,35.4,1.0,68,2,33,6.0,0.2,,51.1,3.1,M10,Metallised BOPP / CPP laminate,45,50,1.0,130,good,conventional (no gas modification),,,,,,N,35,N,1.29,0.016,43,,,,,,synthetic_rule_physics_model
SCN00747,C013,Potato chips,snack_fried,ambient,S01,30.5,61.0,S09,48,30.7,0.5,90,2,33,6.0,0.2,,39.1,5.2,M11,Metallised PET / PE laminate,52,1.5,0.8,60,good,N2 flush,0,0,100,,,Y,70,N,3.06,0.0424,24,,,,,,synthetic_rule_physics_model
SCN00748,C013,Potato chips,snack_fried,ambient,S03,41.1,33.0,S09,48,40.7,1.0,68,2,33,6.0,0.2,,39.2,9.2,M11,Metallised PET / PE laminate,52,1.5,0.8,60,good,conventional (no gas modification),,,,,,N,22,N,2.43,0.0337,24,M09,PE/EVOH/PE coextruded film,60,20,,synthetic_rule_physics_model
SCN00749,C013,Potato chips,snack_fried,ambient,S02,28.4,78.0,S09,48,28.3,0.5,68,2,33,6.0,0.2,,58.5,6.0,M10,Metallised BOPP / CPP laminate,45,50,1.0,130,good,conventional (no gas modification),,,,,,N,65,N,1.62,0.0201,43,,,,,,synthetic_rule_physics_model
SCN00750,C013,Potato chips,snack_fried,ambient,S03,35.9,31.0,S09,6,35.9,1.0,135,2,33,6.0,0.2,,25.0,7.2,M11,Metallised PET / PE laminate,52,1.5,0.8,60,good,N2 flush,0,0,100,,,Y,43,N,2.43,0.0337,24,M09,PE/EVOH/PE coextruded film,60,45,,synthetic_rule_physics_model
SCN00751,C013,Potato chips,snack_fried,ambient,S01,21.1,62.0,S09,48,21.2,0.5,180,2,33,6.0,0.2,,32.5,6.5,M11,Metallised PET / PE laminate,52,1.5,0.8,60,good,N2 flush,0,0,100,,,Y,155,N,3.06,0.0424,24,,,,,,synthetic_rule_physics_model
SCN00752,C013,Potato chips,snack_fried,ambient,S02,32.7,94.0,S09,6,32.7,1.0,45,2,33,6.0,0.2,,88.6,5.9,M10,Metallised BOPP / CPP laminate,45,50,1.0,130,good,conventional (no gas modification),,,,,,N,45,Y,1.29,0.016,43,,,,,,synthetic_rule_physics_model
SCN00753,C013,Potato chips,snack_fried,ambient,S03,30.3,37.0,S09,6,30.3,0.1,90,2,33,6.0,0.2,,23.4,7.5,M11,Metallised PET / PE laminate,52,1.5,0.8,60,good,N2 flush,0,0,100,,,Y,68,N,5.2,0.072,24,M09,PE/EVOH/PE coextruded film,60,75,,synthetic_rule_physics_model
SCN00754,C013,Potato chips,snack_fried,ambient,S02,31.8,88.0,S09,48,32.0,0.5,45,2,33,6.0,0.2,,72.9,5.5,M10,Metallised BOPP / CPP laminate,45,50,1.0,130,good,conventional (no gas modification),,,,,,N,48,Y,1.62,0.0201,43,,,,,,synthetic_rule_physics_model
SCN00755,C013,Potato chips,snack_fried,ambient,S02,31.6,94.0,S09,6,31.7,0.25,68,2,33,6.0,0.2,,39.1,2.7,M11,Metallised PET / PE laminate,52,1.5,0.8,60,good,conventional (no gas modification),,,,,,N,49,N,3.85,0.0532,24,,,,,,synthetic_rule_physics_model
SCN00756,C013,Potato chips,snack_fried,ambient,S02,34.0,86.0,S09,6,33.9,0.5,68,2,33,6.0,0.2,,43.8,3.1,M11,Metallised PET / PE laminate,52,1.5,0.8,60,good,conventional (no gas modification),,,,,,N,39,N,3.06,0.0424,24,,,,,,synthetic_rule_physics_model
SCN00757,C013,Potato chips,snack_fried,ambient,S03,40.4,22.0,S09,48,40.1,1.0,90,2,33,6.0,0.2,,30.5,7.3,M11,Metallised PET / PE laminate,52,1.5,0.8,60,good,N2 flush,0,0,100,,,Y,29,N,2.43,0.0337,24,M09,PE/EVOH/PE coextruded film,60,28,,synthetic_rule_physics_model
SCN00758,C013,Potato chips,snack_fried,ambient,S01,25.9,51.0,S09,48,26.0,0.25,90,2,33,6.0,0.2,,39.9,8.6,M11,Metallised PET / PE laminate,52,1.5,0.8,60,good,N2 flush,0,0,100,,,Y,110,Y,3.85,0.0532,24,M09,PE/EVOH/PE coextruded film,60,109,,synthetic_rule_physics_model
SCN00759,C013,Potato chips,snack_fried,ambient,S01,25.3,50.0,S09,24,25.4,0.1,135,2,33,6.0,0.2,,20.3,4.7,M11,Metallised PET / PE laminate,52,1.5,0.8,60,good,N2 flush,0,0,100,,,Y,109,N,5.2,0.072,24,,,,,,synthetic_rule_physics_model
SCN00760,C013,Potato chips,snack_fried,ambient,S02,28.3,82.0,S09,48,28.3,0.25,135,2,33,6.0,0.2,,23.4,2.3,M11,Metallised PET / PE laminate,52,1.5,0.8,60,good,N2 flush,0,0,100,,,Y,84,N,3.85,0.0532,24,,,,,,synthetic_rule_physics_model
SCN00761,C013,Potato chips,snack_fried,ambient,S02,32.2,81.0,S09,6,32.2,1.0,90,2,33,6.0,0.2,,45.4,3.8,M11,Metallised PET / PE laminate,52,1.5,0.8,60,good,N2 flush,0,0,100,,,Y,64,N,2.43,0.0337,24,,,,,,synthetic_rule_physics_model
SCN00762,C013,Potato chips,snack_fried,ambient,S01,23.0,51.0,S09,6,23.0,0.1,180,2,33,6.0,0.2,,17.3,4.3,M11,Metallised PET / PE laminate,52,1.5,0.8,60,good,N2 flush,0,0,100,,,Y,140,N,5.2,0.072,24,,,,,,synthetic_rule_physics_model
SCN00763,C013,Potato chips,snack_fried,ambient,S02,31.3,84.0,S09,48,31.5,0.5,90,2,33,6.0,0.2,,37.5,3.0,M11,Metallised PET / PE laminate,52,1.5,0.8,60,good,N2 flush,0,0,100,,,Y,67,N,3.06,0.0424,24,,,,,,synthetic_rule_physics_model
SCN00764,C013,Potato chips,snack_fried,ambient,S01,27.9,44.0,S09,48,28.0,0.1,135,2,33,6.0,0.2,,17.6,4.4,M11,Metallised PET / PE laminate,52,1.5,0.8,60,good,N2 flush,0,0,100,,,Y,91,N,5.2,0.072,24,,,,,,synthetic_rule_physics_model
SCN00765,C013,Potato chips,snack_fried,ambient,S01,27.0,51.0,S09,6,27.1,0.5,90,2,33,6.0,0.2,,47.3,9.6,M11,Metallised PET / PE laminate,52,1.5,0.8,60,good,N2 flush,0,0,100,,,Y,97,Y,3.06,0.0424,24,M09,PE/EVOH/PE coextruded film,60,98,,synthetic_rule_physics_model
SCN00766,C013,Potato chips,snack_fried,ambient,S03,33.1,37.0,S09,6,33.1,1.0,45,2,33,6.0,0.2,,86.8,25.1,M10,Metallised BOPP / CPP laminate,45,50,1.0,130,good,conventional (no gas modification),,,,,,N,44,N,1.29,0.016,43,,,,,,synthetic_rule_physics_model
SCN00767,C013,Potato chips,snack_fried,ambient,S02,35.0,94.0,S09,24,34.9,0.5,135,2,33,6.0,0.2,,20.9,1.3,M11,Metallised PET / PE laminate,52,1.5,0.8,60,good,N2 flush,0,0,100,,,Y,49,N,3.06,0.0424,24,,,,,,synthetic_rule_physics_model
SCN00768,C013,Potato chips,snack_fried,ambient,S01,21.6,45.0,S09,6,21.7,0.25,45,2,33,6.0,0.2,,100.7,33.0,M10,Metallised BOPP / CPP laminate,45,50,1.0,130,good,conventional (no gas modification),,,,,,N,89,Y,2.04,0.0252,43,,,,,,synthetic_rule_physics_model
SCN00769,C013,Potato chips,snack_fried,ambient,S01,30.1,61.0,S09,24,30.1,1.0,68,2,33,6.0,0.2,,67.2,9.0,M10,Metallised BOPP / CPP laminate,45,50,1.0,130,good,conventional (no gas modification),,,,,,N,57,N,1.29,0.016,43,,,,,,synthetic_rule_physics_model
SCN00770,C013,Potato chips,snack_fried,ambient,S02,28.9,93.0,S09,6,28.9,1.0,135,2,33,6.0,0.2,,35.9,2.9,M11,Metallised PET / PE laminate,52,1.5,0.8,60,good,N2 flush,0,0,100,,,Y,84,N,2.43,0.0337,24,,,,,,synthetic_rule_physics_model
SCN00771,C013,Potato chips,snack_fried,ambient,S01,26.8,61.0,S09,24,26.8,1.0,135,2,33,6.0,0.2,,40.2,6.3,M11,Metallised PET / PE laminate,52,1.5,0.8,60,good,N2 flush,0,0,100,,,Y,95,N,2.43,0.0337,24,,,,,,synthetic_rule_physics_model
SCN00772,C013,Potato chips,snack_fried,ambient,S02,32.8,86.0,S09,48,32.8,1.0,180,2,33,6.0,0.2,,22.0,1.6,M11,Metallised PET / PE laminate,52,1.5,0.8,60,good,N2 flush,0,0,100,,,Y,57,N,2.43,0.0337,24,,,,,,synthetic_rule_physics_model
SCN00773,C013,Potato chips,snack_fried,ambient,S03,40.4,26.0,S09,6,40.4,0.5,180,2,33,6.0,0.2,,12.0,2.8,M11,Metallised PET / PE laminate,52,1.5,0.8,60,good,N2 flush,0,0,100,,,Y,26,N,3.06,0.0424,24,,,,,,synthetic_rule_physics_model
SCN00774,C013,Potato chips,snack_fried,ambient,S01,27.8,62.0,S09,48,27.9,0.5,135,2,33,6.0,0.2,,30.2,4.4,M11,Metallised PET / PE laminate,52,1.5,0.8,60,good,N2 flush,0,0,100,,,Y,88,N,3.06,0.0424,24,,,,,,synthetic_rule_physics_model
SCN00775,C013,Potato chips,snack_fried,ambient,S02,31.8,84.0,S09,48,31.8,0.5,180,2,33,6.0,0.2,,18.4,1.5,M11,Metallised PET / PE laminate,52,1.5,0.8,60,good,N2 flush,0,0,100,,,Y,63,N,3.06,0.0424,24,,,,,,synthetic_rule_physics_model
SCN00776,C013,Potato chips,snack_fried,ambient,S02,29.0,81.0,S09,6,29.1,0.5,135,2,33,6.0,0.2,,28.3,2.7,M11,Metallised PET / PE laminate,52,1.5,0.8,60,good,N2 flush,0,0,100,,,Y,79,N,3.06,0.0424,24,,,,,,synthetic_rule_physics_model
SCN00777,C013,Potato chips,snack_fried,ambient,S02,33.3,78.0,S09,24,33.4,0.1,135,2,33,6.0,0.2,,13.3,1.1,M11,Metallised PET / PE laminate,52,1.5,0.8,60,good,N2 flush,0,0,100,,,Y,53,N,5.2,0.072,24,,,,,,synthetic_rule_physics_model
SCN00778,C013,Potato chips,snack_fried,ambient,S01,22.5,41.0,S09,6,22.6,0.5,68,2,33,6.0,0.2,,79.8,29.4,M10,Metallised BOPP / CPP laminate,45,50,1.0,130,good,conventional (no gas modification),,,,,,N,113,Y,1.62,0.0201,43,,,,,,synthetic_rule_physics_model
SCN00779,C013,Potato chips,snack_fried,ambient,S01,20.8,51.0,S09,24,20.8,0.25,135,2,33,6.0,0.2,,35.3,9.7,M11,Metallised PET / PE laminate,52,1.5,0.8,60,good,N2 flush,0,0,100,,,Y,159,Y,3.85,0.0532,24,M09,PE/EVOH/PE coextruded film,60,184,,synthetic_rule_physics_model
SCN00780,C013,Potato chips,snack_fried,ambient,S02,34.2,86.0,S09,24,34.3,0.1,45,2,33,6.0,0.2,,38.2,2.7,M11,Metallised PET / PE laminate,52,1.5,0.8,60,good,conventional (no gas modification),,,,,,N,38,N,5.2,0.072,24,,,,,,synthetic_rule_physics_model
SCN00781,C014,Namkeen / bhujia,snack_fried,ambient,S02,35.7,90.0,S09,6,35.7,0.1,180,3,30,6.0,0.25,,8.9,0.6,M12,PET / Aluminium foil / PE laminate,71,0.0,0.01,55,good,N2 flush,0,0,100,,,Y,43,N,16.39,0.1878,16,,,,,,synthetic_rule_physics_model
SCN00782,C014,Namkeen / bhujia,snack_fried,ambient,S01,22.5,49.0,S09,6,22.5,1.0,45,3,30,6.0,0.25,,151.9,49.4,M10,Metallised BOPP / CPP laminate,45,50,1.0,130,good,conventional (no gas modification),,,,,,N,113,Y,1.29,0.016,43,,,,,,synthetic_rule_physics_model
SCN00783,C014,Namkeen / bhujia,snack_fried,ambient,S02,30.7,78.0,S09,6,30.7,1.0,45,3,30,6.0,0.25,,98.2,10.0,M10,Metallised BOPP / CPP laminate,45,50,1.0,130,good,conventional (no gas modification),,,,,,N,55,Y,1.29,0.016,43,,,,,,synthetic_rule_physics_model
SCN00784,C014,Namkeen / bhujia,snack_fried,ambient,S01,22.1,47.0,S09,48,22.3,0.25,68,3,30,6.0,0.25,,64.3,23.4,M10,Metallised BOPP / CPP laminate,45,50,1.0,130,good,conventional (no gas modification),,,,,,N,84,Y,2.04,0.0252,43,,,,,,synthetic_rule_physics_model
SCN00785,C014,Namkeen / bhujia,snack_fried,ambient,S02,29.8,91.0,S09,48,29.8,1.0,180,3,30,6.0,0.25,,25.7,2.2,M11,Metallised PET / PE laminate,52,1.5,0.8,60,good,N2 flush,0,0,100,,,Y,75,N,2.43,0.0337,24,,,,,,synthetic_rule_physics_model
SCN00786,C014,Namkeen / bhujia,snack_fried,ambient,S01,20.1,60.0,S09,6,20.1,0.5,135,3,30,6.0,0.25,,46.1,11.5,M11,Metallised PET / PE laminate,52,1.5,0.8,60,good,N2 flush,0,0,100,,,Y,177,Y,3.06,0.0424,24,M09,PE/EVOH/PE coextruded film,60,169,,synthetic_rule_physics_model
SCN00787,C014,Namkeen / bhujia,snack_fried,ambient,S01,31.1,44.0,S09,24,31.1,0.5,135,3,30,6.0,0.25,,25.4,7.2,M11,Metallised PET / PE laminate,52,1.5,0.8,60,good,N2 flush,0,0,100,,,Y,68,N,3.06,0.0424,24,M09,PE/EVOH/PE coextruded film,60,70,,synthetic_rule_physics_model
SCN00788,C014,Namkeen / bhujia,snack_fried,ambient,S03,38.7,28.0,S09,24,38.7,0.25,135,3,30,6.0,0.25,,13.8,3.5,M11,Metallised PET / PE laminate,52,1.5,0.8,60,good,N2 flush,0,0,100,,,Y,32,N,3.85,0.0532,24,,,,,,synthetic_rule_physics_model
SCN00789,C014,Namkeen / bhujia,snack_fried,ambient,S02,35.1,87.0,S09,6,35.1,0.5,135,3,30,6.0,0.25,,20.8,1.5,M11,Metallised PET / PE laminate,52,1.5,0.8,60,good,N2 flush,0,0,100,,,Y,47,N,3.06,0.0424,24,,,,,,synthetic_rule_physics_model
SCN00790,C014,Namkeen / bhujia,snack_fried,ambient,S02,31.1,89.0,S09,6,31.1,0.5,68,3,30,6.0,0.25,,50.5,4.2,M10,Metallised BOPP / CPP laminate,45,50,1.0,130,good,conventional (no gas modification),,,,,,N,51,N,1.62,0.0201,43,,,,,,synthetic_rule_physics_model
SCN00791,C014,Namkeen / bhujia,snack_fried,ambient,S02,30.5,82.0,S09,24,30.4,0.5,68,3,30,6.0,0.25,,52.4,5.0,M10,Metallised BOPP / CPP laminate,45,50,1.0,130,good,conventional (no gas modification),,,,,,N,54,N,1.62,0.0201,43,,,,,,synthetic_rule_physics_model
SCN00792,C014,Namkeen / bhujia,snack_fried,ambient,S01,20.7,49.0,S09,24,20.9,0.1,45,3,30,6.0,0.25,,77.6,26.9,M10,Metallised BOPP / CPP laminate,45,50,1.0,130,good,conventional (no gas modification),,,,,,N,62,Y,2.76,0.0341,43,,,,,,synthetic_rule_physics_model
SCN00793,C014,Namkeen / bhujia,snack_fried,ambient,S01,28.8,51.0,S09,24,29.0,0.25,90,3,30,6.0,0.25,,34.0,7.5,M11,Metallised PET / PE laminate,52,1.5,0.8,60,good,N2 flush,0,0,100,,,Y,80,N,3.85,0.0532,24,M09,PE/EVOH/PE coextruded film,60,87,,synthetic_rule_physics_model
SCN00794,C014,Namkeen / bhujia,snack_fried,ambient,S02,33.4,89.0,S09,48,33.3,0.5,180,3,30,6.0,0.25,,17.0,1.3,M11,Metallised PET / PE laminate,52,1.5,0.8,60,good,N2 flush,0,0,100,,,Y,56,N,3.06,0.0424,24,,,,,,synthetic_rule_physics_model
SCN00795,C014,Namkeen / bhujia,snack_fried,ambient,S02,29.2,84.0,S09,24,29.1,1.0,68,3,30,6.0,0.25,,70.5,7.0,M10,Metallised BOPP / CPP laminate,45,50,1.0,130,good,conventional (no gas modification),,,,,,N,66,N,1.29,0.016,43,,,,,,synthetic_rule_physics_model
SCN00796,C014,Namkeen / bhujia,snack_fried,ambient,S01,20.9,57.0,S09,48,21.2,1.0,90,3,30,6.0,0.25,,81.6,21.3,M10,Metallised BOPP / CPP laminate,45,50,1.0,130,good,N2 flush,0,0,100,,,Y,158,Y,1.29,0.016,43,,,,,,synthetic_rule_physics_model
SCN00797,C014,Namkeen / bhujia,snack_fried,ambient,S02,35.4,85.0,S09,6,35.5,0.25,180,3,30,6.0,0.25,,12.2,0.9,M11,Metallised PET / PE laminate,52,1.5,0.8,60,good,N2 flush,0,0,100,,,Y,45,N,3.85,0.0532,24,,,,,,synthetic_rule_physics_model
SCN00798,C014,Namkeen / bhujia,snack_fried,ambient,S02,31.7,94.0,S09,24,31.7,0.25,135,3,30,6.0,0.25,,19.7,1.5,M11,Metallised PET / PE laminate,52,1.5,0.8,60,good,N2 flush,0,0,100,,,Y,65,N,3.85,0.0532,24,,,,,,synthetic_rule_physics_model
SCN00799,C014,Namkeen / bhujia,snack_fried,ambient,S02,35.4,77.0,S09,24,35.3,0.5,180,3,30,6.0,0.25,,15.4,1.3,M11,Metallised PET / PE laminate,52,1.5,0.8,60,good,N2 flush,0,0,100,,,Y,46,N,3.06,0.0424,24,,,,,,synthetic_rule_physics_model
SCN00800,C014,Namkeen / bhujia,snack_fried,ambient,S01,21.8,49.0,S09,6,21.9,1.0,45,3,30,6.0,0.25,,157.5,52.3,M10,Metallised BOPP / CPP laminate,45,50,1.0,130,good,conventional (no gas modification),,,,,,N,124,Y,1.29,0.016,43,,,,,,synthetic_rule_physics_model
SCN00801,C014,Namkeen / bhujia,snack_fried,ambient,S01,30.7,62.0,S09,6,30.8,1.0,45,3,30,6.0,0.25,,97.8,14.1,M10,Metallised BOPP / CPP laminate,45,50,1.0,130,good,conventional (no gas modification),,,,,,N,55,Y,1.29,0.016,43,,,,,,synthetic_rule_physics_model
SCN00802,C014,Namkeen / bhujia,snack_fried,ambient,S02,28.5,76.0,S09,24,28.6,1.0,90,3,30,6.0,0.25,,54.9,6.4,M10,Metallised BOPP / CPP laminate,45,50,1.0,130,good,N2 flush,0,0,100,,,Y,79,N,1.29,0.016,43,,,,,,synthetic_rule_physics_model
SCN00803,C014,Namkeen / bhujia,snack_fried,ambient,S02,34.1,85.0,S09,48,34.1,1.0,68,3,30,6.0,0.25,,54.6,4.2,M10,Metallised BOPP / CPP laminate,45,50,1.0,130,good,conventional (no gas modification),,,,,,N,40,N,1.29,0.016,43,,,,,,synthetic_rule_physics_model
SCN00804,C014,Namkeen / bhujia,snack_fried,ambient,S01,29.6,57.0,S09,48,29.6,1.0,90,3,30,6.0,0.25,,52.0,9.3,M10,Metallised BOPP / CPP laminate,45,50,1.0,130,good,N2 flush,0,0,100,,,Y,81,N,1.29,0.016,43,,,,,,synthetic_rule_physics_model
SCN00805,C014,Namkeen / bhujia,snack_fried,ambient,S02,30.2,77.0,S09,48,30.2,0.5,180,3,30,6.0,0.25,,20.1,2.1,M11,Metallised PET / PE laminate,52,1.5,0.8,60,good,N2 flush,0,0,100,,,Y,74,N,3.06,0.0424,24,,,,,,synthetic_rule_physics_model
SCN00806,C014,Namkeen / bhujia,snack_fried,ambient,S01,26.7,45.0,S09,48,26.8,0.1,180,3,30,6.0,0.25,,14.1,4.6,M11,Metallised PET / PE laminate,52,1.5,0.8,60,good,N2 flush,0,0,100,,,Y,101,N,5.2,0.072,24,,,,,,synthetic_rule_physics_model
SCN00807,C014,Namkeen / bhujia,snack_fried,ambient,S03,31.4,43.0,S09,48,31.3,0.25,68,3,30,6.0,0.25,,39.9,11.4,M11,Metallised PET / PE laminate,52,1.5,0.8,60,good,conventional (no gas modification),,,,,,N,53,N,3.85,0.0532,24,M09,PE/EVOH/PE coextruded film,60,52,,synthetic_rule_physics_model
SCN00808,C014,Namkeen / bhujia,snack_fried,ambient,S01,26.4,48.0,S09,24,26.5,0.1,90,3,30,6.0,0.25,,28.7,8.1,M11,Metallised PET / PE laminate,52,1.5,0.8,60,good,N2 flush,0,0,100,,,Y,98,Y,5.2,0.072,24,M09,PE/EVOH/PE coextruded film,60,103,,synthetic_rule_physics_model
SCN00809,C014,Namkeen / bhujia,snack_fried,ambient,S02,31.1,77.0,S09,6,31.1,0.5,68,3,30,6.0,0.25,,50.7,5.2,M10,Metallised BOPP / CPP laminate,45,50,1.0,130,good,conventional (no gas modification),,,,,,N,52,N,1.62,0.0201,43,,,,,,synthetic_rule_physics_model
SCN00810,C014,Namkeen / bhujia,snack_fried,ambient,S01,21.1,48.0,S09,6,21.1,0.5,68,3,30,6.0,0.25,,86.6,32.0,M10,Metallised BOPP / CPP laminate,45,50,1.0,130,good,conventional (no gas modification),,,,,,N,117,Y,1.62,0.0201,43,,,,,,synthetic_rule_physics_model
SCN00811,C014,Namkeen / bhujia,snack_fried,ambient,S01,21.7,62.0,S09,6,21.8,0.1,45,3,30,6.0,0.25,,74.0,16.0,M10,Metallised BOPP / CPP laminate,45,50,1.0,130,good,conventional (no gas modification),,,,,,N,64,Y,2.76,0.0341,43,,,,,,synthetic_rule_physics_model
SCN00812,C014,Namkeen / bhujia,snack_fried,ambient,S01,27.2,46.0,S09,6,27.2,0.1,90,3,30,6.0,0.25,,27.6,8.3,M11,Metallised PET / PE laminate,52,1.5,0.8,60,good,N2 flush,0,0,100,,,Y,94,Y,5.2,0.072,24,M09,PE/EVOH/PE coextruded film,60,100,,synthetic_rule_physics_model
SCN00813,C014,Namkeen / bhujia,snack_fried,ambient,S01,20.3,56.0,S09,48,20.5,0.1,68,3,30,6.0,0.25,,52.7,14.7,M10,Metallised BOPP / CPP laminate,45,50,1.0,130,good,conventional (no gas modification),,,,,,N,71,Y,2.76,0.0341,43,,,,,,synthetic_rule_physics_model
SCN00814,C014,Namkeen / bhujia,snack_fried,ambient,S02,31.6,92.0,S09,48,31.7,0.25,90,3,30,6.0,0.25,,29.5,2.3,M11,Metallised PET / PE laminate,52,1.5,0.8,60,good,N2 flush,0,0,100,,,Y,62,N,3.85,0.0532,24,,,,,,synthetic_rule_physics_model
SCN00815,C014,Namkeen / bhujia,snack_fried,ambient,S03,39.4,33.0,S09,6,39.4,1.0,45,3,30,6.0,0.25,,63.2,15.7,M10,Metallised BOPP / CPP laminate,45,50,1.0,130,good,conventional (no gas modification),,,,,,N,25,N,1.29,0.016,43,,,,,,synthetic_rule_physics_model
SCN00816,C014,Namkeen / bhujia,snack_fried,ambient,S02,33.2,78.0,S09,24,33.3,0.5,180,3,30,6.0,0.25,,17.1,1.5,M11,Metallised PET / PE laminate,52,1.5,0.8,60,good,N2 flush,0,0,100,,,Y,50,N,3.06,0.0424,24,,,,,,synthetic_rule_physics_model
SCN00817,C014,Namkeen / bhujia,snack_fried,ambient,S03,34.6,29.0,S09,6,34.6,0.5,45,3,30,6.0,0.25,,64.0,19.4,M10,Metallised BOPP / CPP laminate,45,50,1.0,130,good,conventional (no gas modification),,,,,,N,37,N,1.62,0.0201,43,,,,,,synthetic_rule_physics_model
SCN00818,C014,Namkeen / bhujia,snack_fried,ambient,S01,24.7,43.0,S09,6,24.8,0.5,135,3,30,6.0,0.25,,35.7,13.9,M11,Metallised PET / PE laminate,52,1.5,0.8,60,good,N2 flush,0,0,100,,,Y,113,N,3.06,0.0424,24,M15,PVDC-coated cellophane,30,110,,synthetic_rule_physics_model
SCN00819,C014,Namkeen / bhujia,snack_fried,ambient,S01,28.2,49.0,S09,6,28.2,1.0,90,3,30,6.0,0.25,,55.9,14.3,M10,Metallised BOPP / CPP laminate,45,50,1.0,130,good,N2 flush,0,0,100,,,Y,82,N,1.29,0.016,43,,,,,,synthetic_rule_physics_model
SCN00820,C014,Namkeen / bhujia,snack_fried,ambient,S02,30.6,79.0,S09,48,30.6,0.25,45,3,30,6.0,0.25,,62.5,6.3,M10,Metallised BOPP / CPP laminate,45,50,1.0,130,good,conventional (no gas modification),,,,,,N,49,Y,2.04,0.0252,43,,,,,,synthetic_rule_physics_model
SCN00821,C014,Namkeen / bhujia,snack_fried,ambient,S02,31.3,93.0,S09,48,31.6,0.1,45,3,30,6.0,0.25,,43.8,3.3,M11,Metallised PET / PE laminate,52,1.5,0.8,60,good,conventional (no gas modification),,,,,,N,50,Y,5.2,0.072,24,,,,,,synthetic_rule_physics_model
SCN00822,C014,Namkeen / bhujia,snack_fried,ambient,S01,30.0,57.0,S09,24,30.0,1.0,180,3,30,6.0,0.25,,25.5,4.5,M11,Metallised PET / PE laminate,52,1.5,0.8,60,good,N2 flush,0,0,100,,,Y,70,N,2.43,0.0337,24,,,,,,synthetic_rule_physics_model
SCN00823,C014,Namkeen / bhujia,snack_fried,ambient,S03,41.8,23.0,S09,48,41.4,0.1,68,3,30,6.0,0.25,,17.7,4.0,M11,Metallised PET / PE laminate,52,1.5,0.8,60,good,conventional (no gas modification),,,,,,N,21,N,5.2,0.072,24,,,,,,synthetic_rule_physics_model
SCN00824,C014,Namkeen / bhujia,snack_fried,ambient,S01,23.4,63.0,S09,6,23.4,0.5,68,3,30,6.0,0.25,,76.4,15.1,M10,Metallised BOPP / CPP laminate,45,50,1.0,130,good,conventional (no gas modification),,,,,,N,115,Y,1.62,0.0201,43,,,,,,synthetic_rule_physics_model
SCN00825,C014,Namkeen / bhujia,snack_fried,ambient,S01,25.9,58.0,S09,24,25.9,1.0,45,3,30,6.0,0.25,,126.6,26.0,M10,Metallised BOPP / CPP laminate,45,50,1.0,130,good,conventional (no gas modification),,,,,,N,82,Y,1.29,0.016,43,,,,,,synthetic_rule_physics_model
SCN00826,C014,Namkeen / bhujia,snack_fried,ambient,S02,32.0,86.0,S09,48,32.1,0.25,45,3,30,6.0,0.25,,57.9,4.8,M10,Metallised BOPP / CPP laminate,45,50,1.0,130,good,conventional (no gas modification),,,,,,N,48,Y,2.04,0.0252,43,,,,,,synthetic_rule_physics_model
SCN00827,C014,Namkeen / bhujia,snack_fried,ambient,S01,26.8,46.0,S09,48,27.3,0.25,45,3,30,6.0,0.25,,74.1,22.4,M10,Metallised BOPP / CPP laminate,45,50,1.0,130,good,conventional (no gas modification),,,,,,N,67,Y,2.04,0.0252,43,,,,,,synthetic_rule_physics_model
SCN00828,C014,Namkeen / bhujia,snack_fried,ambient,S02,32.9,89.0,S09,24,32.7,1.0,45,3,30,6.0,0.25,,88.3,6.8,M10,Metallised BOPP / CPP laminate,45,50,1.0,130,good,conventional (no gas modification),,,,,,N,39,N,1.29,0.016,43,,,,,,synthetic_rule_physics_model
SCN00829,C014,Namkeen / bhujia,snack_fried,ambient,S01,28.2,52.0,S09,24,28.4,0.25,45,3,30,6.0,0.25,,70.2,15.7,M10,Metallised BOPP / CPP laminate,45,50,1.0,130,good,conventional (no gas modification),,,,,,N,67,Y,2.04,0.0252,43,,,,,,synthetic_rule_physics_model
SCN00830,C014,Namkeen / bhujia,snack_fried,ambient,S03,36.4,28.0,S09,48,36.2,0.1,68,3,30,6.0,0.25,,22.9,6.5,M11,Metallised PET / PE laminate,52,1.5,0.8,60,good,conventional (no gas modification),,,,,,N,32,N,5.2,0.072,24,,,,,,synthetic_rule_physics_model
SCN00831,C014,Namkeen / bhujia,snack_fried,ambient,S01,22.0,48.0,S09,6,22.0,1.0,135,3,30,6.0,0.25,,52.2,18.4,M10,Metallised BOPP / CPP laminate,45,50,1.0,130,good,N2 flush,0,0,100,,,Y,155,Y,1.29,0.016,43,,,,,,synthetic_rule_physics_model
SCN00832,C014,Namkeen / bhujia,snack_fried,ambient,S02,33.0,82.0,S09,6,33.0,0.25,90,3,30,6.0,0.25,,27.6,2.4,M11,Metallised PET / PE laminate,52,1.5,0.8,60,good,N2 flush,0,0,100,,,Y,57,N,3.85,0.0532,24,,,,,,synthetic_rule_physics_model
SCN00833,C014,Namkeen / bhujia,snack_fried,ambient,S01,20.9,55.0,S09,6,20.9,1.0,180,3,30,6.0,0.25,,41.6,11.7,M11,Metallised PET / PE laminate,52,1.5,0.8,60,good,N2 flush,0,0,100,,,Y,163,N,2.43,0.0337,24,M09,PE/EVOH/PE coextruded film,60,173,,synthetic_rule_physics_model
SCN00834,C014,Namkeen / bhujia,snack_fried,ambient,S01,23.8,61.0,S09,24,23.8,1.0,45,3,30,6.0,0.25,,141.5,28.8,M10,Metallised BOPP / CPP laminate,45,50,1.0,130,good,conventional (no gas modification),,,,,,N,101,Y,1.29,0.016,43,,,,,,synthetic_rule_physics_model
SCN00835,C014,Namkeen / bhujia,snack_fried,ambient,S02,31.5,77.0,S09,6,31.4,1.0,135,3,30,6.0,0.25,,31.5,3.2,M11,Metallised PET / PE laminate,52,1.5,0.8,60,good,N2 flush,0,0,100,,,Y,63,N,2.43,0.0337,24,,,,,,synthetic_rule_physics_model
SCN00836,C014,Namkeen / bhujia,snack_fried,ambient,S03,39.4,36.0,S09,48,39.4,1.0,180,3,30,6.0,0.25,,15.8,3.9,M11,Metallised PET / PE laminate,52,1.5,0.8,60,good,N2 flush,0,0,100,,,Y,30,N,2.43,0.0337,24,,,,,,synthetic_rule_physics_model
SCN00837,C014,Namkeen / bhujia,snack_fried,ambient,S01,27.8,57.0,S09,6,27.8,0.25,45,3,30,6.0,0.25,,72.2,13.9,M10,Metallised BOPP / CPP laminate,45,50,1.0,130,good,conventional (no gas modification),,,,,,N,69,Y,2.04,0.0252,43,,,,,,synthetic_rule_physics_model
SCN00838,C014,Namkeen / bhujia,snack_fried,ambient,S02,34.7,93.0,S09,24,34.7,0.5,135,3,30,6.0,0.25,,21.2,1.4,M11,Metallised PET / PE laminate,52,1.5,0.8,60,good,N2 flush,0,0,100,,,Y,48,N,3.06,0.0424,24,,,,,,synthetic_rule_physics_model
SCN00839,C014,Namkeen / bhujia,snack_fried,ambient,S02,31.6,80.0,S09,24,31.5,0.5,180,3,30,6.0,0.25,,18.7,1.8,M11,Metallised PET / PE laminate,52,1.5,0.8,60,good,N2 flush,0,0,100,,,Y,61,N,3.06,0.0424,24,,,,,,synthetic_rule_physics_model
SCN00840,C014,Namkeen / bhujia,snack_fried,ambient,S01,27.0,54.0,S09,24,27.1,0.5,90,3,30,6.0,0.25,,47.3,10.5,M11,Metallised PET / PE laminate,52,1.5,0.8,60,good,N2 flush,0,0,100,,,Y,96,Y,3.06,0.0424,24,M09,PE/EVOH/PE coextruded film,60,101,,synthetic_rule_physics_model
SCN00841,C015,Biscuits / cookies,bakery_dry,ambient,S02,29.2,80.0,S09,24,29.2,0.1,270,4,20,6.8,0.3,,16.6,1.2,M11,Metallised PET / PE laminate,52,1.5,0.8,60,good,conventional (no gas modification),,,,,,N,128,N,5.2,0.072,24,,,,,,synthetic_rule_physics_model
SCN00842,C015,Biscuits / cookies,bakery_dry,ambient,S01,22.4,63.0,S09,48,22.5,1.0,270,4,20,6.8,0.3,,50.9,7.6,M10,Metallised BOPP / CPP laminate,45,50,1.0,130,good,conventional (no gas modification),,,,,,N,214,N,1.29,0.016,43,,,,,,synthetic_rule_physics_model
SCN00843,C015,Biscuits / cookies,bakery_dry,ambient,S02,30.7,81.0,S09,6,30.7,0.1,270,4,20,6.8,0.3,,15.3,1.0,M11,Metallised PET / PE laminate,52,1.5,0.8,60,good,conventional (no gas modification),,,,,,N,107,N,5.2,0.072,24,,,,,,synthetic_rule_physics_model
SCN00844,C015,Biscuits / cookies,bakery_dry,ambient,S03,37.7,37.0,S09,48,37.6,1.0,180,4,20,6.8,0.3,,34.6,5.8,M08,PVDC-coated BOPP,25,15,5,120,good,conventional (no gas modification),,,,,,N,65,N,1.12,0.0158,21,M11,Metallised PET / PE laminate,52,69,,synthetic_rule_physics_model
SCN00845,C015,Biscuits / cookies,bakery_dry,ambient,S03,30.1,20.0,S09,24,30.1,0.25,180,4,20,6.8,0.3,,32.0,7.4,M08,PVDC-coated BOPP,25,15,5,120,good,conventional (no gas modification),,,,,,N,123,N,1.78,0.0249,21,M09,PE/EVOH/PE coextruded film,60,126,,synthetic_rule_physics_model
SCN00846,C015,Biscuits / cookies,bakery_dry,ambient,S02,28.4,76.0,S09,24,28.3,0.5,135,4,20,6.8,0.3,,58.9,4.8,M10,Metallised BOPP / CPP laminate,45,50,1.0,130,good,conventional (no gas modification),,,,,,N,141,Y,1.62,0.0201,43,,,,,,synthetic_rule_physics_model
SCN00847,C015,Biscuits / cookies,bakery_dry,ambient,S01,22.1,47.0,S09,48,22.2,0.25,270,4,20,6.8,0.3,,32.6,9.8,M08,PVDC-coated BOPP,25,15,5,120,good,conventional (no gas modification),,,,,,N,218,N,1.78,0.0249,21,M09,PE/EVOH/PE coextruded film,60,225,,synthetic_rule_physics_model
SCN00848,C015,Biscuits / cookies,bakery_dry,ambient,S03,33.7,26.0,S09,6,33.7,1.0,90,4,20,6.8,0.3,,84.2,16.6,M10,Metallised BOPP / CPP laminate,45,50,1.0,130,good,conventional (no gas modification),,,,,,N,89,Y,1.29,0.016,43,,,,,,synthetic_rule_physics_model
SCN00849,C015,Biscuits / cookies,bakery_dry,ambient,S01,31.1,60.0,S09,48,31.1,0.5,180,4,20,6.8,0.3,,38.3,4.2,M11,Metallised PET / PE laminate,52,1.5,0.8,60,good,conventional (no gas modification),,,,,,N,106,N,3.06,0.0424,24,,,,,,synthetic_rule_physics_model
SCN00850,C015,Biscuits / cookies,bakery_dry,ambient,S03,39.2,35.0,S09,6,39.1,0.25,180,4,20,6.8,0.3,,20.2,3.2,M11,Metallised PET / PE laminate,52,1.5,0.8,60,good,conventional (no gas modification),,,,,,N,60,N,3.85,0.0532,24,,,,,,synthetic_rule_physics_model
SCN00851,C015,Biscuits / cookies,bakery_dry,ambient,S01,29.5,62.0,S09,48,29.7,1.0,135,4,20,6.8,0.3,,68.9,7.6,M10,Metallised BOPP / CPP laminate,45,50,1.0,130,good,conventional (no gas modification),,,,,,N,129,N,1.29,0.016,43,,,,,,synthetic_rule_physics_model
SCN00852,C015,Biscuits / cookies,bakery_dry,ambient,S02,28.5,85.0,S09,48,28.6,0.5,270,4,20,6.8,0.3,,29.1,2.0,M11,Metallised PET / PE laminate,52,1.5,0.8,60,good,conventional (no gas modification),,,,,,N,139,N,3.06,0.0424,24,,,,,,synthetic_rule_physics_model
SCN00853,C015,Biscuits / cookies,bakery_dry,ambient,S02,30.6,82.0,S09,24,30.6,1.0,270,4,20,6.8,0.3,,32.9,2.1,M11,Metallised PET / PE laminate,52,1.5,0.8,60,good,conventional (no gas modification),,,,,,N,110,N,2.43,0.0337,24,,,,,,synthetic_rule_physics_model
SCN00854,C015,Biscuits / cookies,bakery_dry,ambient,S02,33.2,79.0,S09,6,33.2,0.25,270,4,20,6.8,0.3,,18.2,1.1,M11,Metallised PET / PE laminate,52,1.5,0.8,60,good,conventional (no gas modification),,,,,,N,92,N,3.85,0.0532,24,,,,,,synthetic_rule_physics_model
SCN00855,C015,Biscuits / cookies,bakery_dry,ambient,S01,30.7,54.0,S09,6,30.7,0.1,135,4,20,6.8,0.3,,30.7,4.3,M11,Metallised PET / PE laminate,52,1.5,0.8,60,good,conventional (no gas modification),,,,,,N,114,N,5.2,0.072,24,,,,,,synthetic_rule_physics_model
SCN00856,C015,Biscuits / cookies,bakery_dry,ambient,S01,20.5,53.0,S09,24,20.5,1.0,270,4,20,6.8,0.3,,56.6,13.3,M10,Metallised BOPP / CPP laminate,45,50,1.0,130,good,conventional (no gas modification),,,,,,N,268,Y,1.29,0.016,43,,,,,,synthetic_rule_physics_model
SCN00857,C015,Biscuits / cookies,bakery_dry,ambient,S03,33.8,30.0,S09,6,33.8,0.1,180,4,20,6.8,0.3,,19.6,3.8,M11,Metallised PET / PE laminate,52,1.5,0.8,60,good,conventional (no gas modification),,,,,,N,89,N,5.2,0.072,24,,,,,,synthetic_rule_physics_model
SCN00858,C015,Biscuits / cookies,bakery_dry,ambient,S02,28.6,81.0,S09,48,28.6,0.5,90,4,20,6.8,0.3,,87.2,6.4,M10,Metallised BOPP / CPP laminate,45,50,1.0,130,good,conventional (no gas modification),,,,,,N,142,Y,1.62,0.0201,43,,,,,,synthetic_rule_physics_model
SCN00859,C015,Biscuits / cookies,bakery_dry,ambient,S01,22.4,48.0,S09,48,22.6,0.5,135,4,20,6.8,0.3,,80.3,21.4,M10,Metallised BOPP / CPP laminate,45,50,1.0,130,good,conventional (no gas modification),,,,,,N,213,Y,1.62,0.0201,43,,,,,,synthetic_rule_physics_model
SCN00860,C015,Biscuits / cookies,bakery_dry,ambient,S03,38.6,34.0,S09,24,38.6,0.5,180,4,20,6.8,0.3,,26.1,4.2,M11,Metallised PET / PE laminate,52,1.5,0.8,60,good,conventional (no gas modification),,,,,,N,61,N,3.06,0.0424,24,,,,,,synthetic_rule_physics_model
SCN00861,C015,Biscuits / cookies,bakery_dry,ambient,S03,39.9,39.0,S09,6,39.9,0.25,270,4,20,6.8,0.3,,13.0,2.0,M11,Metallised PET / PE laminate,52,1.5,0.8,60,good,conventional (no gas modification),,,,,,N,56,N,3.85,0.0532,24,,,,,,synthetic_rule_physics_model
SCN00862,C015,Biscuits / cookies,bakery_dry,ambient,S02,32.1,91.0,S09,6,32.1,1.0,180,4,20,6.8,0.3,,45.6,2.4,M11,Metallised PET / PE laminate,52,1.5,0.8,60,good,conventional (no gas modification),,,,,,N,109,N,2.43,0.0337,24,,,,,,synthetic_rule_physics_model
SCN00863,C015,Biscuits / cookies,bakery_dry,ambient,S01,22.3,59.0,S09,6,22.3,1.0,360,4,20,6.8,0.3,,38.6,6.5,M08,PVDC-coated BOPP,25,15,5,120,good,conventional (no gas modification),,,,,,N,215,N,1.12,0.0158,21,M11,Metallised PET / PE laminate,52,232,,synthetic_rule_physics_model
SCN00864,C015,Biscuits / cookies,bakery_dry,ambient,S01,31.3,40.0,S09,24,31.4,0.5,135,4,20,6.8,0.3,,50.3,11.0,M10,Metallised BOPP / CPP laminate,45,50,1.0,130,good,conventional (no gas modification),,,,,,N,102,N,1.62,0.0201,43,,,,,,synthetic_rule_physics_model
SCN00865,C015,Biscuits / cookies,bakery_dry,ambient,S02,33.5,81.0,S09,6,33.5,0.1,135,4,20,6.8,0.3,,26.5,1.5,M11,Metallised PET / PE laminate,52,1.5,0.8,60,good,conventional (no gas modification),,,,,,N,95,N,5.2,0.072,24,,,,,,synthetic_rule_physics_model
SCN00866,C015,Biscuits / cookies,bakery_dry,ambient,S03,41.9,34.0,S09,6,41.9,1.0,270,4,20,6.8,0.3,,18.6,2.6,M11,Metallised PET / PE laminate,52,1.5,0.8,60,good,conventional (no gas modification),,,,,,N,48,N,2.43,0.0337,24,,,,,,synthetic_rule_physics_model
SCN00867,C015,Biscuits / cookies,bakery_dry,ambient,S01,25.7,48.0,S09,6,25.7,0.5,90,4,20,6.8,0.3,,101.6,23.5,M10,Metallised BOPP / CPP laminate,45,50,1.0,130,good,conventional (no gas modification),,,,,,N,169,Y,1.62,0.0201,43,,,,,,synthetic_rule_physics_model
SCN00868,C015,Biscuits / cookies,bakery_dry,ambient,S01,26.6,41.0,S09,6,26.6,0.25,135,4,20,6.8,0.3,,51.3,13.8,M10,Metallised BOPP / CPP laminate,45,50,1.0,130,good,conventional (no gas modification),,,,,,N,143,Y,2.04,0.0252,43,,,,,,synthetic_rule_physics_model
SCN00869,C015,Biscuits / cookies,bakery_dry,ambient,S01,23.5,53.0,S09,24,23.6,0.1,135,4,20,6.8,0.3,,44.8,9.0,M08,PVDC-coated BOPP,25,15,5,120,good,conventional (no gas modification),,,,,,N,198,Y,2.41,0.0337,21,M09,PE/EVOH/PE coextruded film,60,179,,synthetic_rule_physics_model
SCN00870,C015,Biscuits / cookies,bakery_dry,ambient,S01,21.3,53.0,S09,6,21.3,0.25,135,4,20,6.8,0.3,,68.5,15.1,M10,Metallised BOPP / CPP laminate,45,50,1.0,130,good,conventional (no gas modification),,,,,,N,179,Y,2.04,0.0252,43,,,,,,synthetic_rule_physics_model
SCN00871,C015,Biscuits / cookies,bakery_dry,ambient,S01,29.8,57.0,S09,6,29.8,0.5,360,4,20,6.8,0.3,,20.4,2.7,M11,Metallised PET / PE laminate,52,1.5,0.8,60,good,conventional (no gas modification),,,,,,N,116,N,3.06,0.0424,24,,,,,,synthetic_rule_physics_model
SCN00872,C015,Biscuits / cookies,bakery_dry,ambient,S01,20.1,44.0,S09,24,20.1,0.25,360,4,20,6.8,0.3,,27.5,10.0,M08,PVDC-coated BOPP,25,15,5,120,good,conventional (no gas modification),,,,,,N,264,N,1.78,0.0249,21,M09,PE/EVOH/PE coextruded film,60,283,,synthetic_rule_physics_model
SCN00873,C015,Biscuits / cookies,bakery_dry,ambient,S02,32.6,90.0,S09,48,32.7,1.0,180,4,20,6.8,0.3,,44.3,2.3,M11,Metallised PET / PE laminate,52,1.5,0.8,60,good,conventional (no gas modification),,,,,,N,94,N,2.43,0.0337,24,,,,,,synthetic_rule_physics_model
SCN00874,C015,Biscuits / cookies,bakery_dry,ambient,S03,39.5,30.0,S09,6,39.5,1.0,135,4,20,6.8,0.3,,41.9,6.5,M08,PVDC-coated BOPP,25,15,5,120,good,conventional (no gas modification),,,,,,N,60,N,1.12,0.0158,21,M11,Metallised PET / PE laminate,52,55,,synthetic_rule_physics_model
SCN00875,C015,Biscuits / cookies,bakery_dry,ambient,S02,35.3,79.0,S09,6,35.3,0.1,135,4,20,6.8,0.3,,24.2,1.4,M11,Metallised PET / PE laminate,52,1.5,0.8,60,good,conventional (no gas modification),,,,,,N,79,N,5.2,0.072,24,,,,,,synthetic_rule_physics_model
SCN00876,C015,Biscuits / cookies,bakery_dry,ambient,S01,31.0,57.0,S09,48,31.0,1.0,270,4,20,6.8,0.3,,32.2,3.9,M11,Metallised PET / PE laminate,52,1.5,0.8,60,good,conventional (no gas modification),,,,,,N,119,N,2.43,0.0337,24,,,,,,synthetic_rule_physics_model
SCN00877,C015,Biscuits / cookies,bakery_dry,ambient,S01,24.4,59.0,S09,6,24.4,1.0,270,4,20,6.8,0.3,,45.7,7.1,M08,PVDC-coated BOPP,25,15,5,120,good,conventional (no gas modification),,,,,,N,188,N,1.12,0.0158,21,M09,PE/EVOH/PE coextruded film,60,197,,synthetic_rule_physics_model
SCN00878,C015,Biscuits / cookies,bakery_dry,ambient,S02,28.6,89.0,S09,24,28.6,1.0,135,4,20,6.8,0.3,,73.0,4.6,M10,Metallised BOPP / CPP laminate,45,50,1.0,130,good,conventional (no gas modification),,,,,,N,139,Y,1.29,0.016,43,,,,,,synthetic_rule_physics_model
SCN00879,C015,Biscuits / cookies,bakery_dry,ambient,S02,29.1,88.0,S09,48,29.1,0.1,360,4,20,6.8,0.3,,12.5,0.8,M12,PET / Aluminium foil / PE laminate,71,0.0,0.01,55,good,conventional (no gas modification),,,,,,N,131,N,16.39,0.1878,16,,,,,,synthetic_rule_physics_model
SCN00880,C015,Biscuits / cookies,bakery_dry,ambient,S01,31.4,44.0,S09,48,31.6,0.25,90,4,20,6.8,0.3,,59.4,12.8,M10,Metallised BOPP / CPP laminate,45,50,1.0,130,good,conventional (no gas modification),,,,,,N,110,Y,2.04,0.0252,43,,,,,,synthetic_rule_physics_model
SCN00881,C015,Biscuits / cookies,bakery_dry,ambient,S02,31.1,77.0,S09,24,31.1,0.25,270,4,20,6.8,0.3,,20.2,1.4,M11,Metallised PET / PE laminate,52,1.5,0.8,60,good,conventional (no gas modification),,,,,,N,113,N,3.85,0.0532,24,,,,,,synthetic_rule_physics_model
SCN00882,C015,Biscuits / cookies,bakery_dry,ambient,S01,28.6,62.0,S09,48,28.6,0.1,360,4,20,6.8,0.3,,12.8,1.5,M11,Metallised PET / PE laminate,52,1.5,0.8,60,good,conventional (no gas modification),,,,,,N,131,N,5.2,0.072,24,,,,,,synthetic_rule_physics_model
SCN00883,C015,Biscuits / cookies,bakery_dry,ambient,S01,28.3,51.0,S09,6,28.3,1.0,135,4,20,6.8,0.3,,74.3,13.2,M10,Metallised BOPP / CPP laminate,45,50,1.0,130,good,conventional (no gas modification),,,,,,N,132,N,1.29,0.016,43,,,,,,synthetic_rule_physics_model
SCN00884,C015,Biscuits / cookies,bakery_dry,ambient,S01,22.9,42.0,S09,48,23.1,0.5,135,4,20,6.8,0.3,,78.0,24.7,M10,Metallised BOPP / CPP laminate,45,50,1.0,130,good,conventional (no gas modification),,,,,,N,206,Y,1.62,0.0201,43,,,,,,synthetic_rule_physics_model
SCN00885,C015,Biscuits / cookies,bakery_dry,ambient,S03,39.6,41.0,S09,6,39.6,1.0,360,4,20,6.8,0.3,,15.7,2.4,M11,Metallised PET / PE laminate,52,1.5,0.8,60,good,conventional (no gas modification),,,,,,N,56,N,2.43,0.0337,24,,,,,,synthetic_rule_physics_model
SCN00886,C015,Biscuits / cookies,bakery_dry,ambient,S03,33.9,36.0,S09,6,33.9,1.0,270,4,20,6.8,0.3,,27.8,5.4,M08,PVDC-coated BOPP,25,15,5,120,good,conventional (no gas modification),,,,,,N,90,N,1.12,0.0158,21,M11,Metallised PET / PE laminate,52,91,,synthetic_rule_physics_model
SCN00887,C015,Biscuits / cookies,bakery_dry,ambient,S01,20.2,56.0,S09,48,20.4,0.25,90,4,20,6.8,0.3,,108.5,22.3,M10,Metallised BOPP / CPP laminate,45,50,1.0,130,good,conventional (no gas modification),,,,,,N,200,Y,2.04,0.0252,43,,,,,,synthetic_rule_physics_model
SCN00888,C015,Biscuits / cookies,bakery_dry,ambient,S01,20.8,45.0,S09,48,20.9,0.1,360,4,20,6.8,0.3,,19.5,6.6,M08,PVDC-coated BOPP,25,15,5,120,good,conventional (no gas modification),,,,,,N,236,N,2.41,0.0337,21,M11,Metallised PET / PE laminate,52,261,,synthetic_rule_physics_model
SCN00889,C015,Biscuits / cookies,bakery_dry,ambient,S02,35.9,89.0,S09,6,35.9,0.25,180,4,20,6.8,0.3,,23.8,1.1,M11,Metallised PET / PE laminate,52,1.5,0.8,60,good,conventional (no gas modification),,,,,,N,83,N,3.85,0.0532,24,,,,,,synthetic_rule_physics_model
SCN00890,C015,Biscuits / cookies,bakery_dry,ambient,S02,35.1,81.0,S09,48,35.0,0.5,90,4,20,6.8,0.3,,62.5,3.4,M10,Metallised BOPP / CPP laminate,45,50,1.0,130,good,conventional (no gas modification),,,,,,N,85,N,1.62,0.0201,43,,,,,,synthetic_rule_physics_model
SCN00891,C015,Biscuits / cookies,bakery_dry,ambient,S02,33.9,85.0,S09,6,33.9,0.1,360,4,20,6.8,0.3,,9.7,0.5,M12,PET / Aluminium foil / PE laminate,71,0.0,0.01,55,good,conventional (no gas modification),,,,,,N,87,N,16.39,0.1878,16,,,,,,synthetic_rule_physics_model
SCN00892,C015,Biscuits / cookies,bakery_dry,ambient,S01,28.9,59.0,S09,24,28.8,0.5,270,4,20,6.8,0.3,,28.7,3.6,M11,Metallised PET / PE laminate,52,1.5,0.8,60,good,conventional (no gas modification),,,,,,N,134,N,3.06,0.0424,24,,,,,,synthetic_rule_physics_model
SCN00893,C015,Biscuits / cookies,bakery_dry,ambient,S02,29.9,90.0,S09,24,29.9,0.5,135,4,20,6.8,0.3,,54.2,3.2,M10,Metallised BOPP / CPP laminate,45,50,1.0,130,good,conventional (no gas modification),,,,,,N,127,N,1.62,0.0201,43,,,,,,synthetic_rule_physics_model
SCN00894,C015,Biscuits / cookies,bakery_dry,ambient,S01,29.4,41.0,S09,6,29.5,0.5,90,4,20,6.8,0.3,,83.4,19.8,M10,Metallised BOPP / CPP laminate,45,50,1.0,130,good,conventional (no gas modification),,,,,,N,129,Y,1.62,0.0201,43,,,,,,synthetic_rule_physics_model
SCN00895,C015,Biscuits / cookies,bakery_dry,ambient,S01,26.5,63.0,S09,24,26.5,0.25,360,4,20,6.8,0.3,,19.4,2.4,M11,Metallised PET / PE laminate,52,1.5,0.8,60,good,conventional (no gas modification),,,,,,N,155,N,3.85,0.0532,24,,,,,,synthetic_rule_physics_model
SCN00896,C015,Biscuits / cookies,bakery_dry,ambient,S02,29.5,88.0,S09,48,29.6,0.25,90,4,20,6.8,0.3,,66.0,4.1,M10,Metallised BOPP / CPP laminate,45,50,1.0,130,good,conventional (no gas modification),,,,,,N,130,Y,2.04,0.0252,43,,,,,,synthetic_rule_physics_model
SCN00897,C015,Biscuits / cookies,bakery_dry,ambient,S01,22.1,54.0,S09,48,22.1,0.1,270,4,20,6.8,0.3,,24.2,5.1,M08,PVDC-coated BOPP,25,15,5,120,good,conventional (no gas modification),,,,,,N,225,N,2.41,0.0337,21,M11,Metallised PET / PE laminate,52,220,,synthetic_rule_physics_model
SCN00898,C015,Biscuits / cookies,bakery_dry,ambient,S01,25.1,55.0,S09,24,25.1,0.25,180,4,20,6.8,0.3,,41.7,7.2,M08,PVDC-coated BOPP,25,15,5,120,good,conventional (no gas modification),,,,,,N,179,Y,1.78,0.0249,21,M09,PE/EVOH/PE coextruded film,60,195,,synthetic_rule_physics_model
SCN00899,C015,Biscuits / cookies,bakery_dry,ambient,S01,22.0,51.0,S09,6,22.0,0.25,270,4,20,6.8,0.3,,33.0,7.8,M08,PVDC-coated BOPP,25,15,5,120,good,conventional (no gas modification),,,,,,N,239,N,1.78,0.0249,21,M09,PE/EVOH/PE coextruded film,60,228,,synthetic_rule_physics_model
SCN00900,C015,Biscuits / cookies,bakery_dry,ambient,S01,30.9,48.0,S09,24,30.9,0.25,180,4,20,6.8,0.3,,30.7,5.9,M08,PVDC-coated BOPP,25,15,5,120,good,conventional (no gas modification),,,,,,N,108,N,1.78,0.0249,21,M11,Metallised PET / PE laminate,52,108,,synthetic_rule_physics_model
SCN00901,C016,Corn flakes (cereal),bakery_dry,ambient,S01,27.3,42.0,S09,6,27.3,0.25,202,3,1.0,6.5,0.2,,82.9,4.8,M10,Metallised BOPP / CPP laminate,45,50,1.0,130,good,conventional (no gas modification),,,,,,N,233,Y,2.04,0.0252,43,,,,,,synthetic_rule_physics_model
SCN00902,C016,Corn flakes (cereal),bakery_dry,ambient,S01,26.0,58.0,S09,24,26.1,1.0,270,3,1.0,6.5,0.2,,104.5,3.6,M10,Metallised BOPP / CPP laminate,45,50,1.0,130,good,conventional (no gas modification),,,,,,N,236,N,1.29,0.016,43,,,,,,synthetic_rule_physics_model
SCN00903,C016,Corn flakes (cereal),bakery_dry,ambient,S02,31.3,76.0,S09,24,31.3,0.25,202,3,1.0,6.5,0.2,,67.2,1.3,M10,Metallised BOPP / CPP laminate,45,50,1.0,130,good,conventional (no gas modification),,,,,,N,175,N,2.04,0.0252,43,,,,,,synthetic_rule_physics_model
SCN00904,C016,Corn flakes (cereal),bakery_dry,ambient,S03,39.3,39.0,S09,48,39.2,0.5,135,3,1.0,6.5,0.2,,84.5,3.4,M10,Metallised BOPP / CPP laminate,45,50,1.0,130,good,conventional (no gas modification),,,,,,N,98,N,1.62,0.0201,43,,,,,,synthetic_rule_physics_model
SCN00905,C016,Corn flakes (cereal),bakery_dry,ambient,S01,25.7,63.0,S09,24,25.8,0.1,202,3,1.0,6.5,0.2,,66.3,2.1,M10,Metallised BOPP / CPP laminate,45,50,1.0,130,good,conventional (no gas modification),,,,,,N,263,Y,2.76,0.0341,43,,,,,,synthetic_rule_physics_model
SCN00906,C016,Corn flakes (cereal),bakery_dry,ambient,S02,35.6,78.0,S09,6,35.6,0.25,135,3,1.0,6.5,0.2,,80.7,1.2,M10,Metallised BOPP / CPP laminate,45,50,1.0,130,good,conventional (no gas modification),,,,,,N,131,N,2.04,0.0252,43,,,,,,synthetic_rule_physics_model
SCN00907,C016,Corn flakes (cereal),bakery_dry,ambient,S03,34.8,35.0,S09,6,34.8,0.25,405,3,1.0,6.5,0.2,,28.0,1.7,M11,Metallised PET / PE laminate,52,1.5,0.8,60,good,conventional (no gas modification),,,,,,N,129,N,3.85,0.0532,24,,,,,,synthetic_rule_physics_model
SCN00908,C016,Corn flakes (cereal),bakery_dry,ambient,S03,33.0,28.0,S09,24,33.0,1.0,540,3,1.0,6.5,0.2,,36.2,2.4,M11,Metallised PET / PE laminate,52,1.5,0.8,60,good,conventional (no gas modification),,,,,,N,154,N,2.43,0.0337,24,,,,,,synthetic_rule_physics_model
SCN00909,C016,Corn flakes (cereal),bakery_dry,ambient,S03,40.4,23.0,S09,48,40.4,0.25,270,3,1.0,6.5,0.2,,31.7,1.5,M11,Metallised PET / PE laminate,52,1.5,0.8,60,good,conventional (no gas modification),,,,,,N,87,N,3.85,0.0532,24,,,,,,synthetic_rule_physics_model
SCN00910,C016,Corn flakes (cereal),bakery_dry,ambient,S01,29.0,57.0,S09,6,29.0,1.0,135,3,1.0,6.5,0.2,,179.0,5.6,M10,Metallised BOPP / CPP laminate,45,50,1.0,130,good,conventional (no gas modification),,,,,,N,216,Y,1.29,0.016,43,,,,,,synthetic_rule_physics_model
SCN00911,C016,Corn flakes (cereal),bakery_dry,ambient,S02,33.2,90.0,S09,24,33.2,0.25,202,3,1.0,6.5,0.2,,60.7,0.8,M11,Metallised PET / PE laminate,52,1.5,0.8,60,good,conventional (no gas modification),,,,,,N,157,N,3.85,0.0532,24,,,,,,synthetic_rule_physics_model
SCN00912,C016,Corn flakes (cereal),bakery_dry,ambient,S01,31.4,51.0,S09,6,31.4,0.1,202,3,1.0,6.5,0.2,,49.4,1.7,M11,Metallised PET / PE laminate,52,1.5,0.8,60,good,conventional (no gas modification),,,,,,N,173,N,5.2,0.072,24,,,,,,synthetic_rule_physics_model
SCN00913,C016,Corn flakes (cereal),bakery_dry,ambient,S02,33.0,87.0,S09,24,33.0,0.5,135,3,1.0,6.5,0.2,,115.7,1.7,M10,Metallised BOPP / CPP laminate,45,50,1.0,130,good,conventional (no gas modification),,,,,,N,169,Y,1.62,0.0201,43,,,,,,synthetic_rule_physics_model
SCN00914,C016,Corn flakes (cereal),bakery_dry,ambient,S01,20.8,41.0,S09,6,20.8,0.1,135,3,1.0,6.5,0.2,,130.5,10.7,M10,Metallised BOPP / CPP laminate,45,50,1.0,130,good,conventional (no gas modification),,,,,,N,349,Y,2.76,0.0341,43,,,,,,synthetic_rule_physics_model
SCN00915,C016,Corn flakes (cereal),bakery_dry,ambient,S02,34.3,76.0,S09,48,34.3,1.0,540,3,1.0,6.5,0.2,,33.9,0.6,M12,PET / Aluminium foil / PE laminate,71,0.0,0.01,55,good,conventional (no gas modification),,,,,,N,155,N,7.67,0.0879,16,,,,,,synthetic_rule_physics_model
SCN00916,C016,Corn flakes (cereal),bakery_dry,ambient,S03,39.1,43.0,S09,24,39.1,1.0,270,3,1.0,6.5,0.2,,53.4,1.7,M10,Metallised BOPP / CPP laminate,45,50,1.0,130,good,conventional (no gas modification),,,,,,N,100,N,1.29,0.016,43,,,,,,synthetic_rule_physics_model
SCN00917,C016,Corn flakes (cereal),bakery_dry,ambient,S01,22.9,49.0,S09,6,22.9,0.5,270,3,1.0,6.5,0.2,,98.8,5.2,M10,Metallised BOPP / CPP laminate,45,50,1.0,130,good,conventional (no gas modification),,,,,,N,302,Y,1.62,0.0201,43,,,,,,synthetic_rule_physics_model
SCN00918,C016,Corn flakes (cereal),bakery_dry,ambient,S01,30.4,50.0,S09,6,30.5,0.1,540,3,1.0,6.5,0.2,,19.4,0.7,M12,PET / Aluminium foil / PE laminate,71,0.0,0.01,55,good,conventional (no gas modification),,,,,,N,189,N,16.39,0.1878,16,,,,,,synthetic_rule_physics_model
SCN00919,C016,Corn flakes (cereal),bakery_dry,ambient,S02,34.5,82.0,S09,24,34.5,1.0,540,3,1.0,6.5,0.2,,33.6,0.5,M12,PET / Aluminium foil / PE laminate,71,0.0,0.01,55,good,conventional (no gas modification),,,,,,N,136,N,7.67,0.0879,16,,,,,,synthetic_rule_physics_model
SCN00920,C016,Corn flakes (cereal),bakery_dry,ambient,S02,28.0,88.0,S09,48,28.1,0.5,135,3,1.0,6.5,0.2,,149.5,2.7,M10,Metallised BOPP / CPP laminate,45,50,1.0,130,good,conventional (no gas modification),,,,,,N,214,Y,1.62,0.0201,43,,,,,,synthetic_rule_physics_model
SCN00921,C016,Corn flakes (cereal),bakery_dry,ambient,S02,31.2,87.0,S09,48,31.2,1.0,135,3,1.0,6.5,0.2,,159.2,2.5,M10,Metallised BOPP / CPP laminate,45,50,1.0,130,good,conventional (no gas modification),,,,,,N,182,Y,1.29,0.016,43,,,,,,synthetic_rule_physics_model
SCN00922,C016,Corn flakes (cereal),bakery_dry,ambient,S01,27.3,58.0,S09,24,27.3,0.1,202,3,1.0,6.5,0.2,,61.0,2.0,M10,Metallised BOPP / CPP laminate,45,50,1.0,130,good,conventional (no gas modification),,,,,,N,232,Y,2.76,0.0341,43,,,,,,synthetic_rule_physics_model
SCN00923,C016,Corn flakes (cereal),bakery_dry,ambient,S02,32.4,92.0,S09,48,32.4,0.1,405,3,1.0,6.5,0.2,,23.4,0.3,M12,PET / Aluminium foil / PE laminate,71,0.0,0.01,55,good,conventional (no gas modification),,,,,,N,157,N,16.39,0.1878,16,,,,,,synthetic_rule_physics_model
SCN00924,C016,Corn flakes (cereal),bakery_dry,ambient,S02,29.9,78.0,S09,48,30.0,0.1,405,3,1.0,6.5,0.2,,26.5,0.5,M12,PET / Aluminium foil / PE laminate,71,0.0,0.01,55,good,conventional (no gas modification),,,,,,N,208,N,16.39,0.1878,16,,,,,,synthetic_rule_physics_model
SCN00925,C016,Corn flakes (cereal),bakery_dry,ambient,S01,24.6,47.0,S09,48,24.7,0.1,202,3,1.0,6.5,0.2,,70.3,3.7,M10,Metallised BOPP / CPP laminate,45,50,1.0,130,good,conventional (no gas modification),,,,,,N,280,Y,2.76,0.0341,43,,,,,,synthetic_rule_physics_model
SCN00926,C016,Corn flakes (cereal),bakery_dry,ambient,S02,31.9,91.0,S09,24,31.9,0.1,270,3,1.0,6.5,0.2,,35.9,0.5,M12,PET / Aluminium foil / PE laminate,71,0.0,0.01,55,good,conventional (no gas modification),,,,,,N,176,N,16.39,0.1878,16,,,,,,synthetic_rule_physics_model
SCN00927,C016,Corn flakes (cereal),bakery_dry,ambient,S02,33.2,91.0,S09,24,33.2,0.25,202,3,1.0,6.5,0.2,,60.7,0.8,M11,Metallised PET / PE laminate,52,1.5,0.8,60,good,conventional (no gas modification),,,,,,N,147,N,3.85,0.0532,24,,,,,,synthetic_rule_physics_model
SCN00928,C016,Corn flakes (cereal),bakery_dry,ambient,S01,21.1,42.0,S09,24,21.1,0.1,540,3,1.0,6.5,0.2,,32.1,2.4,M11,Metallised PET / PE laminate,52,1.5,0.8,60,good,conventional (no gas modification),,,,,,N,363,N,5.2,0.072,24,,,,,,synthetic_rule_physics_model
SCN00929,C016,Corn flakes (cereal),bakery_dry,ambient,S01,28.8,48.0,S09,24,28.8,1.0,405,3,1.0,6.5,0.2,,60.1,2.5,M10,Metallised BOPP / CPP laminate,45,50,1.0,130,good,conventional (no gas modification),,,,,,N,212,N,1.29,0.016,43,,,,,,synthetic_rule_physics_model
SCN00930,C016,Corn flakes (cereal),bakery_dry,ambient,S02,34.4,94.0,S09,24,34.4,0.25,135,3,1.0,6.5,0.2,,85.6,1.1,M10,Metallised BOPP / CPP laminate,45,50,1.0,130,good,conventional (no gas modification),,,,,,N,152,Y,2.04,0.0252,43,,,,,,synthetic_rule_physics_model
SCN00931,C016,Corn flakes (cereal),bakery_dry,ambient,S01,29.8,47.0,S09,24,29.8,0.25,540,3,1.0,6.5,0.2,,27.1,1.1,M11,Metallised PET / PE laminate,52,1.5,0.8,60,good,conventional (no gas modification),,,,,,N,194,N,3.85,0.0532,24,,,,,,synthetic_rule_physics_model
SCN00932,C016,Corn flakes (cereal),bakery_dry,ambient,S01,28.0,60.0,S09,48,28.0,0.5,540,3,1.0,6.5,0.2,,37.5,1.1,M11,Metallised PET / PE laminate,52,1.5,0.8,60,good,conventional (no gas modification),,,,,,N,240,N,3.06,0.0424,24,,,,,,synthetic_rule_physics_model
SCN00933,C016,Corn flakes (cereal),bakery_dry,ambient,S02,31.8,92.0,S09,24,31.9,1.0,135,3,1.0,6.5,0.2,,154.0,2.2,M10,Metallised BOPP / CPP laminate,45,50,1.0,130,good,conventional (no gas modification),,,,,,N,184,Y,1.29,0.016,43,,,,,,synthetic_rule_physics_model
SCN00934,C016,Corn flakes (cereal),bakery_dry,ambient,S01,28.6,61.0,S09,24,28.6,0.1,202,3,1.0,6.5,0.2,,57.1,1.6,M10,Metallised BOPP / CPP laminate,45,50,1.0,130,good,conventional (no gas modification),,,,,,N,209,Y,2.76,0.0341,43,,,,,,synthetic_rule_physics_model
SCN00935,C016,Corn flakes (cereal),bakery_dry,ambient,S03,40.9,24.0,S09,24,40.9,1.0,405,3,1.0,6.5,0.2,,32.6,1.5,M11,Metallised PET / PE laminate,52,1.5,0.8,60,good,conventional (no gas modification),,,,,,N,87,N,2.43,0.0337,24,,,,,,synthetic_rule_physics_model
SCN00936,C016,Corn flakes (cereal),bakery_dry,ambient,S02,31.1,86.0,S09,24,31.1,0.25,540,3,1.0,6.5,0.2,,25.3,0.4,M12,PET / Aluminium foil / PE laminate,71,0.0,0.01,55,good,conventional (no gas modification),,,,,,N,182,N,12.12,0.1388,16,,,,,,synthetic_rule_physics_model
SCN00937,C016,Corn flakes (cereal),bakery_dry,ambient,S02,34.9,76.0,S09,6,34.9,0.25,540,3,1.0,6.5,0.2,,20.8,0.3,M12,PET / Aluminium foil / PE laminate,71,0.0,0.01,55,good,conventional (no gas modification),,,,,,N,138,N,12.12,0.1388,16,,,,,,synthetic_rule_physics_model
SCN00938,C016,Corn flakes (cereal),bakery_dry,ambient,S02,31.9,93.0,S09,24,31.9,0.25,135,3,1.0,6.5,0.2,,97.2,1.4,M10,Metallised BOPP / CPP laminate,45,50,1.0,130,good,conventional (no gas modification),,,,,,N,166,Y,2.04,0.0252,43,,,,,,synthetic_rule_physics_model
SCN00939,C016,Corn flakes (cereal),bakery_dry,ambient,S02,35.9,78.0,S09,6,35.9,0.25,135,3,1.0,6.5,0.2,,79.3,1.2,M10,Metallised BOPP / CPP laminate,45,50,1.0,130,good,conventional (no gas modification),,,,,,N,120,N,2.04,0.0252,43,,,,,,synthetic_rule_physics_model
SCN00940,C016,Corn flakes (cereal),bakery_dry,ambient,S01,25.7,64.0,S09,24,25.7,0.5,540,3,1.0,6.5,0.2,,42.4,1.3,M11,Metallised PET / PE laminate,52,1.5,0.8,60,good,conventional (no gas modification),,,,,,N,271,N,3.06,0.0424,24,,,,,,synthetic_rule_physics_model
SCN00941,C016,Corn flakes (cereal),bakery_dry,ambient,S02,28.3,80.0,S09,48,28.3,0.25,405,3,1.0,6.5,0.2,,39.1,0.8,M12,PET / Aluminium foil / PE laminate,71,0.0,0.01,55,good,conventional (no gas modification),,,,,,N,212,N,12.12,0.1388,16,,,,,,synthetic_rule_physics_model
SCN00942,C016,Corn flakes (cereal),bakery_dry,ambient,S03,38.0,22.0,S09,48,38.1,1.0,270,3,1.0,6.5,0.2,,56.3,2.9,M10,Metallised BOPP / CPP laminate,45,50,1.0,130,good,conventional (no gas modification),,,,,,N,107,N,1.29,0.016,43,,,,,,synthetic_rule_physics_model
SCN00943,C016,Corn flakes (cereal),bakery_dry,ambient,S01,21.0,52.0,S09,48,21.0,0.1,540,3,1.0,6.5,0.2,,32.2,1.7,M11,Metallised PET / PE laminate,52,1.5,0.8,60,good,conventional (no gas modification),,,,,,N,344,N,5.2,0.072,24,,,,,,synthetic_rule_physics_model
SCN00944,C016,Corn flakes (cereal),bakery_dry,ambient,S03,35.8,37.0,S09,48,35.8,1.0,405,3,1.0,6.5,0.2,,42.1,2.1,M11,Metallised PET / PE laminate,52,1.5,0.8,60,good,conventional (no gas modification),,,,,,N,127,N,2.43,0.0337,24,,,,,,synthetic_rule_physics_model
SCN00945,C016,Corn flakes (cereal),bakery_dry,ambient,S01,23.9,58.0,S09,24,24.0,1.0,135,3,1.0,6.5,0.2,,234.1,9.0,M10,Metallised BOPP / CPP laminate,45,50,1.0,130,good,conventional (no gas modification),,,,,,N,280,Y,1.29,0.016,43,,,,,,synthetic_rule_physics_model
SCN00946,C016,Corn flakes (cereal),bakery_dry,ambient,S02,32.3,91.0,S09,48,32.3,0.1,202,3,1.0,6.5,0.2,,47.1,0.7,M12,PET / Aluminium foil / PE laminate,71,0.0,0.01,55,good,conventional (no gas modification),,,,,,N,166,N,16.39,0.1878,16,,,,,,synthetic_rule_physics_model
SCN00947,C016,Corn flakes (cereal),bakery_dry,ambient,S02,29.4,86.0,S09,6,29.4,0.25,540,3,1.0,6.5,0.2,,27.6,0.5,M12,PET / Aluminium foil / PE laminate,71,0.0,0.01,55,good,conventional (no gas modification),,,,,,N,195,N,12.12,0.1388,16,,,,,,synthetic_rule_physics_model
SCN00948,C016,Corn flakes (cereal),bakery_dry,ambient,S02,28.7,80.0,S09,24,28.7,0.1,540,3,1.0,6.5,0.2,,21.2,0.4,M12,PET / Aluminium foil / PE laminate,71,0.0,0.01,55,good,conventional (no gas modification),,,,,,N,202,N,16.39,0.1878,16,,,,,,synthetic_rule_physics_model
SCN00949,C016,Corn flakes (cereal),bakery_dry,ambient,S02,35.6,75.0,S09,24,35.6,0.5,540,3,1.0,6.5,0.2,,25.3,0.4,M12,PET / Aluminium foil / PE laminate,71,0.0,0.01,55,good,conventional (no gas modification),,,,,,N,135,N,9.64,0.1104,16,,,,,,synthetic_rule_physics_model
SCN00950,C016,Corn flakes (cereal),bakery_dry,ambient,S01,25.9,48.0,S09,48,26.1,0.25,135,3,1.0,6.5,0.2,,131.9,6.3,M10,Metallised BOPP / CPP laminate,45,50,1.0,130,good,conventional (no gas modification),,,,,,N,253,Y,2.04,0.0252,43,,,,,,synthetic_rule_physics_model
SCN00951,C016,Corn flakes (cereal),bakery_dry,ambient,S01,23.6,61.0,S09,24,23.6,0.25,540,3,1.0,6.5,0.2,,37.8,1.4,M11,Metallised PET / PE laminate,52,1.5,0.8,60,good,conventional (no gas modification),,,,,,N,289,N,3.85,0.0532,24,,,,,,synthetic_rule_physics_model
SCN00952,C016,Corn flakes (cereal),bakery_dry,ambient,S01,28.7,51.0,S09,24,28.8,0.25,405,3,1.0,6.5,0.2,,38.2,1.5,M11,Metallised PET / PE laminate,52,1.5,0.8,60,good,conventional (no gas modification),,,,,,N,214,N,3.85,0.0532,24,,,,,,synthetic_rule_physics_model
SCN00953,C016,Corn flakes (cereal),bakery_dry,ambient,S02,33.6,86.0,S09,48,33.6,0.25,270,3,1.0,6.5,0.2,,44.6,0.6,M12,PET / Aluminium foil / PE laminate,71,0.0,0.01,55,good,conventional (no gas modification),,,,,,N,151,N,12.12,0.1388,16,,,,,,synthetic_rule_physics_model
SCN00954,C016,Corn flakes (cereal),bakery_dry,ambient,S02,34.6,87.0,S09,6,34.6,1.0,405,3,1.0,6.5,0.2,,44.7,0.6,M12,PET / Aluminium foil / PE laminate,71,0.0,0.01,55,good,conventional (no gas modification),,,,,,N,143,N,7.67,0.0879,16,,,,,,synthetic_rule_physics_model
SCN00955,C016,Corn flakes (cereal),bakery_dry,ambient,S01,26.4,57.0,S09,24,26.4,0.1,270,3,1.0,6.5,0.2,,48.0,1.7,M11,Metallised PET / PE laminate,52,1.5,0.8,60,good,conventional (no gas modification),,,,,,N,243,N,5.2,0.072,24,,,,,,synthetic_rule_physics_model
SCN00956,C016,Corn flakes (cereal),bakery_dry,ambient,S02,29.2,91.0,S09,6,29.2,0.25,405,3,1.0,6.5,0.2,,37.4,0.6,M12,PET / Aluminium foil / PE laminate,71,0.0,0.01,55,good,conventional (no gas modification),,,,,,N,203,N,12.12,0.1388,16,,,,,,synthetic_rule_physics_model
SCN00957,C016,Corn flakes (cereal),bakery_dry,ambient,S02,35.0,87.0,S09,24,35.0,0.5,540,3,1.0,6.5,0.2,,26.1,0.3,M12,PET / Aluminium foil / PE laminate,71,0.0,0.01,55,good,conventional (no gas modification),,,,,,N,132,N,9.64,0.1104,16,,,,,,synthetic_rule_physics_model
SCN00958,C016,Corn flakes (cereal),bakery_dry,ambient,S02,32.9,93.0,S09,24,32.9,1.0,202,3,1.0,6.5,0.2,,97.6,1.3,M10,Metallised BOPP / CPP laminate,45,50,1.0,130,good,conventional (no gas modification),,,,,,N,159,N,1.29,0.016,43,,,,,,synthetic_rule_physics_model
SCN00959,C016,Corn flakes (cereal),bakery_dry,ambient,S02,32.4,93.0,S09,48,32.5,0.5,135,3,1.0,6.5,0.2,,118.8,1.6,M10,Metallised BOPP / CPP laminate,45,50,1.0,130,good,conventional (no gas modification),,,,,,N,152,Y,1.62,0.0201,43,,,,,,synthetic_rule_physics_model
SCN00960,C016,Corn flakes (cereal),bakery_dry,ambient,S02,29.2,78.0,S09,48,29.3,0.1,270,3,1.0,6.5,0.2,,41.2,0.8,M11,Metallised PET / PE laminate,52,1.5,0.8,60,good,conventional (no gas modification),,,,,,N,202,N,5.2,0.072,24,,,,,,synthetic_rule_physics_model
SCN00961,C017,Instant noodles (fried),bakery_dry,ambient,S02,31.7,84.0,S09,24,31.7,0.5,180,4,17,6.0,0.3,,18.6,2.7,M11,Metallised PET / PE laminate,52,1.5,0.8,60,good,conventional (no gas modification),,,,,,N,97,N,3.06,0.0424,24,,,,,,synthetic_rule_physics_model
SCN00962,C017,Instant noodles (fried),bakery_dry,ambient,S02,33.7,93.0,S09,24,33.8,0.1,180,4,17,6.0,0.3,,9.8,1.1,M11,Metallised PET / PE laminate,52,1.5,0.8,60,good,conventional (no gas modification),,,,,,N,88,N,5.2,0.072,24,,,,,,synthetic_rule_physics_model
SCN00963,C017,Instant noodles (fried),bakery_dry,ambient,S02,28.6,80.0,S09,48,28.7,0.1,180,4,17,6.0,0.3,,12.8,2.3,M11,Metallised PET / PE laminate,52,1.5,0.8,60,good,conventional (no gas modification),,,,,,N,122,N,5.2,0.072,24,,,,,,synthetic_rule_physics_model
SCN00964,C017,Instant noodles (fried),bakery_dry,ambient,S03,39.7,20.0,S09,24,39.7,0.25,270,4,17,6.0,0.3,,6.6,2.4,M11,Metallised PET / PE laminate,52,1.5,0.8,60,good,conventional (no gas modification),,,,,,N,46,N,3.85,0.0532,24,,,,,,synthetic_rule_physics_model
SCN00965,C017,Instant noodles (fried),bakery_dry,ambient,S03,38.4,30.0,S09,48,38.4,0.1,270,4,17,6.0,0.3,,5.2,2.0,M11,Metallised PET / PE laminate,52,1.5,0.8,60,good,conventional (no gas modification),,,,,,N,58,N,5.2,0.072,24,,,,,,synthetic_rule_physics_model
SCN00966,C017,Instant noodles (fried),bakery_dry,ambient,S02,30.8,95.0,S09,24,30.8,0.1,360,4,17,6.0,0.3,,5.7,0.7,M12,PET / Aluminium foil / PE laminate,71,0.0,0.01,55,good,conventional (no gas modification),,,,,,N,118,N,16.39,0.1878,16,,,,,,synthetic_rule_physics_model
SCN00967,C017,Instant noodles (fried),bakery_dry,ambient,S03,36.3,26.0,S09,24,36.3,0.5,90,4,17,6.0,0.3,,29.3,12.4,M08,PVDC-coated BOPP,25,15,5,120,good,conventional (no gas modification),,,,,,N,69,N,1.41,0.0198,21,M15,PVDC-coated cellophane,30,68,,synthetic_rule_physics_model
SCN00968,C017,Instant noodles (fried),bakery_dry,ambient,S03,34.1,37.0,S09,24,34.1,0.1,180,4,17,6.0,0.3,,9.6,4.5,M11,Metallised PET / PE laminate,52,1.5,0.8,60,good,conventional (no gas modification),,,,,,N,85,N,5.2,0.072,24,,,,,,synthetic_rule_physics_model
SCN00969,C017,Instant noodles (fried),bakery_dry,ambient,S02,30.1,75.0,S09,6,30.1,0.5,360,4,17,6.0,0.3,,10.1,1.9,M11,Metallised PET / PE laminate,52,1.5,0.8,60,good,conventional (no gas modification),,,,,,N,127,N,3.06,0.0424,24,,,,,,synthetic_rule_physics_model
SCN00970,C017,Instant noodles (fried),bakery_dry,ambient,S03,30.7,20.0,S09,24,30.7,0.1,90,4,17,6.0,0.3,,23.0,12.4,M08,PVDC-coated BOPP,25,15,5,120,good,conventional (no gas modification),,,,,,N,108,Y,2.41,0.0337,21,M15,PVDC-coated cellophane,30,95,,synthetic_rule_physics_model
SCN00971,C017,Instant noodles (fried),bakery_dry,ambient,S01,21.2,52.0,S09,6,21.2,0.25,270,4,17,6.0,0.3,,17.2,9.6,M08,PVDC-coated BOPP,25,15,5,120,good,conventional (no gas modification),,,,,,N,242,N,1.78,0.0249,21,M09,PE/EVOH/PE coextruded film,60,247,,synthetic_rule_physics_model
SCN00972,C017,Instant noodles (fried),bakery_dry,ambient,S02,30.0,84.0,S09,24,30.0,0.25,360,4,17,6.0,0.3,,8.1,1.2,M11,Metallised PET / PE laminate,52,1.5,0.8,60,good,conventional (no gas modification),,,,,,N,118,N,3.85,0.0532,24,,,,,,synthetic_rule_physics_model
SCN00973,C017,Instant noodles (fried),bakery_dry,ambient,S01,25.3,61.0,S09,24,25.3,1.0,90,4,17,6.0,0.3,,65.3,21.7,M10,Metallised BOPP / CPP laminate,45,50,1.0,130,good,conventional (no gas modification),,,,,,N,123,Y,1.29,0.016,43,,,,,,synthetic_rule_physics_model
SCN00974,C017,Instant noodles (fried),bakery_dry,ambient,S01,23.4,43.0,S09,48,23.5,0.1,135,4,17,6.0,0.3,,22.4,16.7,M08,PVDC-coated BOPP,25,15,5,120,good,conventional (no gas modification),,,,,,N,194,Y,2.41,0.0337,21,M15,PVDC-coated cellophane,30,191,,synthetic_rule_physics_model
SCN00975,C017,Instant noodles (fried),bakery_dry,ambient,S02,30.1,83.0,S09,24,30.2,0.25,180,4,17,6.0,0.3,,16.0,2.5,M11,Metallised PET / PE laminate,52,1.5,0.8,60,good,conventional (no gas modification),,,,,,N,122,N,3.85,0.0532,24,,,,,,synthetic_rule_physics_model
SCN00976,C017,Instant noodles (fried),bakery_dry,ambient,S02,35.4,92.0,S09,6,35.4,0.1,90,4,17,6.0,0.3,,18.1,1.9,M11,Metallised PET / PE laminate,52,1.5,0.8,60,good,conventional (no gas modification),,,,,,N,78,N,5.2,0.072,24,,,,,,synthetic_rule_physics_model
SCN00977,C017,Instant noodles (fried),bakery_dry,ambient,S02,29.9,89.0,S09,24,29.9,0.1,270,4,17,6.0,0.3,,8.0,1.1,M11,Metallised PET / PE laminate,52,1.5,0.8,60,good,conventional (no gas modification),,,,,,N,124,N,5.2,0.072,24,,,,,,synthetic_rule_physics_model
SCN00978,C017,Instant noodles (fried),bakery_dry,ambient,S01,25.8,59.0,S09,24,25.8,0.25,135,4,17,6.0,0.3,,26.8,9.3,M08,PVDC-coated BOPP,25,15,5,120,good,conventional (no gas modification),,,,,,N,169,Y,1.78,0.0249,21,M09,PE/EVOH/PE coextruded film,60,154,,synthetic_rule_physics_model
SCN00979,C017,Instant noodles (fried),bakery_dry,ambient,S03,33.0,41.0,S09,48,33.0,0.1,360,4,17,6.0,0.3,,5.1,2.5,M11,Metallised PET / PE laminate,52,1.5,0.8,60,good,conventional (no gas modification),,,,,,N,97,N,5.2,0.072,24,,,,,,synthetic_rule_physics_model
SCN00980,C017,Instant noodles (fried),bakery_dry,ambient,S02,33.1,80.0,S09,24,33.0,0.25,135,4,17,6.0,0.3,,18.4,2.7,M11,Metallised PET / PE laminate,52,1.5,0.8,60,good,conventional (no gas modification),,,,,,N,103,N,3.85,0.0532,24,,,,,,synthetic_rule_physics_model
SCN00981,C017,Instant noodles (fried),bakery_dry,ambient,S01,22.4,62.0,S09,24,22.5,0.25,135,4,17,6.0,0.3,,32.2,12.0,M08,PVDC-coated BOPP,25,15,5,120,good,conventional (no gas modification),,,,,,N,219,Y,1.78,0.0249,21,M09,PE/EVOH/PE coextruded film,60,223,,synthetic_rule_physics_model
SCN00982,C017,Instant noodles (fried),bakery_dry,ambient,S02,28.4,77.0,S09,24,28.5,1.0,135,4,17,6.0,0.3,,36.7,6.9,M08,PVDC-coated BOPP,25,15,5,120,good,conventional (no gas modification),,,,,,N,137,Y,1.12,0.0158,21,M11,Metallised PET / PE laminate,52,132,,synthetic_rule_physics_model
SCN00983,C017,Instant noodles (fried),bakery_dry,ambient,S01,27.9,48.0,S09,6,27.9,0.1,270,4,17,6.0,0.3,,8.9,4.5,M11,Metallised PET / PE laminate,52,1.5,0.8,60,good,conventional (no gas modification),,,,,,N,141,N,5.2,0.072,24,,,,,,synthetic_rule_physics_model
SCN00984,C017,Instant noodles (fried),bakery_dry,ambient,S01,21.3,57.0,S09,24,21.4,0.25,180,4,17,6.0,0.3,,25.6,11.8,M08,PVDC-coated BOPP,25,15,5,120,good,conventional (no gas modification),,,,,,N,254,Y,1.78,0.0249,21,M09,PE/EVOH/PE coextruded film,60,242,,synthetic_rule_physics_model
SCN00985,C017,Instant noodles (fried),bakery_dry,ambient,S02,32.2,82.0,S09,6,32.2,1.0,90,4,17,6.0,0.3,,45.4,6.5,M08,PVDC-coated BOPP,25,15,5,120,good,conventional (no gas modification),,,,,,N,95,Y,1.12,0.0158,21,M11,Metallised PET / PE laminate,52,103,,synthetic_rule_physics_model
SCN00986,C017,Instant noodles (fried),bakery_dry,ambient,S01,27.0,63.0,S09,6,27.0,1.0,90,4,17,6.0,0.3,,59.5,17.3,M10,Metallised BOPP / CPP laminate,45,50,1.0,130,good,conventional (no gas modification),,,,,,N,112,Y,1.29,0.016,43,,,,,,synthetic_rule_physics_model
SCN00987,C017,Instant noodles (fried),bakery_dry,ambient,S03,37.4,28.0,S09,6,37.4,0.25,90,4,17,6.0,0.3,,22.0,8.9,M08,PVDC-coated BOPP,25,15,5,120,good,conventional (no gas modification),,,,,,N,65,N,1.78,0.0249,21,M09,PE/EVOH/PE coextruded film,60,67,,synthetic_rule_physics_model
SCN00988,C017,Instant noodles (fried),bakery_dry,ambient,S01,30.5,61.0,S09,48,30.6,0.5,270,4,17,6.0,0.3,,13.1,3.4,M11,Metallised PET / PE laminate,52,1.5,0.8,60,good,conventional (no gas modification),,,,,,N,111,N,3.06,0.0424,24,,,,,,synthetic_rule_physics_model
SCN00989,C017,Instant noodles (fried),bakery_dry,ambient,S01,25.0,63.0,S09,24,25.0,0.5,135,4,17,6.0,0.3,,35.2,11.0,M08,PVDC-coated BOPP,25,15,5,120,good,conventional (no gas modification),,,,,,N,164,Y,1.41,0.0198,21,M09,PE/EVOH/PE coextruded film,60,188,,synthetic_rule_physics_model
SCN00990,C017,Instant noodles (fried),bakery_dry,ambient,S02,33.6,90.0,S09,24,33.6,0.1,135,4,17,6.0,0.3,,13.2,1.6,M11,Metallised PET / PE laminate,52,1.5,0.8,60,good,conventional (no gas modification),,,,,,N,89,N,5.2,0.072,24,,,,,,synthetic_rule_physics_model
SCN00991,C017,Instant noodles (fried),bakery_dry,ambient,S02,31.1,91.0,S09,6,31.1,0.25,90,4,17,6.0,0.3,,30.5,4.0,M11,Metallised PET / PE laminate,52,1.5,0.8,60,good,conventional (no gas modification),,,,,,N,103,Y,3.85,0.0532,24,,,,,,synthetic_rule_physics_model
SCN00992,C017,Instant noodles (fried),bakery_dry,ambient,S01,31.1,53.0,S09,6,31.2,0.5,180,4,17,6.0,0.3,,19.1,6.6,M08,PVDC-coated BOPP,25,15,5,120,good,conventional (no gas modification),,,,,,N,105,N,1.41,0.0198,21,M11,Metallised PET / PE laminate,52,107,,synthetic_rule_physics_model
SCN00993,C017,Instant noodles (fried),bakery_dry,ambient,S01,22.7,53.0,S09,24,22.8,0.5,135,4,17,6.0,0.3,,39.8,19.7,M08,PVDC-coated BOPP,25,15,5,120,good,conventional (no gas modification),,,,,,N,223,Y,1.41,0.0198,21,M15,PVDC-coated cellophane,30,218,,synthetic_rule_physics_model
SCN00994,C017,Instant noodles (fried),bakery_dry,ambient,S03,41.9,25.0,S09,6,41.9,0.5,180,4,17,6.0,0.3,,11.1,3.7,M11,Metallised PET / PE laminate,52,1.5,0.8,60,good,conventional (no gas modification),,,,,,N,44,N,3.06,0.0424,24,,,,,,synthetic_rule_physics_model
SCN00995,C017,Instant noodles (fried),bakery_dry,ambient,S03,40.6,27.0,S09,6,40.6,0.5,180,4,17,6.0,0.3,,11.8,4.2,M11,Metallised PET / PE laminate,52,1.5,0.8,60,good,conventional (no gas modification),,,,,,N,49,N,3.06,0.0424,24,,,,,,synthetic_rule_physics_model
SCN00996,C017,Instant noodles (fried),bakery_dry,ambient,S01,28.8,47.0,S09,48,28.7,0.1,270,4,17,6.0,0.3,,8.5,4.4,M11,Metallised PET / PE laminate,52,1.5,0.8,60,good,conventional (no gas modification),,,,,,N,131,N,5.2,0.072,24,,,,,,synthetic_rule_physics_model
SCN00997,C017,Instant noodles (fried),bakery_dry,ambient,S01,27.5,55.0,S09,6,27.5,0.5,180,4,17,6.0,0.3,,23.1,8.6,M08,PVDC-coated BOPP,25,15,5,120,good,conventional (no gas modification),,,,,,N,137,N,1.41,0.0198,21,M09,PE/EVOH/PE coextruded film,60,141,,synthetic_rule_physics_model
SCN00998,C017,Instant noodles (fried),bakery_dry,ambient,S02,29.2,80.0,S09,24,29.3,1.0,90,4,17,6.0,0.3,,52.9,9.2,M10,Metallised BOPP / CPP laminate,45,50,1.0,130,good,conventional (no gas modification),,,,,,N,96,Y,1.29,0.016,43,,,,,,synthetic_rule_physics_model
SCN00999,C017,Instant noodles (fried),bakery_dry,ambient,S03,32.3,32.0,S09,6,32.3,0.1,180,4,17,6.0,0.3,,10.6,5.3,M11,Metallised PET / PE laminate,52,1.5,0.8,60,good,conventional (no gas modification),,,,,,N,101,N,5.2,0.072,24,,,,,,synthetic_rule_physics_model
SCN01000,C017,Instant noodles (fried),bakery_dry,ambient,S03,39.8,37.0,S09,24,39.7,1.0,135,4,17,6.0,0.3,,20.7,7.6,M08,PVDC-coated BOPP,25,15,5,120,good,conventional (no gas modification),,,,,,N,58,N,1.12,0.0158,21,M09,PE/EVOH/PE coextruded film,60,50,,synthetic_rule_physics_model
SCN01001,C017,Instant noodles (fried),bakery_dry,ambient,S01,26.3,58.0,S09,6,26.3,1.0,270,4,17,6.0,0.3,,20.6,7.2,M08,PVDC-coated BOPP,25,15,5,120,good,conventional (no gas modification),,,,,,N,162,N,1.12,0.0158,21,M09,PE/EVOH/PE coextruded film,60,162,,synthetic_rule_physics_model
SCN01002,C017,Instant noodles (fried),bakery_dry,ambient,S03,41.2,23.0,S09,6,41.2,0.1,90,4,17,6.0,0.3,,13.5,4.7,M11,Metallised PET / PE laminate,52,1.5,0.8,60,good,conventional (no gas modification),,,,,,N,43,N,5.2,0.072,24,,,,,,synthetic_rule_physics_model
SCN01003,C017,Instant noodles (fried),bakery_dry,ambient,S03,31.0,23.0,S09,24,31.1,0.25,180,4,17,6.0,0.3,,15.2,8.1,M08,PVDC-coated BOPP,25,15,5,120,good,conventional (no gas modification),,,,,,N,106,N,1.78,0.0249,21,M09,PE/EVOH/PE coextruded film,60,105,,synthetic_rule_physics_model
SCN01004,C017,Instant noodles (fried),bakery_dry,ambient,S02,30.1,86.0,S09,48,30.0,0.5,90,4,17,6.0,0.3,,40.4,6.0,M08,PVDC-coated BOPP,25,15,5,120,good,conventional (no gas modification),,,,,,N,109,Y,1.41,0.0198,21,M11,Metallised PET / PE laminate,52,122,,synthetic_rule_physics_model
SCN01005,C017,Instant noodles (fried),bakery_dry,ambient,S01,22.7,46.0,S09,48,22.8,0.5,135,4,17,6.0,0.3,,39.7,29.3,M08,PVDC-coated BOPP,25,15,5,120,good,conventional (no gas modification),,,,,,N,210,Y,1.41,0.0198,21,M15,PVDC-coated cellophane,30,202,,synthetic_rule_physics_model
SCN01006,C017,Instant noodles (fried),bakery_dry,ambient,S03,31.3,24.0,S09,6,31.3,0.5,180,4,17,6.0,0.3,,18.9,9.9,M08,PVDC-coated BOPP,25,15,5,120,good,conventional (no gas modification),,,,,,N,112,N,1.41,0.0198,21,M09,PE/EVOH/PE coextruded film,60,105,,synthetic_rule_physics_model
SCN01007,C017,Instant noodles (fried),bakery_dry,ambient,S03,41.0,42.0,S09,6,41.0,0.5,360,4,17,6.0,0.3,,5.8,2.0,M11,Metallised PET / PE laminate,52,1.5,0.8,60,good,conventional (no gas modification),,,,,,N,47,N,3.06,0.0424,24,,,,,,synthetic_rule_physics_model
SCN01008,C017,Instant noodles (fried),bakery_dry,ambient,S02,29.2,88.0,S09,24,29.3,0.5,90,4,17,6.0,0.3,,42.0,6.2,M08,PVDC-coated BOPP,25,15,5,120,good,conventional (no gas modification),,,,,,N,117,Y,1.41,0.0198,21,M11,Metallised PET / PE laminate,52,122,,synthetic_rule_physics_model
SCN01009,C017,Instant noodles (fried),bakery_dry,ambient,S03,39.7,38.0,S09,24,39.6,0.25,135,4,17,6.0,0.3,,13.2,4.9,M11,Metallised PET / PE laminate,52,1.5,0.8,60,good,conventional (no gas modification),,,,,,N,55,N,3.85,0.0532,24,,,,,,synthetic_rule_physics_model
SCN01010,C017,Instant noodles (fried),bakery_dry,ambient,S02,35.8,91.0,S09,6,35.8,0.5,135,4,17,6.0,0.3,,20.0,2.1,M11,Metallised PET / PE laminate,52,1.5,0.8,60,good,conventional (no gas modification),,,,,,N,76,N,3.06,0.0424,24,,,,,,synthetic_rule_physics_model
SCN01011,C017,Instant noodles (fried),bakery_dry,ambient,S01,21.5,59.0,S09,48,21.6,1.0,270,4,17,6.0,0.3,,26.6,11.2,M08,PVDC-coated BOPP,25,15,5,120,good,conventional (no gas modification),,,,,,N,241,N,1.12,0.0158,21,M09,PE/EVOH/PE coextruded film,60,230,,synthetic_rule_physics_model
SCN01012,C017,Instant noodles (fried),bakery_dry,ambient,S03,37.8,26.0,S09,48,37.8,1.0,360,4,17,6.0,0.3,,8.5,3.4,M11,Metallised PET / PE laminate,52,1.5,0.8,60,good,conventional (no gas modification),,,,,,N,63,N,2.43,0.0337,24,,,,,,synthetic_rule_physics_model
SCN01013,C017,Instant noodles (fried),bakery_dry,ambient,S02,31.4,87.0,S09,24,31.4,0.1,135,4,17,6.0,0.3,,14.7,2.0,M11,Metallised PET / PE laminate,52,1.5,0.8,60,good,conventional (no gas modification),,,,,,N,102,N,5.2,0.072,24,,,,,,synthetic_rule_physics_model
SCN01014,C017,Instant noodles (fried),bakery_dry,ambient,S01,31.9,40.0,S09,24,32.0,0.1,90,4,17,6.0,0.3,,21.4,10.9,M08,PVDC-coated BOPP,25,15,5,120,good,conventional (no gas modification),,,,,,N,95,Y,2.41,0.0337,21,M09,PE/EVOH/PE coextruded film,60,106,,synthetic_rule_physics_model
SCN01015,C017,Instant noodles (fried),bakery_dry,ambient,S02,29.1,84.0,S09,6,29.1,1.0,135,4,17,6.0,0.3,,35.5,5.7,M08,PVDC-coated BOPP,25,15,5,120,good,conventional (no gas modification),,,,,,N,128,N,1.12,0.0158,21,M11,Metallised PET / PE laminate,52,126,,synthetic_rule_physics_model
SCN01016,C017,Instant noodles (fried),bakery_dry,ambient,S01,31.5,58.0,S09,6,31.5,1.0,180,4,17,6.0,0.3,,23.5,6.6,M08,PVDC-coated BOPP,25,15,5,120,good,conventional (no gas modification),,,,,,N,103,N,1.12,0.0158,21,M11,Metallised PET / PE laminate,52,99,,synthetic_rule_physics_model
SCN01017,C017,Instant noodles (fried),bakery_dry,ambient,S01,30.0,62.0,S09,6,30.1,0.1,135,4,17,6.0,0.3,,15.8,4.1,M11,Metallised PET / PE laminate,52,1.5,0.8,60,good,conventional (no gas modification),,,,,,N,127,N,5.2,0.072,24,,,,,,synthetic_rule_physics_model
SCN01018,C017,Instant noodles (fried),bakery_dry,ambient,S02,34.1,84.0,S09,24,34.1,0.5,270,4,17,6.0,0.3,,10.9,1.4,M11,Metallised PET / PE laminate,52,1.5,0.8,60,good,conventional (no gas modification),,,,,,N,85,N,3.06,0.0424,24,,,,,,synthetic_rule_physics_model
SCN01019,C017,Instant noodles (fried),bakery_dry,ambient,S02,31.6,88.0,S09,48,31.4,0.1,90,4,17,6.0,0.3,,22.1,3.0,M11,Metallised PET / PE laminate,52,1.5,0.8,60,good,conventional (no gas modification),,,,,,N,105,Y,5.2,0.072,24,,,,,,synthetic_rule_physics_model
SCN01020,C017,Instant noodles (fried),bakery_dry,ambient,S01,30.0,57.0,S09,48,30.0,0.5,360,4,17,6.0,0.3,,10.1,3.1,M11,Metallised PET / PE laminate,52,1.5,0.8,60,good,conventional (no gas modification),,,,,,N,113,N,3.06,0.0424,24,,,,,,synthetic_rule_physics_model
SCN01021,C018,Ghee,fat_oil,ambient,S01,22.7,63.0,S09,48,22.8,1.0,202,0.2,99.5,,0.25,,33.4,3.4,M11,Metallised PET / PE laminate,52,1.5,0.8,60,good,conventional (no gas modification),,,,,,N,336,Y,2.43,0.0337,24,,,,,,synthetic_rule_physics_model
SCN01022,C018,Ghee,fat_oil,ambient,S01,22.2,59.0,S09,24,22.2,1.0,405,0.2,99.5,,0.25,,17.2,2.0,M11,Metallised PET / PE laminate,52,1.5,0.8,60,good,conventional (no gas modification),,,,,,N,366,N,2.43,0.0337,24,,,,,,synthetic_rule_physics_model
SCN01023,C018,Ghee,fat_oil,ambient,S02,31.2,83.0,S09,24,31.2,1.0,202,0.2,99.5,,0.25,,21.3,1.0,M11,Metallised PET / PE laminate,52,1.5,0.8,60,good,conventional (no gas modification),,,,,,N,154,N,2.43,0.0337,24,,,,,,synthetic_rule_physics_model
SCN01024,C018,Ghee,fat_oil,ambient,S02,34.8,76.0,S09,48,34.8,0.1,202,0.2,99.5,,0.25,,8.3,0.4,M12,PET / Aluminium foil / PE laminate,71,0.0,0.01,55,good,conventional (no gas modification),,,,,,N,111,N,16.39,0.1878,16,,,,,,synthetic_rule_physics_model
SCN01025,C018,Ghee,fat_oil,ambient,S01,30.9,45.0,S09,6,30.9,0.25,270,0.2,99.5,,0.25,,10.2,1.4,M11,Metallised PET / PE laminate,52,1.5,0.8,60,good,conventional (no gas modification),,,,,,N,165,N,3.85,0.0532,24,,,,,,synthetic_rule_physics_model
SCN01026,C018,Ghee,fat_oil,ambient,S02,34.3,76.0,S09,24,34.3,0.1,270,0.2,99.5,,0.25,,6.3,0.3,M12,PET / Aluminium foil / PE laminate,71,0.0,0.01,55,good,conventional (no gas modification),,,,,,N,114,N,16.39,0.1878,16,,,,,,synthetic_rule_physics_model
SCN01027,C018,Ghee,fat_oil,ambient,S03,36.0,28.0,S09,24,36.0,0.25,135,0.2,99.5,,0.25,,15.8,2.3,M11,Metallised PET / PE laminate,52,1.5,0.8,60,good,conventional (no gas modification),,,,,,N,93,N,3.85,0.0532,24,,,,,,synthetic_rule_physics_model
SCN01028,C018,Ghee,fat_oil,ambient,S01,29.7,44.0,S09,6,29.7,0.1,270,0.2,99.5,,0.25,,8.1,1.2,M11,Metallised PET / PE laminate,52,1.5,0.8,60,good,conventional (no gas modification),,,,,,N,182,N,5.2,0.072,24,,,,,,synthetic_rule_physics_model
SCN01029,C018,Ghee,fat_oil,ambient,S01,25.6,62.0,S09,48,25.7,0.25,202,0.2,99.5,,0.25,,18.1,1.6,M11,Metallised PET / PE laminate,52,1.5,0.8,60,good,conventional (no gas modification),,,,,,N,268,Y,3.85,0.0532,24,,,,,,synthetic_rule_physics_model
SCN01030,C018,Ghee,fat_oil,ambient,S02,33.8,88.0,S09,24,33.8,0.25,270,0.2,99.5,,0.25,,8.8,0.3,M12,PET / Aluminium foil / PE laminate,71,0.0,0.01,55,good,conventional (no gas modification),,,,,,N,131,N,12.12,0.1388,16,,,,,,synthetic_rule_physics_model
SCN01031,C018,Ghee,fat_oil,ambient,S01,30.3,51.0,S09,6,30.3,1.0,202,0.2,99.5,,0.25,,22.3,2.4,M11,Metallised PET / PE laminate,52,1.5,0.8,60,good,conventional (no gas modification),,,,,,N,176,N,2.43,0.0337,24,,,,,,synthetic_rule_physics_model
SCN01032,C018,Ghee,fat_oil,ambient,S03,36.8,45.0,S09,6,36.8,0.5,540,0.2,99.5,,0.25,,4.8,0.5,M12,PET / Aluminium foil / PE laminate,71,0.0,0.01,55,good,conventional (no gas modification),,,,,,N,92,N,9.64,0.1104,16,,,,,,synthetic_rule_physics_model
SCN01033,C018,Ghee,fat_oil,ambient,S02,31.6,78.0,S09,6,31.6,0.5,270,0.2,99.5,,0.25,,12.4,0.6,M12,PET / Aluminium foil / PE laminate,71,0.0,0.01,55,good,conventional (no gas modification),,,,,,N,155,N,9.64,0.1104,16,,,,,,synthetic_rule_physics_model
SCN01034,C018,Ghee,fat_oil,ambient,S02,35.9,95.0,S09,48,35.8,0.25,135,0.2,99.5,,0.25,,15.9,0.5,M12,PET / Aluminium foil / PE laminate,71,0.0,0.01,55,good,conventional (no gas modification),,,,,,N,103,N,12.12,0.1388,16,,,,,,synthetic_rule_physics_model
SCN01035,C018,Ghee,fat_oil,ambient,S02,30.9,81.0,S09,24,30.9,0.25,405,0.2,99.5,,0.25,,6.8,0.3,M12,PET / Aluminium foil / PE laminate,71,0.0,0.01,55,good,conventional (no gas modification),,,,,,N,148,N,12.12,0.1388,16,,,,,,synthetic_rule_physics_model
SCN01036,C018,Ghee,fat_oil,ambient,S01,21.0,50.0,S09,48,21.1,0.1,540,0.2,99.5,,0.25,,6.4,1.1,M11,Metallised PET / PE laminate,52,1.5,0.8,60,good,conventional (no gas modification),,,,,,N,385,N,5.2,0.072,24,,,,,,synthetic_rule_physics_model
SCN01037,C018,Ghee,fat_oil,ambient,S01,29.5,57.0,S09,24,29.5,0.1,270,0.2,99.5,,0.25,,8.2,0.7,M12,PET / Aluminium foil / PE laminate,71,0.0,0.01,55,good,conventional (no gas modification),,,,,,N,183,N,16.39,0.1878,16,,,,,,synthetic_rule_physics_model
SCN01038,C018,Ghee,fat_oil,ambient,S01,24.7,52.0,S09,6,24.7,1.0,135,0.2,99.5,,0.25,,45.1,6.0,M11,Metallised PET / PE laminate,52,1.5,0.8,60,good,conventional (no gas modification),,,,,,N,288,Y,2.43,0.0337,24,,,,,,synthetic_rule_physics_model
SCN01039,C018,Ghee,fat_oil,ambient,S01,21.3,64.0,S09,6,21.3,1.0,270,0.2,99.5,,0.25,,27.1,2.9,M11,Metallised PET / PE laminate,52,1.5,0.8,60,good,conventional (no gas modification),,,,,,N,358,Y,2.43,0.0337,24,,,,,,synthetic_rule_physics_model
SCN01040,C018,Ghee,fat_oil,ambient,S02,33.6,85.0,S09,6,33.6,0.25,405,0.2,99.5,,0.25,,5.9,0.2,M12,PET / Aluminium foil / PE laminate,71,0.0,0.01,55,good,conventional (no gas modification),,,,,,N,138,N,12.12,0.1388,16,,,,,,synthetic_rule_physics_model
SCN01041,C018,Ghee,fat_oil,ambient,S02,30.6,76.0,S09,24,30.6,0.5,405,0.2,99.5,,0.25,,8.7,0.5,M12,PET / Aluminium foil / PE laminate,71,0.0,0.01,55,good,conventional (no gas modification),,,,,,N,163,N,9.64,0.1104,16,,,,,,synthetic_rule_physics_model
SCN01042,C018,Ghee,fat_oil,ambient,S01,29.1,51.0,S09,24,29.1,0.25,135,0.2,99.5,,0.25,,22.5,2.5,M11,Metallised PET / PE laminate,52,1.5,0.8,60,good,conventional (no gas modification),,,,,,N,191,Y,3.85,0.0532,24,,,,,,synthetic_rule_physics_model
SCN01043,C018,Ghee,fat_oil,ambient,S02,30.4,89.0,S09,6,30.4,0.5,202,0.2,99.5,,0.25,,17.7,0.8,M12,PET / Aluminium foil / PE laminate,71,0.0,0.01,55,good,conventional (no gas modification),,,,,,N,177,N,9.64,0.1104,16,,,,,,synthetic_rule_physics_model
SCN01044,C018,Ghee,fat_oil,ambient,S01,29.0,44.0,S09,48,29.0,1.0,540,0.2,99.5,,0.25,,8.9,1.4,M11,Metallised PET / PE laminate,52,1.5,0.8,60,good,conventional (no gas modification),,,,,,N,195,N,2.43,0.0337,24,,,,,,synthetic_rule_physics_model
SCN01045,C018,Ghee,fat_oil,ambient,S02,35.7,84.0,S09,48,35.7,0.1,540,0.2,99.5,,0.25,,3.0,0.1,M12,PET / Aluminium foil / PE laminate,71,0.0,0.01,55,good,conventional (no gas modification),,,,,,N,103,N,16.39,0.1878,16,,,,,,synthetic_rule_physics_model
SCN01046,C018,Ghee,fat_oil,ambient,S02,29.2,88.0,S09,6,29.2,0.5,135,0.2,99.5,,0.25,,28.2,1.3,M11,Metallised PET / PE laminate,52,1.5,0.8,60,good,conventional (no gas modification),,,,,,N,195,Y,3.06,0.0424,24,,,,,,synthetic_rule_physics_model
SCN01047,C018,Ghee,fat_oil,ambient,S03,41.2,32.0,S09,48,41.2,1.0,270,0.2,99.5,,0.25,,9.6,1.1,M11,Metallised PET / PE laminate,52,1.5,0.8,60,good,conventional (no gas modification),,,,,,N,60,N,2.43,0.0337,24,,,,,,synthetic_rule_physics_model
SCN01048,C018,Ghee,fat_oil,ambient,S03,40.3,36.0,S09,48,40.2,0.1,202,0.2,99.5,,0.25,,6.3,0.8,M12,PET / Aluminium foil / PE laminate,71,0.0,0.01,55,good,conventional (no gas modification),,,,,,N,59,N,16.39,0.1878,16,,,,,,synthetic_rule_physics_model
SCN01049,C018,Ghee,fat_oil,ambient,S03,35.0,34.0,S09,6,35.0,0.5,202,0.2,99.5,,0.25,,13.9,2.1,M11,Metallised PET / PE laminate,52,1.5,0.8,60,good,conventional (no gas modification),,,,,,N,113,N,3.06,0.0424,24,,,,,,synthetic_rule_physics_model
SCN01050,C018,Ghee,fat_oil,ambient,S01,29.8,40.0,S09,48,29.8,0.1,405,0.2,99.5,,0.25,,5.4,1.0,M11,Metallised PET / PE laminate,52,1.5,0.8,60,good,conventional (no gas modification),,,,,,N,173,N,5.2,0.072,24,,,,,,synthetic_rule_physics_model
SCN01051,C018,Ghee,fat_oil,ambient,S03,35.0,29.0,S09,6,35.0,0.5,135,0.2,99.5,,0.25,,20.9,3.1,M11,Metallised PET / PE laminate,52,1.5,0.8,60,good,conventional (no gas modification),,,,,,N,104,N,3.06,0.0424,24,,,,,,synthetic_rule_physics_model
SCN01052,C018,Ghee,fat_oil,ambient,S02,29.3,84.0,S09,48,29.4,1.0,270,0.2,99.5,,0.25,,17.6,0.9,M11,Metallised PET / PE laminate,52,1.5,0.8,60,good,conventional (no gas modification),,,,,,N,183,N,2.43,0.0337,24,,,,,,synthetic_rule_physics_model
SCN01053,C018,Ghee,fat_oil,ambient,S02,35.4,92.0,S09,48,35.4,0.1,135,0.2,99.5,,0.25,,12.0,0.4,M12,PET / Aluminium foil / PE laminate,71,0.0,0.01,55,good,conventional (no gas modification),,,,,,N,113,N,16.39,0.1878,16,,,,,,synthetic_rule_physics_model
SCN01054,C018,Ghee,fat_oil,ambient,S01,29.0,56.0,S09,24,29.0,0.1,270,0.2,99.5,,0.25,,8.4,0.8,M12,PET / Aluminium foil / PE laminate,71,0.0,0.01,55,good,conventional (no gas modification),,,,,,N,189,N,16.39,0.1878,16,,,,,,synthetic_rule_physics_model
SCN01055,C018,Ghee,fat_oil,ambient,S01,29.3,54.0,S09,24,29.4,0.1,270,0.2,99.5,,0.25,,8.2,0.8,M11,Metallised PET / PE laminate,52,1.5,0.8,60,good,conventional (no gas modification),,,,,,N,170,N,5.2,0.072,24,,,,,,synthetic_rule_physics_model
SCN01056,C018,Ghee,fat_oil,ambient,S02,33.9,75.0,S09,48,33.9,0.5,270,0.2,99.5,,0.25,,11.0,0.5,M12,PET / Aluminium foil / PE laminate,71,0.0,0.01,55,good,conventional (no gas modification),,,,,,N,124,N,9.64,0.1104,16,,,,,,synthetic_rule_physics_model
SCN01057,C018,Ghee,fat_oil,ambient,S01,30.1,60.0,S09,6,30.1,1.0,135,0.2,99.5,,0.25,,33.8,2.7,M11,Metallised PET / PE laminate,52,1.5,0.8,60,good,conventional (no gas modification),,,,,,N,182,Y,2.43,0.0337,24,,,,,,synthetic_rule_physics_model
SCN01058,C018,Ghee,fat_oil,ambient,S03,36.2,39.0,S09,48,36.1,1.0,202,0.2,99.5,,0.25,,16.5,2.3,M11,Metallised PET / PE laminate,52,1.5,0.8,60,good,conventional (no gas modification),,,,,,N,98,N,2.43,0.0337,24,,,,,,synthetic_rule_physics_model
SCN01059,C018,Ghee,fat_oil,ambient,S03,32.3,36.0,S09,48,32.4,1.0,202,0.2,99.5,,0.25,,20.0,3.3,M11,Metallised PET / PE laminate,52,1.5,0.8,60,good,conventional (no gas modification),,,,,,N,131,N,2.43,0.0337,24,,,,,,synthetic_rule_physics_model
SCN01060,C018,Ghee,fat_oil,ambient,S02,30.5,78.0,S09,6,30.5,0.25,540,0.2,99.5,,0.25,,5.2,0.3,M12,PET / Aluminium foil / PE laminate,71,0.0,0.01,55,good,conventional (no gas modification),,,,,,N,169,N,12.12,0.1388,16,,,,,,synthetic_rule_physics_model
SCN01061,C018,Ghee,fat_oil,ambient,S02,34.3,92.0,S09,6,34.3,0.25,270,0.2,99.5,,0.25,,8.6,0.3,M12,PET / Aluminium foil / PE laminate,71,0.0,0.01,55,good,conventional (no gas modification),,,,,,N,116,N,12.12,0.1388,16,,,,,,synthetic_rule_physics_model
SCN01062,C018,Ghee,fat_oil,ambient,S01,29.2,44.0,S09,24,29.2,0.1,540,0.2,99.5,,0.25,,4.1,0.6,M12,PET / Aluminium foil / PE laminate,71,0.0,0.01,55,good,conventional (no gas modification),,,,,,N,184,N,16.39,0.1878,16,,,,,,synthetic_rule_physics_model
SCN01063,C018,Ghee,fat_oil,ambient,S01,28.8,65.0,S09,48,28.9,0.25,202,0.2,99.5,,0.25,,15.2,1.1,M11,Metallised PET / PE laminate,52,1.5,0.8,60,good,conventional (no gas modification),,,,,,N,194,N,3.85,0.0532,24,,,,,,synthetic_rule_physics_model
SCN01064,C018,Ghee,fat_oil,ambient,S02,30.0,91.0,S09,6,30.0,0.1,270,0.2,99.5,,0.25,,7.9,0.3,M12,PET / Aluminium foil / PE laminate,71,0.0,0.01,55,good,conventional (no gas modification),,,,,,N,168,N,16.39,0.1878,16,,,,,,synthetic_rule_physics_model
SCN01065,C018,Ghee,fat_oil,ambient,S03,37.5,36.0,S09,6,37.5,1.0,540,0.2,99.5,,0.25,,5.8,0.8,M12,PET / Aluminium foil / PE laminate,71,0.0,0.01,55,good,conventional (no gas modification),,,,,,N,88,N,7.67,0.0879,16,,,,,,synthetic_rule_physics_model
SCN01066,C018,Ghee,fat_oil,ambient,S03,31.1,32.0,S09,24,31.2,1.0,135,0.2,99.5,,0.25,,31.9,5.6,M11,Metallised PET / PE laminate,52,1.5,0.8,60,good,conventional (no gas modification),,,,,,N,156,Y,2.43,0.0337,24,,,,,,synthetic_rule_physics_model
SCN01067,C018,Ghee,fat_oil,ambient,S02,31.3,85.0,S09,24,31.3,1.0,405,0.2,99.5,,0.25,,10.6,0.5,M12,PET / Aluminium foil / PE laminate,71,0.0,0.01,55,good,conventional (no gas modification),,,,,,N,147,N,7.67,0.0879,16,,,,,,synthetic_rule_physics_model
SCN01068,C018,Ghee,fat_oil,ambient,S01,23.6,63.0,S09,24,23.7,0.1,135,0.2,99.5,,0.25,,22.3,2.2,M11,Metallised PET / PE laminate,52,1.5,0.8,60,good,conventional (no gas modification),,,,,,N,295,Y,5.2,0.072,24,,,,,,synthetic_rule_physics_model
SCN01069,C018,Ghee,fat_oil,ambient,S03,35.8,35.0,S09,6,35.8,0.5,135,0.2,99.5,,0.25,,20.0,2.9,M11,Metallised PET / PE laminate,52,1.5,0.8,60,good,conventional (no gas modification),,,,,,N,97,N,3.06,0.0424,24,,,,,,synthetic_rule_physics_model
SCN01070,C018,Ghee,fat_oil,ambient,S02,34.1,79.0,S09,6,34.1,0.1,270,0.2,99.5,,0.25,,6.4,0.3,M12,PET / Aluminium foil / PE laminate,71,0.0,0.01,55,good,conventional (no gas modification),,,,,,N,114,N,16.39,0.1878,16,,,,,,synthetic_rule_physics_model
SCN01071,C018,Ghee,fat_oil,ambient,S01,28.7,63.0,S09,48,28.8,0.1,270,0.2,99.5,,0.25,,8.5,0.6,M12,PET / Aluminium foil / PE laminate,71,0.0,0.01,55,good,conventional (no gas modification),,,,,,N,185,N,16.39,0.1878,16,,,,,,synthetic_rule_physics_model
SCN01072,C018,Ghee,fat_oil,ambient,S02,32.0,85.0,S09,48,31.9,0.25,202,0.2,99.5,,0.25,,13.0,0.6,M12,PET / Aluminium foil / PE laminate,71,0.0,0.01,55,good,conventional (no gas modification),,,,,,N,142,N,12.12,0.1388,16,,,,,,synthetic_rule_physics_model
SCN01073,C018,Ghee,fat_oil,ambient,S03,38.6,44.0,S09,6,38.6,0.5,202,0.2,99.5,,0.25,,11.6,1.2,M11,Metallised PET / PE laminate,52,1.5,0.8,60,good,conventional (no gas modification),,,,,,N,81,N,3.06,0.0424,24,,,,,,synthetic_rule_physics_model
SCN01074,C018,Ghee,fat_oil,ambient,S03,35.1,39.0,S09,6,35.1,1.0,405,0.2,99.5,,0.25,,8.7,1.3,M11,Metallised PET / PE laminate,52,1.5,0.8,60,good,conventional (no gas modification),,,,,,N,106,N,2.43,0.0337,24,,,,,,synthetic_rule_physics_model
SCN01075,C018,Ghee,fat_oil,ambient,S02,31.0,88.0,S09,24,31.0,0.1,540,0.2,99.5,,0.25,,3.8,0.2,M12,PET / Aluminium foil / PE laminate,71,0.0,0.01,55,good,conventional (no gas modification),,,,,,N,152,N,16.39,0.1878,16,,,,,,synthetic_rule_physics_model
SCN01076,C018,Ghee,fat_oil,ambient,S03,37.7,44.0,S09,24,37.7,0.25,270,0.2,99.5,,0.25,,7.2,0.8,M12,PET / Aluminium foil / PE laminate,71,0.0,0.01,55,good,conventional (no gas modification),,,,,,N,83,N,12.12,0.1388,16,,,,,,synthetic_rule_physics_model
SCN01077,C018,Ghee,fat_oil,ambient,S02,30.9,76.0,S09,6,30.9,0.5,135,0.2,99.5,,0.25,,25.8,1.3,M11,Metallised PET / PE laminate,52,1.5,0.8,60,good,conventional (no gas modification),,,,,,N,157,Y,3.06,0.0424,24,,,,,,synthetic_rule_physics_model
SCN01078,C018,Ghee,fat_oil,ambient,S01,25.6,60.0,S09,48,25.7,1.0,270,0.2,99.5,,0.25,,21.4,2.1,M11,Metallised PET / PE laminate,52,1.5,0.8,60,good,conventional (no gas modification),,,,,,N,256,N,2.43,0.0337,24,,,,,,synthetic_rule_physics_model
SCN01079,C018,Ghee,fat_oil,ambient,S01,22.6,54.0,S09,48,22.7,0.1,540,0.2,99.5,,0.25,,5.9,0.8,M12,PET / Aluminium foil / PE laminate,71,0.0,0.01,55,good,conventional (no gas modification),,,,,,N,314,N,16.39,0.1878,16,,,,,,synthetic_rule_physics_model
SCN01080,C018,Ghee,fat_oil,ambient,S01,23.8,45.0,S09,6,23.8,0.5,405,0.2,99.5,,0.25,,12.5,2.3,M11,Metallised PET / PE laminate,52,1.5,0.8,60,good,conventional (no gas modification),,,,,,N,310,N,3.06,0.0424,24,,,,,,synthetic_rule_physics_model
SCN01081,C019,Pasteurised milk,dairy_chilled,chilled,S04,0.7,88.0,S10,48,2.3,0.5,3,87,3.5,6.7,0.99,,30051.3,6156.3,M10,Metallised BOPP / CPP laminate,45,50,1.0,130,good,conventional (no gas modification),,,,,,N,7,Y,1.62,0.0201,43,M16,PE-coated paper / paperboard,95,7,,synthetic_rule_physics_model
SCN01082,C019,Pasteurised milk,dairy_chilled,chilled,S04,1.8,86.0,S10,48,1.3,0.1,6,87,3.5,6.7,0.99,,9370.1,1708.9,M10,Metallised BOPP / CPP laminate,45,50,1.0,130,good,conventional (no gas modification),,,,,,N,8,Y,2.76,0.0341,43,M02,HDPE film,20,8,,synthetic_rule_physics_model
SCN01083,C019,Pasteurised milk,dairy_chilled,chilled,S05,5.1,76.0,S10,24,4.9,0.1,12,87,3.5,6.7,0.99,,3744.9,310.3,M10,Metallised BOPP / CPP laminate,45,50,1.0,130,good,conventional (no gas modification),,,,,,N,5,N,2.76,0.0341,43,M02,HDPE film,20,5,,synthetic_rule_physics_model
SCN01084,C019,Pasteurised milk,dairy_chilled,chilled,S04,3.9,90.0,S10,6,4.0,0.5,12,87,3.5,6.7,0.99,,6728.0,1481.8,M10,Metallised BOPP / CPP laminate,45,50,1.0,130,good,conventional (no gas modification),,,,,,N,6,N,1.62,0.0201,43,M16,PE-coated paper / paperboard,95,6,,synthetic_rule_physics_model
SCN01085,C019,Pasteurised milk,dairy_chilled,chilled,S04,0.4,88.0,S10,6,0.7,0.25,3,87,3.5,6.7,0.99,,26441.2,5892.8,M10,Metallised BOPP / CPP laminate,45,50,1.0,130,good,conventional (no gas modification),,,,,,N,9,Y,2.04,0.0252,43,M02,HDPE film,30,8,,synthetic_rule_physics_model
SCN01086,C019,Pasteurised milk,dairy_chilled,chilled,S05,5.7,70.0,S10,6,5.2,0.1,3,87,3.5,6.7,0.99,,14642.8,945.7,M10,Metallised BOPP / CPP laminate,45,50,1.0,130,good,conventional (no gas modification),,,,,,N,5,Y,2.76,0.0341,43,M02,HDPE film,20,5,,synthetic_rule_physics_model
SCN01087,C019,Pasteurised milk,dairy_chilled,chilled,S04,2.5,93.0,S10,24,2.4,0.25,12,87,3.5,6.7,0.99,,5937.0,2208.7,M10,Metallised BOPP / CPP laminate,45,50,1.0,130,good,conventional (no gas modification),,,,,,N,7,N,2.04,0.0252,43,M02,HDPE film,30,7,,synthetic_rule_physics_model
SCN01088,C019,Pasteurised milk,dairy_chilled,chilled,S04,2.3,94.0,S10,48,2.8,0.1,12,87,3.5,6.7,0.99,,4268.4,1656.4,M10,Metallised BOPP / CPP laminate,45,50,1.0,130,good,conventional (no gas modification),,,,,,N,7,N,2.76,0.0341,43,M02,HDPE film,20,7,,synthetic_rule_physics_model
SCN01089,C019,Pasteurised milk,dairy_chilled,chilled,S04,1.1,93.0,S10,24,1.0,0.5,3,87,3.5,6.7,0.99,,32568.5,12243.0,M10,Metallised BOPP / CPP laminate,45,50,1.0,130,good,conventional (no gas modification),,,,,,N,8,Y,1.62,0.0201,43,M16,PE-coated paper / paperboard,95,8,,synthetic_rule_physics_model
SCN01090,C019,Pasteurised milk,dairy_chilled,chilled,S05,6.7,74.0,S10,6,6.7,0.1,4,87,3.5,6.7,0.99,,10013.0,693.2,M10,Metallised BOPP / CPP laminate,45,50,1.0,130,good,conventional (no gas modification),,,,,,N,4,Y,2.76,0.0341,43,M02,HDPE film,20,4,,synthetic_rule_physics_model
SCN01091,C019,Pasteurised milk,dairy_chilled,chilled,S04,2.0,88.0,S10,48,3.3,0.5,6,87,3.5,6.7,0.99,,14038.0,2745.0,M10,Metallised BOPP / CPP laminate,45,50,1.0,130,good,conventional (no gas modification),,,,,,N,6,Y,1.62,0.0201,43,M16,PE-coated paper / paperboard,95,6,,synthetic_rule_physics_model
SCN01092,C019,Pasteurised milk,dairy_chilled,chilled,S05,7.6,74.0,S10,6,7.6,0.25,9,87,3.5,6.7,0.99,,5722.4,383.0,M10,Metallised BOPP / CPP laminate,45,50,1.0,130,good,conventional (no gas modification),,,,,,N,4,N,2.04,0.0252,43,M02,HDPE film,30,4,,synthetic_rule_physics_model
SCN01093,C019,Pasteurised milk,dairy_chilled,chilled,S05,7.8,82.0,S10,6,7.4,0.1,3,87,3.5,6.7,0.99,,12811.1,1219.9,M10,Metallised BOPP / CPP laminate,45,50,1.0,130,good,conventional (no gas modification),,,,,,N,4,Y,2.76,0.0341,43,M02,HDPE film,20,4,,synthetic_rule_physics_model
SCN01094,C019,Pasteurised milk,dairy_chilled,chilled,S04,1.9,90.0,S10,24,1.7,0.1,6,87,3.5,6.7,0.99,,9125.3,2374.4,M10,Metallised BOPP / CPP laminate,45,50,1.0,130,good,conventional (no gas modification),,,,,,N,8,Y,2.76,0.0341,43,M02,HDPE film,20,8,,synthetic_rule_physics_model
SCN01095,C019,Pasteurised milk,dairy_chilled,chilled,S04,1.3,89.0,S10,6,1.3,1.0,9,87,3.5,6.7,0.99,,13373.5,3232.4,M10,Metallised BOPP / CPP laminate,45,50,1.0,130,good,conventional (no gas modification),,,,,,N,8,N,1.29,0.016,43,M16,PE-coated paper / paperboard,95,8,,synthetic_rule_physics_model
SCN01096,C019,Pasteurised milk,dairy_chilled,chilled,S05,5.6,80.0,S10,6,5.6,0.25,3,87,3.5,6.7,0.99,,19348.5,1849.7,M10,Metallised BOPP / CPP laminate,45,50,1.0,130,good,conventional (no gas modification),,,,,,N,5,Y,2.04,0.0252,43,M02,HDPE film,30,5,,synthetic_rule_physics_model
SCN01097,C019,Pasteurised milk,dairy_chilled,chilled,S05,4.2,81.0,S10,24,4.5,1.0,9,87,3.5,6.7,0.99,,10924.6,1156.0,M10,Metallised BOPP / CPP laminate,45,50,1.0,130,good,conventional (no gas modification),,,,,,N,6,N,1.29,0.016,43,M16,PE-coated paper / paperboard,95,6,,synthetic_rule_physics_model
SCN01098,C019,Pasteurised milk,dairy_chilled,chilled,S05,4.3,74.0,S10,24,4.2,0.5,12,87,3.5,6.7,0.99,,6642.0,527.0,M10,Metallised BOPP / CPP laminate,45,50,1.0,130,good,conventional (no gas modification),,,,,,N,6,N,1.62,0.0201,43,M16,PE-coated paper / paperboard,95,6,,synthetic_rule_physics_model
SCN01099,C019,Pasteurised milk,dairy_chilled,chilled,S05,6.5,80.0,S10,24,6.7,0.25,4,87,3.5,6.7,0.99,,13594.1,1206.6,M10,Metallised BOPP / CPP laminate,45,50,1.0,130,good,conventional (no gas modification),,,,,,N,4,Y,2.04,0.0252,43,M02,HDPE film,30,4,,synthetic_rule_physics_model
SCN01100,C019,Pasteurised milk,dairy_chilled,chilled,S04,1.8,95.0,S10,24,2.2,0.1,4,87,3.5,6.7,0.99,,13279.9,6681.6,M10,Metallised BOPP / CPP laminate,45,50,1.0,130,good,conventional (no gas modification),,,,,,N,7,Y,2.76,0.0341,43,M02,HDPE film,20,7,,synthetic_rule_physics_model
SCN01101,C019,Pasteurised milk,dairy_chilled,chilled,S05,3.0,77.0,S10,6,3.0,0.25,9,87,3.5,6.7,0.99,,7619.4,733.6,M10,Metallised BOPP / CPP laminate,45,50,1.0,130,good,conventional (no gas modification),,,,,,N,7,N,2.04,0.0252,43,M02,HDPE film,30,7,,synthetic_rule_physics_model
SCN01102,C019,Pasteurised milk,dairy_chilled,chilled,S05,4.5,75.0,S10,24,5.0,0.1,3,87,3.5,6.7,0.99,,14887.4,1153.8,M10,Metallised BOPP / CPP laminate,45,50,1.0,130,good,conventional (no gas modification),,,,,,N,5,Y,2.76,0.0341,43,M02,HDPE film,20,5,,synthetic_rule_physics_model
SCN01103,C019,Pasteurised milk,dairy_chilled,chilled,S04,1.4,90.0,S10,24,1.6,1.0,3,87,3.5,6.7,0.99,,39353.0,10495.2,M10,Metallised BOPP / CPP laminate,45,50,1.0,130,good,conventional (no gas modification),,,,,,N,8,Y,1.29,0.016,43,M16,PE-coated paper / paperboard,95,8,,synthetic_rule_physics_model
SCN01104,C019,Pasteurised milk,dairy_chilled,chilled,S05,6.3,87.0,S10,48,5.9,0.5,12,87,3.5,6.7,0.99,,5975.6,920.1,M10,Metallised BOPP / CPP laminate,45,50,1.0,130,good,conventional (no gas modification),,,,,,N,5,N,1.62,0.0201,43,M16,PE-coated paper / paperboard,95,5,,synthetic_rule_physics_model
SCN01105,C019,Pasteurised milk,dairy_chilled,chilled,S04,0.9,95.0,S10,6,0.9,1.0,6,87,3.5,6.7,0.99,,20651.6,12091.7,M10,Metallised BOPP / CPP laminate,45,50,1.0,130,good,conventional (no gas modification),,,,,,N,8,Y,1.29,0.016,43,M16,PE-coated paper / paperboard,95,8,,synthetic_rule_physics_model
SCN01106,C019,Pasteurised milk,dairy_chilled,chilled,S05,6.2,89.0,S10,6,6.2,1.0,12,87,3.5,6.7,0.99,,7389.3,1354.0,M10,Metallised BOPP / CPP laminate,45,50,1.0,130,good,conventional (no gas modification),,,,,,N,5,N,1.29,0.016,43,M16,PE-coated paper / paperboard,95,5,,synthetic_rule_physics_model
SCN01107,C019,Pasteurised milk,dairy_chilled,chilled,S05,5.0,78.0,S10,48,4.5,0.1,12,87,3.5,6.7,0.99,,3825.4,359.2,M10,Metallised BOPP / CPP laminate,45,50,1.0,130,good,conventional (no gas modification),,,,,,N,6,N,2.76,0.0341,43,M02,HDPE film,20,5,,synthetic_rule_physics_model
SCN01108,C019,Pasteurised milk,dairy_chilled,chilled,S04,3.2,91.0,S10,24,3.0,0.1,3,87,3.5,6.7,0.99,,16806.4,4244.4,M10,Metallised BOPP / CPP laminate,45,50,1.0,130,good,conventional (no gas modification),,,,,,N,7,Y,2.76,0.0341,43,M02,HDPE film,20,7,,synthetic_rule_physics_model
SCN01109,C019,Pasteurised milk,dairy_chilled,chilled,S05,5.6,76.0,S10,6,5.4,1.0,6,87,3.5,6.7,0.99,,15472.0,1232.1,M10,Metallised BOPP / CPP laminate,45,50,1.0,130,good,conventional (no gas modification),,,,,,N,5,N,1.29,0.016,43,M16,PE-coated paper / paperboard,95,5,,synthetic_rule_physics_model
SCN01110,C019,Pasteurised milk,dairy_chilled,chilled,S04,1.1,91.0,S10,48,1.6,1.0,6,87,3.5,6.7,0.99,,19728.3,5583.0,M10,Metallised BOPP / CPP laminate,45,50,1.0,130,good,conventional (no gas modification),,,,,,N,8,Y,1.29,0.016,43,M16,PE-coated paper / paperboard,95,8,,synthetic_rule_physics_model
SCN01111,C019,Pasteurised milk,dairy_chilled,chilled,S04,3.5,93.0,S10,48,5.2,0.25,3,87,3.5,6.7,0.99,,19902.2,6067.0,M10,Metallised BOPP / CPP laminate,45,50,1.0,130,good,conventional (no gas modification),,,,,,N,5,Y,2.04,0.0252,43,M02,HDPE film,30,6,,synthetic_rule_physics_model
SCN01112,C019,Pasteurised milk,dairy_chilled,chilled,S04,2.3,86.0,S10,48,2.9,0.5,4,87,3.5,6.7,0.99,,21611.8,3471.8,M10,Metallised BOPP / CPP laminate,45,50,1.0,130,good,conventional (no gas modification),,,,,,N,7,Y,1.62,0.0201,43,M16,PE-coated paper / paperboard,95,7,,synthetic_rule_physics_model
SCN01113,C019,Pasteurised milk,dairy_chilled,chilled,S05,3.5,75.0,S10,48,3.2,1.0,6,87,3.5,6.7,0.99,,17842.1,1569.9,M10,Metallised BOPP / CPP laminate,45,50,1.0,130,good,conventional (no gas modification),,,,,,N,7,Y,1.29,0.016,43,M16,PE-coated paper / paperboard,95,7,,synthetic_rule_physics_model
SCN01114,C019,Pasteurised milk,dairy_chilled,chilled,S04,1.7,87.0,S10,6,1.7,1.0,12,87,3.5,6.7,0.99,,9795.3,1851.9,M10,Metallised BOPP / CPP laminate,45,50,1.0,130,good,conventional (no gas modification),,,,,,N,7,N,1.29,0.016,43,M16,PE-coated paper / paperboard,95,8,,synthetic_rule_physics_model
SCN01115,C019,Pasteurised milk,dairy_chilled,chilled,S04,0.6,89.0,S10,24,1.3,0.5,9,87,3.5,6.7,0.99,,10628.9,2568.3,M10,Metallised BOPP / CPP laminate,45,50,1.0,130,good,conventional (no gas modification),,,,,,N,8,N,1.62,0.0201,43,M16,PE-coated paper / paperboard,95,8,,synthetic_rule_physics_model
SCN01116,C019,Pasteurised milk,dairy_chilled,chilled,S04,0.1,91.0,S10,24,0.4,0.25,12,87,3.5,6.7,0.99,,6736.3,1954.6,M10,Metallised BOPP / CPP laminate,45,50,1.0,130,good,conventional (no gas modification),,,,,,N,9,N,2.04,0.0252,43,M02,HDPE film,30,8,,synthetic_rule_physics_model
SCN01117,C019,Pasteurised milk,dairy_chilled,chilled,S04,2.5,94.0,S10,24,2.0,1.0,4,87,3.5,6.7,0.99,,28849.4,12884.5,M10,Metallised BOPP / CPP laminate,45,50,1.0,130,good,conventional (no gas modification),,,,,,N,7,Y,1.29,0.016,43,M16,PE-coated paper / paperboard,95,7,,synthetic_rule_physics_model
SCN01118,C019,Pasteurised milk,dairy_chilled,chilled,S05,5.6,87.0,S10,48,4.4,0.1,6,87,3.5,6.7,0.99,,7696.0,1228.1,M10,Metallised BOPP / CPP laminate,45,50,1.0,130,good,conventional (no gas modification),,,,,,N,6,Y,2.76,0.0341,43,M02,HDPE film,20,6,,synthetic_rule_physics_model
SCN01119,C019,Pasteurised milk,dairy_chilled,chilled,S04,1.3,86.0,S10,48,3.0,0.1,4,87,3.5,6.7,0.99,,12679.0,2002.8,M10,Metallised BOPP / CPP laminate,45,50,1.0,130,good,conventional (no gas modification),,,,,,N,7,Y,2.76,0.0341,43,M02,HDPE film,20,7,,synthetic_rule_physics_model
SCN01120,C019,Pasteurised milk,dairy_chilled,chilled,S04,0.9,92.0,S10,24,1.4,0.5,3,87,3.5,6.7,0.99,,31735.0,10101.3,M10,Metallised BOPP / CPP laminate,45,50,1.0,130,good,conventional (no gas modification),,,,,,N,8,Y,1.62,0.0201,43,M16,PE-coated paper / paperboard,95,8,,synthetic_rule_physics_model
SCN01121,C019,Pasteurised milk,dairy_chilled,chilled,S04,0.6,94.0,S10,6,0.7,0.1,9,87,3.5,6.7,0.99,,6524.7,3015.9,M10,Metallised BOPP / CPP laminate,45,50,1.0,130,good,conventional (no gas modification),,,,,,N,9,Y,2.76,0.0341,43,M02,HDPE film,20,8,,synthetic_rule_physics_model
SCN01122,C019,Pasteurised milk,dairy_chilled,chilled,S04,0.5,89.0,S10,48,1.5,0.5,12,87,3.5,6.7,0.99,,7882.7,1815.4,M10,Metallised BOPP / CPP laminate,45,50,1.0,130,good,conventional (no gas modification),,,,,,N,7,N,1.62,0.0201,43,M16,PE-coated paper / paperboard,95,8,,synthetic_rule_physics_model
SCN01123,C019,Pasteurised milk,dairy_chilled,chilled,S04,0.6,85.0,S10,48,2.7,0.25,4,87,3.5,6.7,0.99,,17395.1,2702.1,M10,Metallised BOPP / CPP laminate,45,50,1.0,130,good,conventional (no gas modification),,,,,,N,7,Y,2.04,0.0252,43,M02,HDPE film,30,7,,synthetic_rule_physics_model
SCN01124,C019,Pasteurised milk,dairy_chilled,chilled,S04,1.2,92.0,S10,24,1.5,0.5,9,87,3.5,6.7,0.99,,10530.6,3301.5,M10,Metallised BOPP / CPP laminate,45,50,1.0,130,good,conventional (no gas modification),,,,,,N,8,N,1.62,0.0201,43,M16,PE-coated paper / paperboard,95,8,,synthetic_rule_physics_model
SCN01125,C019,Pasteurised milk,dairy_chilled,chilled,S04,1.7,85.0,S10,24,1.9,0.1,12,87,3.5,6.7,0.99,,4508.2,735.3,M10,Metallised BOPP / CPP laminate,45,50,1.0,130,good,conventional (no gas modification),,,,,,N,8,N,2.76,0.0341,43,M02,HDPE film,20,8,,synthetic_rule_physics_model
SCN01126,C019,Pasteurised milk,dairy_chilled,chilled,S05,5.2,88.0,S10,6,5.1,1.0,6,87,3.5,6.7,0.99,,15846.1,2758.5,M10,Metallised BOPP / CPP laminate,45,50,1.0,130,good,conventional (no gas modification),,,,,,N,6,Y,1.29,0.016,43,M16,PE-coated paper / paperboard,95,5,,synthetic_rule_physics_model
SCN01127,C019,Pasteurised milk,dairy_chilled,chilled,S05,5.5,77.0,S10,48,4.6,0.1,4,87,3.5,6.7,0.99,,11463.3,1008.5,M10,Metallised BOPP / CPP laminate,45,50,1.0,130,good,conventional (no gas modification),,,,,,N,6,Y,2.76,0.0341,43,M02,HDPE film,20,6,,synthetic_rule_physics_model
SCN01128,C019,Pasteurised milk,dairy_chilled,chilled,S05,5.3,87.0,S10,6,5.3,0.5,9,87,3.5,6.7,0.99,,8262.6,1298.8,M10,Metallised BOPP / CPP laminate,45,50,1.0,130,good,conventional (no gas modification),,,,,,N,5,N,1.62,0.0201,43,M16,PE-coated paper / paperboard,95,5,,synthetic_rule_physics_model
SCN01129,C019,Pasteurised milk,dairy_chilled,chilled,S04,1.9,92.0,S10,48,4.1,0.5,4,87,3.5,6.7,0.99,,20065.3,5379.3,M10,Metallised BOPP / CPP laminate,45,50,1.0,130,good,conventional (no gas modification),,,,,,N,6,Y,1.62,0.0201,43,M16,PE-coated paper / paperboard,95,6,,synthetic_rule_physics_model
SCN01130,C019,Pasteurised milk,dairy_chilled,chilled,S04,2.5,89.0,S10,6,2.7,0.25,4,87,3.5,6.7,0.99,,17386.5,3735.1,M10,Metallised BOPP / CPP laminate,45,50,1.0,130,good,conventional (no gas modification),,,,,,N,7,Y,2.04,0.0252,43,M02,HDPE film,30,7,,synthetic_rule_physics_model
SCN01131,C019,Pasteurised milk,dairy_chilled,chilled,S05,4.6,75.0,S10,6,4.8,0.25,3,87,3.5,6.7,0.99,,20316.4,1590.5,M10,Metallised BOPP / CPP laminate,45,50,1.0,130,good,conventional (no gas modification),,,,,,N,5,Y,2.04,0.0252,43,M02,HDPE film,30,5,,synthetic_rule_physics_model
SCN01132,C019,Pasteurised milk,dairy_chilled,chilled,S05,7.6,71.0,S10,24,6.8,0.1,9,87,3.5,6.7,0.99,,4435.4,274.4,M10,Metallised BOPP / CPP laminate,45,50,1.0,130,good,conventional (no gas modification),,,,,,N,4,N,2.76,0.0341,43,M02,HDPE film,20,4,,synthetic_rule_physics_model
SCN01133,C019,Pasteurised milk,dairy_chilled,chilled,S05,4.6,84.0,S10,24,5.4,0.25,4,87,3.5,6.7,0.99,,14691.5,1807.2,M10,Metallised BOPP / CPP laminate,45,50,1.0,130,good,conventional (no gas modification),,,,,,N,5,Y,2.04,0.0252,43,M02,HDPE film,30,5,,synthetic_rule_physics_model
SCN01134,C019,Pasteurised milk,dairy_chilled,chilled,S04,3.0,89.0,S10,6,3.0,0.1,12,87,3.5,6.7,0.99,,4203.7,916.3,M10,Metallised BOPP / CPP laminate,45,50,1.0,130,good,conventional (no gas modification),,,,,,N,6,N,2.76,0.0341,43,M02,HDPE film,20,6,,synthetic_rule_physics_model
SCN01135,C019,Pasteurised milk,dairy_chilled,chilled,S04,3.2,94.0,S10,6,3.2,0.1,6,87,3.5,6.7,0.99,,8300.7,3410.9,M10,Metallised BOPP / CPP laminate,45,50,1.0,130,good,conventional (no gas modification),,,,,,N,6,Y,2.76,0.0341,43,M02,HDPE film,20,6,,synthetic_rule_physics_model
SCN01136,C019,Pasteurised milk,dairy_chilled,chilled,S05,5.6,74.0,S10,48,6.0,0.5,6,87,3.5,6.7,0.99,,11910.5,848.9,M10,Metallised BOPP / CPP laminate,45,50,1.0,130,good,conventional (no gas modification),,,,,,N,5,N,1.62,0.0201,43,M16,PE-coated paper / paperboard,95,5,,synthetic_rule_physics_model
SCN01137,C019,Pasteurised milk,dairy_chilled,chilled,S05,5.2,83.0,S10,24,5.1,0.25,12,87,3.5,6.7,0.99,,4986.5,567.7,M10,Metallised BOPP / CPP laminate,45,50,1.0,130,good,conventional (no gas modification),,,,,,N,5,N,2.04,0.0252,43,M02,HDPE film,30,5,,synthetic_rule_physics_model
SCN01138,C019,Pasteurised milk,dairy_chilled,chilled,S04,2.2,85.0,S10,48,2.2,0.5,9,87,3.5,6.7,0.99,,10054.1,1609.8,M10,Metallised BOPP / CPP laminate,45,50,1.0,130,good,conventional (no gas modification),,,,,,N,7,N,1.62,0.0201,43,M16,PE-coated paper / paperboard,95,8,,synthetic_rule_physics_model
SCN01139,C019,Pasteurised milk,dairy_chilled,chilled,S04,1.2,90.0,S10,48,1.8,0.5,9,87,3.5,6.7,0.99,,10300.1,2680.4,M10,Metallised BOPP / CPP laminate,45,50,1.0,130,good,conventional (no gas modification),,,,,,N,8,N,1.62,0.0201,43,M16,PE-coated paper / paperboard,95,8,,synthetic_rule_physics_model
SCN01140,C019,Pasteurised milk,dairy_chilled,chilled,S04,1.9,94.0,S10,24,1.7,0.5,9,87,3.5,6.7,0.99,,10376.1,4874.0,M10,Metallised BOPP / CPP laminate,45,50,1.0,130,good,conventional (no gas modification),,,,,,N,8,N,1.62,0.0201,43,M16,PE-coated paper / paperboard,95,8,,synthetic_rule_physics_model
SCN01141,C020,Curd / yogurt,dairy_chilled,chilled,S04,0.8,93.0,S10,24,1.3,0.1,10,85,3.5,4.4,0.98,,5618.1,5378.0,M10,Metallised BOPP / CPP laminate,45,50,1.0,130,good,conventional (no gas modification),,,,,,N,20,Y,2.76,0.0341,43,M02,HDPE film,20,20,,synthetic_rule_physics_model
SCN01142,C020,Curd / yogurt,dairy_chilled,chilled,S05,6.5,85.0,S10,48,6.6,1.0,28,85,3.5,4.4,0.98,,3083.5,843.3,M10,Metallised BOPP / CPP laminate,45,50,1.0,130,good,conventional (no gas modification),,,,,,N,10,N,1.29,0.016,43,M16,PE-coated paper / paperboard,95,10,,synthetic_rule_physics_model
SCN01143,C020,Curd / yogurt,dairy_chilled,chilled,S05,7.7,75.0,S10,24,7.2,0.25,14,85,3.5,4.4,0.98,,3764.2,560.4,M10,Metallised BOPP / CPP laminate,45,50,1.0,130,good,conventional (no gas modification),,,,,,N,9,N,2.04,0.0252,43,M02,HDPE film,30,10,,synthetic_rule_physics_model
SCN01144,C020,Curd / yogurt,dairy_chilled,chilled,S05,4.1,89.0,S10,48,4.3,0.25,28,85,3.5,4.4,0.98,,2253.4,945.2,M10,Metallised BOPP / CPP laminate,45,50,1.0,130,good,conventional (no gas modification),,,,,,N,14,N,2.04,0.0252,43,M02,HDPE film,30,13,,synthetic_rule_physics_model
SCN01145,C020,Curd / yogurt,dairy_chilled,chilled,S05,5.8,71.0,S10,48,5.7,1.0,21,85,3.5,4.4,0.98,,4337.2,584.9,M10,Metallised BOPP / CPP laminate,45,50,1.0,130,good,conventional (no gas modification),,,,,,N,12,N,1.29,0.016,43,M16,PE-coated paper / paperboard,95,12,,synthetic_rule_physics_model
SCN01146,C020,Curd / yogurt,dairy_chilled,chilled,S05,7.9,77.0,S10,6,7.8,0.1,10,85,3.5,4.4,0.98,,3754.3,592.3,M10,Metallised BOPP / CPP laminate,45,50,1.0,130,good,conventional (no gas modification),,,,,,N,9,N,2.76,0.0341,43,M02,HDPE film,20,9,,synthetic_rule_physics_model
SCN01147,C020,Curd / yogurt,dairy_chilled,chilled,S04,3.0,93.0,S10,6,2.9,0.1,10,85,3.5,4.4,0.98,,5074.5,4363.4,M10,Metallised BOPP / CPP laminate,45,50,1.0,130,good,conventional (no gas modification),,,,,,N,16,Y,2.76,0.0341,43,M02,HDPE film,20,16,,synthetic_rule_physics_model
SCN01148,C020,Curd / yogurt,dairy_chilled,chilled,S04,0.2,88.0,S10,48,0.5,0.5,10,85,3.5,4.4,0.98,,10064.5,5126.2,M10,Metallised BOPP / CPP laminate,45,50,1.0,130,good,conventional (no gas modification),,,,,,N,20,Y,1.62,0.0201,43,M16,PE-coated paper / paperboard,95,21,,synthetic_rule_physics_model
SCN01149,C020,Curd / yogurt,dairy_chilled,chilled,S05,3.4,89.0,S10,24,3.6,0.5,10,85,3.5,4.4,0.98,,8277.6,3659.3,M10,Metallised BOPP / CPP laminate,45,50,1.0,130,good,conventional (no gas modification),,,,,,N,14,Y,1.62,0.0201,43,M16,PE-coated paper / paperboard,95,13,,synthetic_rule_physics_model
SCN01150,C020,Curd / yogurt,dairy_chilled,chilled,S05,4.5,83.0,S10,24,4.1,0.1,7,85,3.5,4.4,0.98,,6728.0,1787.8,M10,Metallised BOPP / CPP laminate,45,50,1.0,130,good,conventional (no gas modification),,,,,,N,14,Y,2.76,0.0341,43,M02,HDPE film,20,13,,synthetic_rule_physics_model
SCN01151,C020,Curd / yogurt,dairy_chilled,chilled,S05,4.4,74.0,S10,48,4.9,0.25,14,85,3.5,4.4,0.98,,4342.4,690.9,M10,Metallised BOPP / CPP laminate,45,50,1.0,130,good,conventional (no gas modification),,,,,,N,12,N,2.04,0.0252,43,M02,HDPE film,30,13,,synthetic_rule_physics_model
SCN01152,C020,Curd / yogurt,dairy_chilled,chilled,S05,6.9,71.0,S10,6,6.8,1.0,7,85,3.5,4.4,0.98,,12178.4,1532.0,M10,Metallised BOPP / CPP laminate,45,50,1.0,130,good,conventional (no gas modification),,,,,,N,10,Y,1.29,0.016,43,M16,PE-coated paper / paperboard,95,10,,synthetic_rule_physics_model
SCN01153,C020,Curd / yogurt,dairy_chilled,chilled,S04,1.5,93.0,S10,6,1.5,1.0,21,85,3.5,4.4,0.98,,5645.7,5461.1,M10,Metallised BOPP / CPP laminate,45,50,1.0,130,good,conventional (no gas modification),,,,,,N,19,N,1.29,0.016,43,M16,PE-coated paper / paperboard,95,18,,synthetic_rule_physics_model
SCN01154,C020,Curd / yogurt,dairy_chilled,chilled,S04,0.8,87.0,S10,48,0.7,0.5,7,85,3.5,4.4,0.98,,14215.8,6107.4,M10,Metallised BOPP / CPP laminate,45,50,1.0,130,good,conventional (no gas modification),,,,,,N,20,Y,1.62,0.0201,43,M16,PE-coated paper / paperboard,95,18,,synthetic_rule_physics_model
SCN01155,C020,Curd / yogurt,dairy_chilled,chilled,S05,6.8,77.0,S10,24,6.1,0.25,7,85,3.5,4.4,0.98,,8053.0,1349.5,M10,Metallised BOPP / CPP laminate,45,50,1.0,130,good,conventional (no gas modification),,,,,,N,11,Y,2.04,0.0252,43,M02,HDPE film,30,10,,synthetic_rule_physics_model
SCN01156,C020,Curd / yogurt,dairy_chilled,chilled,S05,6.9,89.0,S10,48,6.8,1.0,14,85,3.5,4.4,0.98,,6077.8,2208.8,M10,Metallised BOPP / CPP laminate,45,50,1.0,130,good,conventional (no gas modification),,,,,,N,10,N,1.29,0.016,43,M16,PE-coated paper / paperboard,95,10,,synthetic_rule_physics_model
SCN01157,C020,Curd / yogurt,dairy_chilled,chilled,S05,5.6,73.0,S10,6,5.6,0.25,10,85,3.5,4.4,0.98,,5814.4,860.5,M10,Metallised BOPP / CPP laminate,45,50,1.0,130,good,conventional (no gas modification),,,,,,N,12,Y,2.04,0.0252,43,M02,HDPE film,30,12,,synthetic_rule_physics_model
SCN01158,C020,Curd / yogurt,dairy_chilled,chilled,S04,4.0,93.0,S10,24,4.0,0.1,28,85,3.5,4.4,0.98,,1694.2,1279.2,M10,Metallised BOPP / CPP laminate,45,50,1.0,130,good,conventional (no gas modification),,,,,,N,13,N,2.76,0.0341,43,M02,HDPE film,25,15,,synthetic_rule_physics_model
SCN01159,C020,Curd / yogurt,dairy_chilled,chilled,S05,7.1,82.0,S10,6,7.0,0.5,14,85,3.5,4.4,0.98,,4788.4,1027.1,M10,Metallised BOPP / CPP laminate,45,50,1.0,130,good,conventional (no gas modification),,,,,,N,10,N,1.62,0.0201,43,M16,PE-coated paper / paperboard,95,10,,synthetic_rule_physics_model
SCN01160,C020,Curd / yogurt,dairy_chilled,chilled,S04,0.1,89.0,S10,48,1.4,1.0,7,85,3.5,4.4,0.98,,17118.7,8395.5,M10,Metallised BOPP / CPP laminate,45,50,1.0,130,good,conventional (no gas modification),,,,,,N,19,Y,1.29,0.016,43,M16,PE-coated paper / paperboard,95,18,,synthetic_rule_physics_model
SCN01161,C020,Curd / yogurt,dairy_chilled,chilled,S05,4.6,71.0,S10,24,4.7,0.5,14,85,3.5,4.4,0.98,,5528.5,796.5,M10,Metallised BOPP / CPP laminate,45,50,1.0,130,good,conventional (no gas modification),,,,,,N,14,Y,1.62,0.0201,43,M16,PE-coated paper / paperboard,95,14,,synthetic_rule_physics_model
SCN01162,C020,Curd / yogurt,dairy_chilled,chilled,S04,2.5,85.0,S10,24,2.4,1.0,28,85,3.5,4.4,0.98,,4011.7,1399.8,M10,Metallised BOPP / CPP laminate,45,50,1.0,130,good,conventional (no gas modification),,,,,,N,18,N,1.29,0.016,43,M16,PE-coated paper / paperboard,95,17,,synthetic_rule_physics_model
SCN01163,C020,Curd / yogurt,dairy_chilled,chilled,S04,2.9,88.0,S10,48,3.0,0.5,28,85,3.5,4.4,0.98,,3063.5,1239.1,M10,Metallised BOPP / CPP laminate,45,50,1.0,130,good,conventional (no gas modification),,,,,,N,16,N,1.62,0.0201,43,M16,PE-coated paper / paperboard,95,16,,synthetic_rule_physics_model
SCN01164,C020,Curd / yogurt,dairy_chilled,chilled,S04,2.0,86.0,S10,6,2.0,0.5,21,85,3.5,4.4,0.98,,4356.8,1634.9,M10,Metallised BOPP / CPP laminate,45,50,1.0,130,good,conventional (no gas modification),,,,,,N,17,N,1.62,0.0201,43,M16,PE-coated paper / paperboard,95,16,,synthetic_rule_physics_model
SCN01165,C020,Curd / yogurt,dairy_chilled,chilled,S04,1.3,93.0,S10,24,1.4,0.5,21,85,3.5,4.4,0.98,,4533.3,4083.8,M10,Metallised BOPP / CPP laminate,45,50,1.0,130,good,conventional (no gas modification),,,,,,N,18,N,1.62,0.0201,43,M16,PE-coated paper / paperboard,95,18,,synthetic_rule_physics_model
SCN01166,C020,Curd / yogurt,dairy_chilled,chilled,S04,3.7,94.0,S10,48,3.8,0.5,28,85,3.5,4.4,0.98,,2920.2,3038.2,M10,Metallised BOPP / CPP laminate,45,50,1.0,130,good,conventional (no gas modification),,,,,,N,14,N,1.62,0.0201,43,M02,HDPE film,45,14,,synthetic_rule_physics_model
SCN01167,C020,Curd / yogurt,dairy_chilled,chilled,S05,4.7,74.0,S10,48,4.3,0.25,21,85,3.5,4.4,0.98,,3003.5,498.1,M10,Metallised BOPP / CPP laminate,45,50,1.0,130,good,conventional (no gas modification),,,,,,N,14,N,2.04,0.0252,43,M02,HDPE film,30,14,,synthetic_rule_physics_model
SCN01168,C020,Curd / yogurt,dairy_chilled,chilled,S05,4.1,80.0,S10,48,4.1,1.0,28,85,3.5,4.4,0.98,,3593.8,794.6,M10,Metallised BOPP / CPP laminate,45,50,1.0,130,good,conventional (no gas modification),,,,,,N,15,N,1.29,0.016,43,M16,PE-coated paper / paperboard,95,15,,synthetic_rule_physics_model
SCN01169,C020,Curd / yogurt,dairy_chilled,chilled,S05,6.0,83.0,S10,24,5.9,0.25,28,85,3.5,4.4,0.98,,2037.6,495.5,M10,Metallised BOPP / CPP laminate,45,50,1.0,130,good,conventional (no gas modification),,,,,,N,12,N,2.04,0.0252,43,M02,HDPE film,30,11,,synthetic_rule_physics_model
SCN01170,C020,Curd / yogurt,dairy_chilled,chilled,S05,7.9,75.0,S10,48,7.9,0.25,21,85,3.5,4.4,0.98,,2408.0,334.1,M10,Metallised BOPP / CPP laminate,45,50,1.0,130,good,conventional (no gas modification),,,,,,N,10,N,2.04,0.0252,43,M02,HDPE film,30,9,,synthetic_rule_physics_model
SCN01171,C020,Curd / yogurt,dairy_chilled,chilled,S04,2.2,86.0,S10,24,2.3,0.25,21,85,3.5,4.4,0.98,,3401.4,1217.9,M10,Metallised BOPP / CPP laminate,45,50,1.0,130,good,conventional (no gas modification),,,,,,N,17,N,2.04,0.0252,43,M02,HDPE film,30,18,,synthetic_rule_physics_model
SCN01172,C020,Curd / yogurt,dairy_chilled,chilled,S05,7.6,75.0,S10,24,7.5,0.25,28,85,3.5,4.4,0.98,,1842.5,263.3,M10,Metallised BOPP / CPP laminate,45,50,1.0,130,good,conventional (no gas modification),,,,,,N,10,N,2.04,0.0252,43,M02,HDPE film,30,9,,synthetic_rule_physics_model
SCN01173,C020,Curd / yogurt,dairy_chilled,chilled,S04,1.6,90.0,S10,24,1.9,0.25,10,85,3.5,4.4,0.98,,7351.6,4154.7,M10,Metallised BOPP / CPP laminate,45,50,1.0,130,good,conventional (no gas modification),,,,,,N,18,Y,2.04,0.0252,43,M02,HDPE film,30,18,,synthetic_rule_physics_model
SCN01174,C020,Curd / yogurt,dairy_chilled,chilled,S04,2.2,94.0,S10,6,2.2,0.1,21,85,3.5,4.4,0.98,,2532.3,3018.8,M10,Metallised BOPP / CPP laminate,45,50,1.0,130,good,conventional (no gas modification),,,,,,N,16,N,2.76,0.0341,43,M02,HDPE film,20,15,,synthetic_rule_physics_model
SCN01175,C020,Curd / yogurt,dairy_chilled,chilled,S04,3.5,94.0,S10,6,3.5,1.0,28,85,3.5,4.4,0.98,,3750.3,4045.8,M10,Metallised BOPP / CPP laminate,45,50,1.0,130,good,conventional (no gas modification),,,,,,N,15,N,1.29,0.016,43,M16,PE-coated paper / paperboard,95,15,,synthetic_rule_physics_model
SCN01176,C020,Curd / yogurt,dairy_chilled,chilled,S05,7.5,82.0,S10,48,7.6,0.1,7,85,3.5,4.4,0.98,,5422.1,1102.6,M10,Metallised BOPP / CPP laminate,45,50,1.0,130,good,conventional (no gas modification),,,,,,N,10,Y,2.76,0.0341,43,M02,HDPE film,20,9,,synthetic_rule_physics_model
SCN01177,C020,Curd / yogurt,dairy_chilled,chilled,S05,6.2,85.0,S10,48,6.1,0.25,10,85,3.5,4.4,0.98,,5626.4,1518.8,M10,Metallised BOPP / CPP laminate,45,50,1.0,130,good,conventional (no gas modification),,,,,,N,11,Y,2.04,0.0252,43,M02,HDPE film,30,10,,synthetic_rule_physics_model
SCN01178,C020,Curd / yogurt,dairy_chilled,chilled,S05,3.4,88.0,S10,24,3.4,1.0,21,85,3.5,4.4,0.98,,5020.9,2055.0,M10,Metallised BOPP / CPP laminate,45,50,1.0,130,good,conventional (no gas modification),,,,,,N,14,N,1.29,0.016,43,M16,PE-coated paper / paperboard,95,15,,synthetic_rule_physics_model
SCN01179,C020,Curd / yogurt,dairy_chilled,chilled,S05,7.7,72.0,S10,24,7.4,1.0,14,85,3.5,4.4,0.98,,5887.7,753.0,M10,Metallised BOPP / CPP laminate,45,50,1.0,130,good,conventional (no gas modification),,,,,,N,9,N,1.29,0.016,43,M16,PE-coated paper / paperboard,95,10,,synthetic_rule_physics_model
SCN01180,C020,Curd / yogurt,dairy_chilled,chilled,S05,3.2,89.0,S10,24,3.3,1.0,28,85,3.5,4.4,0.98,,3787.8,1727.6,M10,Metallised BOPP / CPP laminate,45,50,1.0,130,good,conventional (no gas modification),,,,,,N,14,N,1.29,0.016,43,M16,PE-coated paper / paperboard,95,15,,synthetic_rule_physics_model
SCN01181,C020,Curd / yogurt,dairy_chilled,chilled,S04,1.1,86.0,S10,24,1.3,0.25,14,85,3.5,4.4,0.98,,5441.1,2134.2,M10,Metallised BOPP / CPP laminate,45,50,1.0,130,good,conventional (no gas modification),,,,,,N,20,Y,2.04,0.0252,43,M02,HDPE film,30,19,,synthetic_rule_physics_model
SCN01182,C020,Curd / yogurt,dairy_chilled,chilled,S05,6.3,73.0,S10,48,6.4,0.25,7,85,3.5,4.4,0.98,,7888.3,1097.1,M10,Metallised BOPP / CPP laminate,45,50,1.0,130,good,conventional (no gas modification),,,,,,N,12,Y,2.04,0.0252,43,M02,HDPE film,30,10,,synthetic_rule_physics_model
SCN01183,C020,Curd / yogurt,dairy_chilled,chilled,S05,7.0,70.0,S10,48,6.0,0.25,14,85,3.5,4.4,0.98,,4046.4,519.9,M10,Metallised BOPP / CPP laminate,45,50,1.0,130,good,conventional (no gas modification),,,,,,N,11,N,2.04,0.0252,43,M02,HDPE film,30,11,,synthetic_rule_physics_model
SCN01184,C020,Curd / yogurt,dairy_chilled,chilled,S04,1.8,94.0,S10,24,2.1,0.1,21,85,3.5,4.4,0.98,,2552.5,2966.6,M10,Metallised BOPP / CPP laminate,45,50,1.0,130,good,conventional (no gas modification),,,,,,N,17,N,2.76,0.0341,43,M02,HDPE film,20,17,,synthetic_rule_physics_model
SCN01185,C020,Curd / yogurt,dairy_chilled,chilled,S04,1.1,92.0,S10,24,1.9,0.25,7,85,3.5,4.4,0.98,,10497.5,7467.8,M10,Metallised BOPP / CPP laminate,45,50,1.0,130,good,conventional (no gas modification),,,,,,N,18,Y,2.04,0.0252,43,M02,HDPE film,30,18,,synthetic_rule_physics_model
SCN01186,C020,Curd / yogurt,dairy_chilled,chilled,S04,2.9,92.0,S10,6,3.0,0.1,21,85,3.5,4.4,0.98,,2412.1,1623.5,M10,Metallised BOPP / CPP laminate,45,50,1.0,130,good,conventional (no gas modification),,,,,,N,17,N,2.76,0.0341,43,M02,HDPE film,20,15,,synthetic_rule_physics_model
SCN01187,C020,Curd / yogurt,dairy_chilled,chilled,S04,3.4,92.0,S10,6,3.3,0.1,10,85,3.5,4.4,0.98,,4965.5,3228.2,M10,Metallised BOPP / CPP laminate,45,50,1.0,130,good,conventional (no gas modification),,,,,,N,14,Y,2.76,0.0341,43,M02,HDPE film,20,15,,synthetic_rule_physics_model
SCN01188,C020,Curd / yogurt,dairy_chilled,chilled,S04,0.8,90.0,S10,6,0.8,1.0,14,85,3.5,4.4,0.98,,8884.3,5105.5,M10,Metallised BOPP / CPP laminate,45,50,1.0,130,good,conventional (no gas modification),,,,,,N,20,Y,1.29,0.016,43,M16,PE-coated paper / paperboard,95,21,,synthetic_rule_physics_model
SCN01189,C020,Curd / yogurt,dairy_chilled,chilled,S05,7.3,85.0,S10,6,7.1,0.25,10,85,3.5,4.4,0.98,,5297.0,1375.2,M10,Metallised BOPP / CPP laminate,45,50,1.0,130,good,conventional (no gas modification),,,,,,N,10,Y,2.04,0.0252,43,M02,HDPE film,30,10,,synthetic_rule_physics_model
SCN01190,C020,Curd / yogurt,dairy_chilled,chilled,S04,2.3,91.0,S10,6,2.4,0.25,14,85,3.5,4.4,0.98,,5080.1,3347.9,M10,Metallised BOPP / CPP laminate,45,50,1.0,130,good,conventional (no gas modification),,,,,,N,17,Y,2.04,0.0252,43,M02,HDPE film,30,16,,synthetic_rule_physics_model
SCN01191,C020,Curd / yogurt,dairy_chilled,chilled,S04,2.5,91.0,S10,24,2.5,0.25,7,85,3.5,4.4,0.98,,10089.6,6233.8,M10,Metallised BOPP / CPP laminate,45,50,1.0,130,good,conventional (no gas modification),,,,,,N,16,Y,2.04,0.0252,43,M02,HDPE film,30,17,,synthetic_rule_physics_model
SCN01192,C020,Curd / yogurt,dairy_chilled,chilled,S04,1.7,87.0,S10,48,2.0,0.5,21,85,3.5,4.4,0.98,,4351.8,1723.0,M10,Metallised BOPP / CPP laminate,45,50,1.0,130,good,conventional (no gas modification),,,,,,N,18,N,1.62,0.0201,43,M16,PE-coated paper / paperboard,95,18,,synthetic_rule_physics_model
SCN01193,C020,Curd / yogurt,dairy_chilled,chilled,S05,7.3,82.0,S10,6,7.3,0.5,28,85,3.5,4.4,0.98,,2357.8,494.7,M10,Metallised BOPP / CPP laminate,45,50,1.0,130,good,conventional (no gas modification),,,,,,N,10,N,1.62,0.0201,43,M02,HDPE film,45,9,,synthetic_rule_physics_model
SCN01194,C020,Curd / yogurt,dairy_chilled,chilled,S04,3.1,88.0,S10,24,3.1,1.0,21,85,3.5,4.4,0.98,,5119.2,2070.1,M10,Metallised BOPP / CPP laminate,45,50,1.0,130,good,conventional (no gas modification),,,,,,N,15,N,1.29,0.016,43,M16,PE-coated paper / paperboard,95,16,,synthetic_rule_physics_model
SCN01195,C020,Curd / yogurt,dairy_chilled,chilled,S04,0.9,91.0,S10,6,0.9,0.25,28,85,3.5,4.4,0.98,,2792.6,1994.8,M10,Metallised BOPP / CPP laminate,45,50,1.0,130,good,conventional (no gas modification),,,,,,N,18,N,2.04,0.0252,43,M02,HDPE film,30,19,,synthetic_rule_physics_model
SCN01196,C020,Curd / yogurt,dairy_chilled,chilled,S04,3.9,91.0,S10,6,3.9,0.1,21,85,3.5,4.4,0.98,,2278.5,1329.5,M10,Metallised BOPP / CPP laminate,45,50,1.0,130,good,conventional (no gas modification),,,,,,N,14,N,2.76,0.0341,43,M02,HDPE film,20,14,,synthetic_rule_physics_model
SCN01197,C020,Curd / yogurt,dairy_chilled,chilled,S04,3.1,86.0,S10,48,2.8,0.25,10,85,3.5,4.4,0.98,,6934.2,2394.2,M10,Metallised BOPP / CPP laminate,45,50,1.0,130,good,conventional (no gas modification),,,,,,N,15,Y,2.04,0.0252,43,M02,HDPE film,30,17,,synthetic_rule_physics_model
SCN01198,C020,Curd / yogurt,dairy_chilled,chilled,S04,0.6,89.0,S10,6,0.8,0.25,7,85,3.5,4.4,0.98,,11256.2,5801.2,M10,Metallised BOPP / CPP laminate,45,50,1.0,130,good,conventional (no gas modification),,,,,,N,21,Y,2.04,0.0252,43,M02,HDPE film,30,19,,synthetic_rule_physics_model
SCN01199,C020,Curd / yogurt,dairy_chilled,chilled,S05,5.5,86.0,S10,48,4.9,0.1,10,85,3.5,4.4,0.98,,4500.6,1409.6,M10,Metallised BOPP / CPP laminate,45,50,1.0,130,good,conventional (no gas modification),,,,,,N,13,Y,2.76,0.0341,43,M02,HDPE film,20,12,,synthetic_rule_physics_model
SCN01200,C020,Curd / yogurt,dairy_chilled,chilled,S04,0.5,93.0,S10,6,0.5,0.5,7,85,3.5,4.4,0.98,,14392.9,13515.2,M10,Metallised BOPP / CPP laminate,45,50,1.0,130,good,conventional (no gas modification),,,,,,N,22,Y,1.62,0.0201,43,M16,PE-coated paper / paperboard,95,21,,synthetic_rule_physics_model
SCN01201,C021,Paneer,dairy_chilled,chilled,S05,5.1,70.0,S10,48,5.0,0.25,4,55,22,6.0,0.98,,6043.3,3098.1,M02,HDPE film,30,1333.3,5.73,28,good,conventional (no gas modification),,,,,,N,6,Y,0.81,0.0128,77,M13,PLA film,25,6,,synthetic_rule_physics_model
SCN01202,C021,Paneer,dairy_chilled,chilled,S05,7.3,86.0,S10,24,7.1,0.5,7,55,22,6.0,0.98,,30,3922.8,M08,PVDC-coated BOPP,25,15,5,120,good,vacuum,0,0,0,,,Y,9,Y,1.41,0.0198,21,M15,PVDC-coated cellophane,30,9,,synthetic_rule_physics_model
SCN01203,C021,Paneer,dairy_chilled,chilled,S05,5.4,76.0,S10,24,5.6,0.5,10,55,22,6.0,0.98,,30,1812.6,M08,PVDC-coated BOPP,25,15,5,120,good,vacuum,0,0,0,,,Y,11,Y,1.41,0.0198,21,M15,PVDC-coated cellophane,30,10,,synthetic_rule_physics_model
SCN01204,C021,Paneer,dairy_chilled,chilled,S04,0.1,90.0,S10,6,0.1,0.1,10,55,22,6.0,0.98,,30,5607.6,M08,PVDC-coated BOPP,25,15,5,120,good,vacuum,0,0,0,,,Y,19,Y,2.41,0.0337,21,M15,PVDC-coated cellophane,30,19,,synthetic_rule_physics_model
SCN01205,C021,Paneer,dairy_chilled,chilled,S05,5.2,80.0,S10,6,5.1,0.25,4,55,22,6.0,0.98,,6012.6,4604.8,M02,HDPE film,30,1333.3,5.73,28,good,conventional (no gas modification),,,,,,N,6,Y,0.81,0.0128,77,M13,PLA film,25,6,,synthetic_rule_physics_model
SCN01206,C021,Paneer,dairy_chilled,chilled,S05,6.0,72.0,S10,24,6.2,0.25,4,55,22,6.0,0.98,,5620.9,2848.0,M02,HDPE film,30,1333.3,5.73,28,good,conventional (no gas modification),,,,,,N,6,Y,0.81,0.0128,77,M13,PLA film,25,6,,synthetic_rule_physics_model
SCN01207,C021,Paneer,dairy_chilled,chilled,S04,0.6,88.0,S10,48,1.4,0.1,7,55,22,6.0,0.98,,30,5678.4,M08,PVDC-coated BOPP,25,15,5,120,good,vacuum,0,0,0,,,Y,17,Y,2.41,0.0337,21,M15,PVDC-coated cellophane,30,18,,synthetic_rule_physics_model
SCN01208,C021,Paneer,dairy_chilled,chilled,S04,2.0,95.0,S10,48,2.2,1.0,14,55,22,6.0,0.98,,30,15704.1,M08,PVDC-coated BOPP,25,15,5,120,good,vacuum,0,0,0,,,Y,16,Y,1.12,0.0158,21,M15,PVDC-coated cellophane,30,14,,synthetic_rule_physics_model
SCN01209,C021,Paneer,dairy_chilled,chilled,S04,0.4,92.0,S10,48,1.2,0.25,14,55,22,6.0,0.98,,30,6359.1,M08,PVDC-coated BOPP,25,15,5,120,good,vacuum,0,0,0,,,Y,17,Y,1.78,0.0249,21,M15,PVDC-coated cellophane,30,17,,synthetic_rule_physics_model
SCN01210,C021,Paneer,dairy_chilled,chilled,S05,3.6,88.0,S10,48,4.1,1.0,5,55,22,6.0,0.98,,8048.5,11625.8,M03,"BOPP film (heat-sealable, coated)",30,1166.7,3.33,150,fair,conventional (no gas modification),,,,,,N,7,Y,0.68,0.009,75,M02,HDPE film,60,7,,synthetic_rule_physics_model
SCN01211,C021,Paneer,dairy_chilled,chilled,S04,0.5,95.0,S10,24,0.9,0.5,14,55,22,6.0,0.98,,30,16332.3,M08,PVDC-coated BOPP,25,15,5,120,good,vacuum,0,0,0,,,Y,17,Y,1.41,0.0198,21,M15,PVDC-coated cellophane,30,17,,synthetic_rule_physics_model
SCN01212,C021,Paneer,dairy_chilled,chilled,S05,3.7,80.0,S10,48,3.9,0.5,14,55,22,6.0,0.98,,30,1999.5,M08,PVDC-coated BOPP,25,15,5,120,good,vacuum,0,0,0,,,Y,13,N,1.41,0.0198,21,M15,PVDC-coated cellophane,30,13,,synthetic_rule_physics_model
SCN01213,C021,Paneer,dairy_chilled,chilled,S05,7.6,84.0,S10,24,6.0,1.0,4,55,22,6.0,0.98,,8966.5,8867.5,M03,"BOPP film (heat-sealable, coated)",30,1166.7,3.33,150,fair,conventional (no gas modification),,,,,,N,6,Y,0.68,0.009,75,M02,HDPE film,60,6,,synthetic_rule_physics_model
SCN01214,C021,Paneer,dairy_chilled,chilled,S04,3.9,88.0,S10,6,4.0,1.0,7,55,22,6.0,0.98,,30,8829.6,M08,PVDC-coated BOPP,25,15,5,120,good,vacuum,0,0,0,,,Y,13,Y,1.12,0.0158,21,M15,PVDC-coated cellophane,30,13,,synthetic_rule_physics_model
SCN01215,C021,Paneer,dairy_chilled,chilled,S04,1.4,91.0,S10,24,1.9,0.25,7,55,22,6.0,0.98,,30,9491.8,M08,PVDC-coated BOPP,25,15,5,120,good,vacuum,0,0,0,,,Y,16,Y,1.78,0.0249,21,M15,PVDC-coated cellophane,30,15,,synthetic_rule_physics_model
SCN01216,C021,Paneer,dairy_chilled,chilled,S05,4.5,82.0,S10,48,3.5,0.25,4,55,22,6.0,0.98,,6616.4,6556.2,M02,HDPE film,30,1333.3,5.73,28,good,conventional (no gas modification),,,,,,N,8,Y,0.81,0.0128,77,M13,PLA film,25,8,,synthetic_rule_physics_model
SCN01217,C021,Paneer,dairy_chilled,chilled,S04,1.1,86.0,S10,48,2.1,1.0,7,55,22,6.0,0.98,,30,9087.6,M08,PVDC-coated BOPP,25,15,5,120,good,vacuum,0,0,0,,,Y,16,Y,1.12,0.0158,21,M15,PVDC-coated cellophane,30,15,,synthetic_rule_physics_model
SCN01218,C021,Paneer,dairy_chilled,chilled,S04,3.2,94.0,S10,6,3.3,0.25,4,55,22,6.0,0.98,,6729.1,24483.0,M02,HDPE film,30,1333.3,5.73,28,good,conventional (no gas modification),,,,,,N,8,Y,0.81,0.0128,77,M13,PLA film,25,8,,synthetic_rule_physics_model
SCN01219,C021,Paneer,dairy_chilled,chilled,S05,3.7,73.0,S10,48,3.3,0.1,5,55,22,6.0,0.98,,3976.0,2508.8,M02,HDPE film,20,2000.0,8.6,28,good,conventional (no gas modification),,,,,,N,8,Y,0.73,0.0116,77,M13,PLA film,20,7,,synthetic_rule_physics_model
SCN01220,C021,Paneer,dairy_chilled,chilled,S04,1.2,93.0,S10,24,1.4,1.0,10,55,22,6.0,0.98,,30,15318.8,M08,PVDC-coated BOPP,25,15,5,120,good,vacuum,0,0,0,,,Y,16,Y,1.12,0.0158,21,M15,PVDC-coated cellophane,30,18,,synthetic_rule_physics_model
SCN01221,C021,Paneer,dairy_chilled,chilled,S05,7.4,87.0,S10,24,7.4,0.5,5,55,22,6.0,0.98,,5220.7,5825.1,M03,"BOPP film (heat-sealable, coated)",25,1400.0,4.0,150,fair,conventional (no gas modification),,,,,,N,5,Y,0.71,0.0094,75,M02,HDPE film,45,5,,synthetic_rule_physics_model
SCN01222,C021,Paneer,dairy_chilled,chilled,S05,6.4,81.0,S10,24,5.9,0.1,7,55,22,6.0,0.98,,30,1933.6,M08,PVDC-coated BOPP,25,15,5,120,good,vacuum,0,0,0,,,Y,10,Y,2.41,0.0337,21,M15,PVDC-coated cellophane,30,10,,synthetic_rule_physics_model
SCN01223,C021,Paneer,dairy_chilled,chilled,S04,2.5,94.0,S10,48,2.1,0.5,5,55,22,6.0,0.98,,7287.5,28616.0,M03,"BOPP film (heat-sealable, coated)",25,1400.0,4.0,150,fair,conventional (no gas modification),,,,,,N,9,Y,0.71,0.0094,75,M02,HDPE film,45,9,,synthetic_rule_physics_model
SCN01224,C021,Paneer,dairy_chilled,chilled,S04,0.8,91.0,S10,6,0.9,0.5,14,55,22,6.0,0.98,,30,6998.3,M08,PVDC-coated BOPP,25,15,5,120,good,vacuum,0,0,0,,,Y,18,Y,1.41,0.0198,21,M15,PVDC-coated cellophane,30,18,,synthetic_rule_physics_model
SCN01225,C021,Paneer,dairy_chilled,chilled,S04,1.9,85.0,S10,6,1.9,0.1,14,55,22,6.0,0.98,,30,2069.6,M08,PVDC-coated BOPP,25,15,5,120,good,vacuum,0,0,0,,,Y,17,Y,2.41,0.0337,21,M15,PVDC-coated cellophane,30,15,,synthetic_rule_physics_model
SCN01226,C021,Paneer,dairy_chilled,chilled,S05,6.2,80.0,S10,24,6.4,0.1,4,55,22,6.0,0.98,,4098.4,2969.2,M02,HDPE film,20,2000.0,8.6,28,good,conventional (no gas modification),,,,,,N,6,Y,0.73,0.0116,77,M13,PLA film,20,5,,synthetic_rule_physics_model
SCN01227,C021,Paneer,dairy_chilled,chilled,S04,2.9,94.0,S10,24,3.0,0.1,4,55,22,6.0,0.98,,5041.4,18543.7,M02,HDPE film,20,2000.0,8.6,28,good,conventional (no gas modification),,,,,,N,8,Y,0.73,0.0116,77,M13,PLA film,20,8,,synthetic_rule_physics_model
SCN01228,C021,Paneer,dairy_chilled,chilled,S04,2.2,95.0,S10,48,3.0,0.1,7,55,22,6.0,0.98,,30,14514.4,M08,PVDC-coated BOPP,25,15,5,120,good,vacuum,0,0,0,,,Y,14,Y,2.41,0.0337,21,M15,PVDC-coated cellophane,30,14,,synthetic_rule_physics_model
SCN01229,C021,Paneer,dairy_chilled,chilled,S05,7.5,82.0,S10,48,6.8,1.0,10,55,22,6.0,0.98,,30,2688.9,M08,PVDC-coated BOPP,25,15,5,120,good,vacuum,0,0,0,,,Y,9,N,1.12,0.0158,21,M15,PVDC-coated cellophane,30,9,,synthetic_rule_physics_model
SCN01230,C021,Paneer,dairy_chilled,chilled,S05,5.5,85.0,S10,6,5.5,0.5,14,55,22,6.0,0.98,,30,2169.7,M08,PVDC-coated BOPP,25,15,5,120,good,vacuum,0,0,0,,,Y,11,N,1.41,0.0198,21,M15,PVDC-coated cellophane,30,10,,synthetic_rule_physics_model
SCN01231,C021,Paneer,dairy_chilled,chilled,S05,7.2,89.0,S10,24,6.8,0.1,7,55,22,6.0,0.98,,30,3193.8,M08,PVDC-coated BOPP,25,15,5,120,good,vacuum,0,0,0,,,Y,9,Y,2.41,0.0337,21,M15,PVDC-coated cellophane,30,9,,synthetic_rule_physics_model
SCN01232,C021,Paneer,dairy_chilled,chilled,S05,5.3,72.0,S10,48,5.5,0.25,7,55,22,6.0,0.98,,30,1806.4,M08,PVDC-coated BOPP,25,15,5,120,good,vacuum,0,0,0,,,Y,11,Y,1.78,0.0249,21,M15,PVDC-coated cellophane,30,11,,synthetic_rule_physics_model
SCN01233,C021,Paneer,dairy_chilled,chilled,S04,0.0,91.0,S10,48,2.0,0.25,7,55,22,6.0,0.98,,30,10477.5,M08,PVDC-coated BOPP,25,15,5,120,good,vacuum,0,0,0,,,Y,15,Y,1.78,0.0249,21,M15,PVDC-coated cellophane,30,15,,synthetic_rule_physics_model
SCN01234,C021,Paneer,dairy_chilled,chilled,S04,3.0,86.0,S10,6,3.1,0.25,7,55,22,6.0,0.98,,30,5227.6,M08,PVDC-coated BOPP,25,15,5,120,good,vacuum,0,0,0,,,Y,13,Y,1.78,0.0249,21,M15,PVDC-coated cellophane,30,14,,synthetic_rule_physics_model
SCN01235,C021,Paneer,dairy_chilled,chilled,S05,4.4,74.0,S10,6,4.3,1.0,7,55,22,6.0,0.98,,30,3501.3,M08,PVDC-coated BOPP,25,15,5,120,good,vacuum,0,0,0,,,Y,12,Y,1.12,0.0158,21,M15,PVDC-coated cellophane,30,12,,synthetic_rule_physics_model
SCN01236,C021,Paneer,dairy_chilled,chilled,S04,2.6,89.0,S10,24,2.9,0.1,14,55,22,6.0,0.98,,30,2733.8,M08,PVDC-coated BOPP,25,15,5,120,good,vacuum,0,0,0,,,Y,15,Y,2.41,0.0337,21,M15,PVDC-coated cellophane,30,15,,synthetic_rule_physics_model
SCN01237,C021,Paneer,dairy_chilled,chilled,S05,5.2,83.0,S10,48,4.8,0.5,14,55,22,6.0,0.98,,30,2097.5,M08,PVDC-coated BOPP,25,15,5,120,good,vacuum,0,0,0,,,Y,12,N,1.41,0.0198,21,M15,PVDC-coated cellophane,30,11,,synthetic_rule_physics_model
SCN01238,C021,Paneer,dairy_chilled,chilled,S04,3.1,88.0,S10,48,2.7,0.1,14,55,22,6.0,0.98,,30,2277.1,M08,PVDC-coated BOPP,25,15,5,120,good,vacuum,0,0,0,,,Y,14,Y,2.41,0.0337,21,M15,PVDC-coated cellophane,30,14,,synthetic_rule_physics_model
SCN01239,C021,Paneer,dairy_chilled,chilled,S04,1.3,91.0,S10,48,3.7,0.5,4,55,22,6.0,0.98,,8250.9,17104.6,M03,"BOPP film (heat-sealable, coated)",25,1400.0,4.0,150,fair,conventional (no gas modification),,,,,,N,7,Y,0.71,0.0094,75,M02,HDPE film,45,8,,synthetic_rule_physics_model
SCN01240,C021,Paneer,dairy_chilled,chilled,S04,1.9,88.0,S10,6,1.9,0.5,7,55,22,6.0,0.98,,30,9211.6,M08,PVDC-coated BOPP,25,15,5,120,good,vacuum,0,0,0,,,Y,15,Y,1.41,0.0198,21,M15,PVDC-coated cellophane,30,16,,synthetic_rule_physics_model
SCN01241,C021,Paneer,dairy_chilled,chilled,S04,3.2,90.0,S10,6,3.2,1.0,10,55,22,6.0,0.98,,30,7882.9,M08,PVDC-coated BOPP,25,15,5,120,good,vacuum,0,0,0,,,Y,14,Y,1.12,0.0158,21,M15,PVDC-coated cellophane,30,14,,synthetic_rule_physics_model
SCN01242,C021,Paneer,dairy_chilled,chilled,S04,2.7,88.0,S10,24,3.1,0.1,10,55,22,6.0,0.98,,30,3147.1,M08,PVDC-coated BOPP,25,15,5,120,good,vacuum,0,0,0,,,Y,14,Y,2.41,0.0337,21,M15,PVDC-coated cellophane,30,12,,synthetic_rule_physics_model
SCN01243,C021,Paneer,dairy_chilled,chilled,S04,0.1,90.0,S10,6,0.2,0.25,14,55,22,6.0,0.98,,30,5459.6,M08,PVDC-coated BOPP,25,15,5,120,good,vacuum,0,0,0,,,Y,19,Y,1.78,0.0249,21,M15,PVDC-coated cellophane,30,19,,synthetic_rule_physics_model
SCN01244,C021,Paneer,dairy_chilled,chilled,S05,7.9,76.0,S10,6,7.8,1.0,10,55,22,6.0,0.98,,30,1795.1,M08,PVDC-coated BOPP,25,15,5,120,good,vacuum,0,0,0,,,Y,8,N,1.12,0.0158,21,M15,PVDC-coated cellophane,30,8,,synthetic_rule_physics_model
SCN01245,C021,Paneer,dairy_chilled,chilled,S04,0.7,88.0,S10,48,3.2,1.0,4,55,22,6.0,0.98,,10703.9,16919.3,M03,"BOPP film (heat-sealable, coated)",30,1166.7,3.33,150,fair,conventional (no gas modification),,,,,,N,8,Y,0.68,0.009,75,M02,HDPE film,60,8,,synthetic_rule_physics_model
SCN01246,C021,Paneer,dairy_chilled,chilled,S05,4.9,80.0,S10,24,4.7,1.0,5,55,22,6.0,0.98,,7798.4,6111.1,M03,"BOPP film (heat-sealable, coated)",30,1166.7,3.33,150,fair,conventional (no gas modification),,,,,,N,6,Y,0.68,0.009,75,M02,HDPE film,60,6,,synthetic_rule_physics_model
SCN01247,C021,Paneer,dairy_chilled,chilled,S05,6.8,72.0,S10,24,6.7,0.25,10,55,22,6.0,0.98,,30,1073.9,M08,PVDC-coated BOPP,25,15,5,120,good,vacuum,0,0,0,,,Y,10,Y,1.78,0.0249,21,M15,PVDC-coated cellophane,30,9,,synthetic_rule_physics_model
SCN01248,C021,Paneer,dairy_chilled,chilled,S05,5.1,78.0,S10,48,4.6,0.1,5,55,22,6.0,0.98,,3650.7,2625.4,M02,HDPE film,20,2000.0,8.6,28,good,conventional (no gas modification),,,,,,N,7,Y,0.73,0.0116,77,M13,PLA film,20,7,,synthetic_rule_physics_model
SCN01249,C021,Paneer,dairy_chilled,chilled,S04,2.0,85.0,S10,6,2.1,0.1,5,55,22,6.0,0.98,,4292.0,5508.1,M02,HDPE film,20,2000.0,8.6,28,good,conventional (no gas modification),,,,,,N,9,Y,0.73,0.0116,77,M13,PLA film,20,9,,synthetic_rule_physics_model
SCN01250,C021,Paneer,dairy_chilled,chilled,S04,0.4,89.0,S10,48,0.5,0.5,10,55,22,6.0,0.98,,30,7970.8,M08,PVDC-coated BOPP,25,15,5,120,good,vacuum,0,0,0,,,Y,19,Y,1.41,0.0198,21,M15,PVDC-coated cellophane,30,18,,synthetic_rule_physics_model
SCN01251,C021,Paneer,dairy_chilled,chilled,S05,5.1,73.0,S10,24,5.5,1.0,4,55,22,6.0,0.98,,9246.5,5164.3,M03,"BOPP film (heat-sealable, coated)",30,1166.7,3.33,150,fair,conventional (no gas modification),,,,,,N,6,Y,0.68,0.009,75,M02,HDPE film,60,6,,synthetic_rule_physics_model
SCN01252,C021,Paneer,dairy_chilled,chilled,S05,7.0,70.0,S10,6,7.0,1.0,10,55,22,6.0,0.98,,30,1556.1,M08,PVDC-coated BOPP,25,15,5,120,good,vacuum,0,0,0,,,Y,8,N,1.12,0.0158,21,M15,PVDC-coated cellophane,30,9,,synthetic_rule_physics_model
SCN01253,C021,Paneer,dairy_chilled,chilled,S04,3.1,88.0,S10,24,3.2,1.0,14,55,22,6.0,0.98,,30,4772.6,M08,PVDC-coated BOPP,25,15,5,120,good,vacuum,0,0,0,,,Y,14,Y,1.12,0.0158,21,M15,PVDC-coated cellophane,30,13,,synthetic_rule_physics_model
SCN01254,C021,Paneer,dairy_chilled,chilled,S05,7.9,72.0,S10,6,7.6,1.0,4,55,22,6.0,0.98,,8136.3,3902.9,M03,"BOPP film (heat-sealable, coated)",30,1166.7,3.33,150,fair,conventional (no gas modification),,,,,,N,5,Y,0.68,0.009,75,M02,HDPE film,60,5,,synthetic_rule_physics_model
SCN01255,C021,Paneer,dairy_chilled,chilled,S05,4.3,80.0,S10,24,5.0,1.0,4,55,22,6.0,0.98,,9561.0,7679.8,M03,"BOPP film (heat-sealable, coated)",30,1166.7,3.33,150,fair,conventional (no gas modification),,,,,,N,6,Y,0.68,0.009,75,M02,HDPE film,60,6,,synthetic_rule_physics_model
SCN01256,C021,Paneer,dairy_chilled,chilled,S04,1.5,94.0,S10,6,1.5,0.5,7,55,22,6.0,0.98,,30,22653.5,M08,PVDC-coated BOPP,25,15,5,120,good,vacuum,0,0,0,,,Y,16,Y,1.41,0.0198,21,M15,PVDC-coated cellophane,30,16,,synthetic_rule_physics_model
SCN01257,C021,Paneer,dairy_chilled,chilled,S04,0.1,88.0,S10,48,1.9,0.5,4,55,22,6.0,0.98,,9192.7,15806.0,M03,"BOPP film (heat-sealable, coated)",25,1400.0,4.0,150,fair,conventional (no gas modification),,,,,,N,9,Y,0.71,0.0094,75,M02,HDPE film,45,9,,synthetic_rule_physics_model
SCN01258,C021,Paneer,dairy_chilled,chilled,S04,0.4,92.0,S10,24,0.8,0.5,7,55,22,6.0,0.98,,30,17595.5,M08,PVDC-coated BOPP,25,15,5,120,good,vacuum,0,0,0,,,Y,18,Y,1.41,0.0198,21,M15,PVDC-coated cellophane,30,17,,synthetic_rule_physics_model
SCN01259,C021,Paneer,dairy_chilled,chilled,S05,7.2,85.0,S10,24,6.7,0.1,7,55,22,6.0,0.98,,30,2233.9,M08,PVDC-coated BOPP,25,15,5,120,good,vacuum,0,0,0,,,Y,10,Y,2.41,0.0337,21,M15,PVDC-coated cellophane,30,10,,synthetic_rule_physics_model
SCN01260,C021,Paneer,dairy_chilled,chilled,S05,7.1,72.0,S10,24,6.9,0.5,7,55,22,6.0,0.98,,30,1905.8,M08,PVDC-coated BOPP,25,15,5,120,good,vacuum,0,0,0,,,Y,9,Y,1.41,0.0198,21,M15,PVDC-coated cellophane,30,9,,synthetic_rule_physics_model
SCN01261,C022,Butter,dairy_chilled,chilled,S05,6.6,85.0,S10,48,6.6,0.1,68,16,81,6.3,0.95,,118.6,101.4,M10,Metallised BOPP / CPP laminate,45,50,1.0,130,good,conventional (no gas modification),,,,,,N,71,Y,2.76,0.0341,43,,,,,,synthetic_rule_physics_model
SCN01262,C022,Butter,dairy_chilled,chilled,S05,7.3,75.0,S10,24,7.2,1.0,68,16,81,6.3,0.95,,244.8,102.2,M10,Metallised BOPP / CPP laminate,45,50,1.0,130,good,conventional (no gas modification),,,,,,N,69,Y,1.29,0.016,43,M07,PVC film,55,66,,synthetic_rule_physics_model
SCN01263,C022,Butter,dairy_chilled,chilled,S04,2.0,85.0,S10,6,2.0,0.5,90,16,81,6.3,0.95,,203.6,237.7,M10,Metallised BOPP / CPP laminate,45,50,1.0,130,good,conventional (no gas modification),,,,,,N,115,Y,1.62,0.0201,43,,,,,,synthetic_rule_physics_model
SCN01264,C022,Butter,dairy_chilled,chilled,S04,0.1,89.0,S10,6,0.1,0.5,45,16,81,6.3,0.95,,460.3,975.1,M10,Metallised BOPP / CPP laminate,45,50,1.0,130,good,conventional (no gas modification),,,,,,N,130,Y,1.62,0.0201,43,M13,PLA film,35,55,,synthetic_rule_physics_model
SCN01265,C022,Butter,dairy_chilled,chilled,S04,2.4,92.0,S10,24,2.5,1.0,180,16,81,6.3,0.95,,124.4,450.7,M10,Metallised BOPP / CPP laminate,45,50,1.0,130,good,conventional (no gas modification),,,,,,N,99,N,1.29,0.016,43,,,,,,synthetic_rule_physics_model
SCN01266,C022,Butter,dairy_chilled,chilled,S05,4.7,76.0,S10,48,4.6,1.0,68,16,81,6.3,0.95,,287.4,149.2,M10,Metallised BOPP / CPP laminate,45,50,1.0,130,good,conventional (no gas modification),,,,,,N,84,Y,1.29,0.016,43,M13,PLA film,50,68,,synthetic_rule_physics_model
SCN01267,C022,Butter,dairy_chilled,chilled,S04,0.1,94.0,S10,6,0.2,0.5,45,16,81,6.3,0.95,,458.2,1887.6,M10,Metallised BOPP / CPP laminate,45,50,1.0,130,good,conventional (no gas modification),,,,,,N,121,Y,1.62,0.0201,43,M13,PLA film,35,52,,synthetic_rule_physics_model
SCN01268,C022,Butter,dairy_chilled,chilled,S04,3.0,90.0,S10,24,3.0,0.25,180,16,81,6.3,0.95,,76.1,146.3,M10,Metallised BOPP / CPP laminate,45,50,1.0,130,good,conventional (no gas modification),,,,,,N,94,N,2.04,0.0252,43,,,,,,synthetic_rule_physics_model
SCN01269,C022,Butter,dairy_chilled,chilled,S05,5.1,85.0,S10,24,5.0,1.0,68,16,81,6.3,0.95,,279.9,272.4,M10,Metallised BOPP / CPP laminate,45,50,1.0,130,good,conventional (no gas modification),,,,,,N,83,Y,1.29,0.016,43,M07,PVC film,45,68,,synthetic_rule_physics_model
SCN01270,C022,Butter,dairy_chilled,chilled,S05,7.2,72.0,S10,6,7.3,0.5,68,16,81,6.3,0.95,,194.2,70.6,M10,Metallised BOPP / CPP laminate,45,50,1.0,130,good,conventional (no gas modification),,,,,,N,68,Y,1.62,0.0201,43,,,,,,synthetic_rule_physics_model
SCN01271,C022,Butter,dairy_chilled,chilled,S05,5.8,77.0,S10,24,5.8,0.5,90,16,81,6.3,0.95,,160.8,81.3,M10,Metallised BOPP / CPP laminate,45,50,1.0,130,good,conventional (no gas modification),,,,,,N,68,N,1.62,0.0201,43,,,,,,synthetic_rule_physics_model
SCN01272,C022,Butter,dairy_chilled,chilled,S05,6.3,84.0,S10,24,6.3,1.0,68,16,81,6.3,0.95,,258.8,202.6,M10,Metallised BOPP / CPP laminate,45,50,1.0,130,good,conventional (no gas modification),,,,,,N,70,Y,1.29,0.016,43,M07,PVC film,50,70,,synthetic_rule_physics_model
SCN01273,C022,Butter,dairy_chilled,chilled,S05,5.2,88.0,S10,48,5.2,0.5,135,16,81,6.3,0.95,,111.0,159.2,M10,Metallised BOPP / CPP laminate,45,50,1.0,130,good,conventional (no gas modification),,,,,,N,84,N,1.62,0.0201,43,,,,,,synthetic_rule_physics_model
SCN01274,C022,Butter,dairy_chilled,chilled,S04,2.6,95.0,S10,48,2.7,0.25,68,16,81,6.3,0.95,,205.3,734.5,M10,Metallised BOPP / CPP laminate,45,50,1.0,130,good,conventional (no gas modification),,,,,,N,109,Y,2.04,0.0252,43,,,,,,synthetic_rule_physics_model
SCN01275,C022,Butter,dairy_chilled,chilled,S05,8.0,82.0,S10,6,8.0,0.5,180,16,81,6.3,0.95,,70.1,43.5,M10,Metallised BOPP / CPP laminate,45,50,1.0,130,good,conventional (no gas modification),,,,,,N,64,N,1.62,0.0201,43,,,,,,synthetic_rule_physics_model
SCN01276,C022,Butter,dairy_chilled,chilled,S05,7.8,70.0,S10,48,7.7,1.0,180,16,81,6.3,0.95,,89.5,29.8,M10,Metallised BOPP / CPP laminate,45,50,1.0,130,good,conventional (no gas modification),,,,,,N,67,N,1.29,0.016,43,,,,,,synthetic_rule_physics_model
SCN01277,C022,Butter,dairy_chilled,chilled,S05,7.3,73.0,S10,48,7.2,0.25,135,16,81,6.3,0.95,,77.8,30.0,M10,Metallised BOPP / CPP laminate,45,50,1.0,130,good,conventional (no gas modification),,,,,,N,69,N,2.04,0.0252,43,,,,,,synthetic_rule_physics_model
SCN01278,C022,Butter,dairy_chilled,chilled,S04,3.6,87.0,S10,6,3.6,1.0,68,16,81,6.3,0.95,,306.7,395.4,M10,Metallised BOPP / CPP laminate,45,50,1.0,130,good,conventional (no gas modification),,,,,,N,92,Y,1.29,0.016,43,M13,PLA film,50,78,,synthetic_rule_physics_model
SCN01279,C022,Butter,dairy_chilled,chilled,S04,2.4,88.0,S10,6,2.4,1.0,45,16,81,6.3,0.95,,498.8,812.8,M10,Metallised BOPP / CPP laminate,45,50,1.0,130,good,conventional (no gas modification),,,,,,N,103,Y,1.29,0.016,43,M13,PLA film,40,64,,synthetic_rule_physics_model
SCN01280,C022,Butter,dairy_chilled,chilled,S04,2.1,90.0,S10,6,2.1,0.5,180,16,81,6.3,0.95,,101.3,212.1,M10,Metallised BOPP / CPP laminate,45,50,1.0,130,good,conventional (no gas modification),,,,,,N,101,N,1.62,0.0201,43,,,,,,synthetic_rule_physics_model
SCN01281,C022,Butter,dairy_chilled,chilled,S05,6.0,90.0,S10,24,6.0,0.1,90,16,81,6.3,0.95,,93.1,160.0,M10,Metallised BOPP / CPP laminate,45,50,1.0,130,good,conventional (no gas modification),,,,,,N,77,N,2.76,0.0341,43,,,,,,synthetic_rule_physics_model
SCN01282,C022,Butter,dairy_chilled,chilled,S04,1.6,94.0,S10,6,1.6,0.1,45,16,81,6.3,0.95,,245.5,932.3,M10,Metallised BOPP / CPP laminate,45,50,1.0,130,good,conventional (no gas modification),,,,,,N,106,Y,2.76,0.0341,43,M07,PVC film,55,50,,synthetic_rule_physics_model
SCN01283,C022,Butter,dairy_chilled,chilled,S05,7.0,84.0,S10,24,6.9,0.25,68,16,81,6.3,0.95,,157.6,127.2,M10,Metallised BOPP / CPP laminate,45,50,1.0,130,good,conventional (no gas modification),,,,,,N,65,N,2.04,0.0252,43,,,,,,synthetic_rule_physics_model
SCN01284,C022,Butter,dairy_chilled,chilled,S04,0.4,91.0,S10,24,0.5,1.0,68,16,81,6.3,0.95,,373.1,1264.3,M10,Metallised BOPP / CPP laminate,45,50,1.0,130,good,conventional (no gas modification),,,,,,N,120,Y,1.29,0.016,43,M13,PLA film,40,76,,synthetic_rule_physics_model
SCN01285,C022,Butter,dairy_chilled,chilled,S04,1.8,88.0,S10,48,1.8,0.25,68,16,81,6.3,0.95,,217.7,331.5,M10,Metallised BOPP / CPP laminate,45,50,1.0,130,good,conventional (no gas modification),,,,,,N,110,Y,2.04,0.0252,43,M07,PVC film,60,73,,synthetic_rule_physics_model
SCN01286,C022,Butter,dairy_chilled,chilled,S04,1.5,88.0,S10,48,1.4,0.5,135,16,81,6.3,0.95,,140.6,228.0,M10,Metallised BOPP / CPP laminate,45,50,1.0,130,good,conventional (no gas modification),,,,,,N,110,N,1.62,0.0201,43,,,,,,synthetic_rule_physics_model
SCN01287,C022,Butter,dairy_chilled,chilled,S05,6.5,73.0,S10,6,6.5,0.25,45,16,81,6.3,0.95,,245.2,97.2,M10,Metallised BOPP / CPP laminate,45,50,1.0,130,good,conventional (no gas modification),,,,,,N,73,Y,2.04,0.0252,43,M07,PVC film,55,48,,synthetic_rule_physics_model
SCN01288,C022,Butter,dairy_chilled,chilled,S04,1.5,90.0,S10,6,1.5,1.0,180,16,81,6.3,0.95,,132.4,309.6,M10,Metallised BOPP / CPP laminate,45,50,1.0,130,good,conventional (no gas modification),,,,,,N,112,N,1.29,0.016,43,,,,,,synthetic_rule_physics_model
SCN01289,C022,Butter,dairy_chilled,chilled,S05,6.2,82.0,S10,48,6.2,1.0,135,16,81,6.3,0.95,,131.3,87.9,M10,Metallised BOPP / CPP laminate,45,50,1.0,130,good,conventional (no gas modification),,,,,,N,75,N,1.29,0.016,43,,,,,,synthetic_rule_physics_model
SCN01290,C022,Butter,dairy_chilled,chilled,S04,3.6,85.0,S10,6,3.6,0.5,68,16,81,6.3,0.95,,243.8,252.7,M10,Metallised BOPP / CPP laminate,45,50,1.0,130,good,conventional (no gas modification),,,,,,N,97,Y,1.62,0.0201,43,M07,PVC film,55,75,,synthetic_rule_physics_model
SCN01291,C022,Butter,dairy_chilled,chilled,S05,3.6,74.0,S10,6,3.6,0.1,180,16,81,6.3,0.95,,54.1,26.2,M10,Metallised BOPP / CPP laminate,45,50,1.0,130,good,conventional (no gas modification),,,,,,N,98,N,2.76,0.0341,43,,,,,,synthetic_rule_physics_model
SCN01292,C022,Butter,dairy_chilled,chilled,S05,4.8,71.0,S10,48,4.9,0.1,90,16,81,6.3,0.95,,99.9,39.1,M10,Metallised BOPP / CPP laminate,45,50,1.0,130,good,conventional (no gas modification),,,,,,N,89,Y,2.76,0.0341,43,,,,,,synthetic_rule_physics_model
SCN01293,C022,Butter,dairy_chilled,chilled,S05,3.4,86.0,S10,48,3.4,0.25,90,16,81,6.3,0.95,,148.1,168.9,M10,Metallised BOPP / CPP laminate,45,50,1.0,130,good,conventional (no gas modification),,,,,,N,93,Y,2.04,0.0252,43,,,,,,synthetic_rule_physics_model
SCN01294,C022,Butter,dairy_chilled,chilled,S04,3.7,94.0,S10,48,3.8,0.25,45,16,81,6.3,0.95,,288.5,969.4,M10,Metallised BOPP / CPP laminate,45,50,1.0,130,good,conventional (no gas modification),,,,,,N,91,Y,2.04,0.0252,43,M13,PLA film,50,48,,synthetic_rule_physics_model
SCN01295,C022,Butter,dairy_chilled,chilled,S05,6.7,88.0,S10,6,6.6,0.5,45,16,81,6.3,0.95,,304.8,397.1,M10,Metallised BOPP / CPP laminate,45,50,1.0,130,good,conventional (no gas modification),,,,,,N,71,Y,1.62,0.0201,43,M13,PLA film,50,52,,synthetic_rule_physics_model
SCN01296,C022,Butter,dairy_chilled,chilled,S05,5.3,81.0,S10,24,5.3,0.1,68,16,81,6.3,0.95,,128.9,84.2,M10,Metallised BOPP / CPP laminate,45,50,1.0,130,good,conventional (no gas modification),,,,,,N,81,Y,2.76,0.0341,43,,,,,,synthetic_rule_physics_model
SCN01297,C022,Butter,dairy_chilled,chilled,S04,2.2,87.0,S10,48,2.3,1.0,45,16,81,6.3,0.95,,503.0,703.6,M10,Metallised BOPP / CPP laminate,45,50,1.0,130,good,conventional (no gas modification),,,,,,N,107,Y,1.29,0.016,43,M02,HDPE film,80,48,,synthetic_rule_physics_model
SCN01298,C022,Butter,dairy_chilled,chilled,S04,3.2,91.0,S10,24,3.2,1.0,180,16,81,6.3,0.95,,118.6,320.8,M10,Metallised BOPP / CPP laminate,45,50,1.0,130,good,conventional (no gas modification),,,,,,N,92,N,1.29,0.016,43,,,,,,synthetic_rule_physics_model
SCN01299,C022,Butter,dairy_chilled,chilled,S04,0.7,90.0,S10,48,0.9,0.5,90,16,81,6.3,0.95,,219.0,528.0,M10,Metallised BOPP / CPP laminate,45,50,1.0,130,good,conventional (no gas modification),,,,,,N,120,Y,1.62,0.0201,43,M07,PVC film,60,98,,synthetic_rule_physics_model
SCN01300,C022,Butter,dairy_chilled,chilled,S05,4.5,79.0,S10,24,4.6,1.0,45,16,81,6.3,0.95,,434.3,259.0,M10,Metallised BOPP / CPP laminate,45,50,1.0,130,good,conventional (no gas modification),,,,,,N,88,Y,1.29,0.016,43,M13,PLA film,40,54,,synthetic_rule_physics_model
SCN01301,C022,Butter,dairy_chilled,chilled,S04,0.7,93.0,S10,48,0.7,1.0,90,16,81,6.3,0.95,,277.8,1109.0,M10,Metallised BOPP / CPP laminate,45,50,1.0,130,good,conventional (no gas modification),,,,,,N,118,Y,1.29,0.016,43,M07,PVC film,45,84,,synthetic_rule_physics_model
SCN01302,C022,Butter,dairy_chilled,chilled,S04,0.4,87.0,S10,48,0.5,1.0,45,16,81,6.3,0.95,,562.5,886.4,M10,Metallised BOPP / CPP laminate,45,50,1.0,130,good,conventional (no gas modification),,,,,,N,122,Y,1.29,0.016,43,M02,HDPE film,75,50,,synthetic_rule_physics_model
SCN01303,C022,Butter,dairy_chilled,chilled,S05,3.8,73.0,S10,48,3.8,0.25,180,16,81,6.3,0.95,,72.3,33.4,M10,Metallised BOPP / CPP laminate,45,50,1.0,130,good,conventional (no gas modification),,,,,,N,97,N,2.04,0.0252,43,,,,,,synthetic_rule_physics_model
SCN01304,C022,Butter,dairy_chilled,chilled,S05,6.3,86.0,S10,24,6.2,0.5,135,16,81,6.3,0.95,,104.1,99.9,M10,Metallised BOPP / CPP laminate,45,50,1.0,130,good,conventional (no gas modification),,,,,,N,79,N,1.62,0.0201,43,,,,,,synthetic_rule_physics_model
SCN01305,C022,Butter,dairy_chilled,chilled,S04,1.2,92.0,S10,48,1.2,0.5,135,16,81,6.3,0.95,,142.4,552.1,M10,Metallised BOPP / CPP laminate,45,50,1.0,130,good,conventional (no gas modification),,,,,,N,112,N,1.62,0.0201,43,,,,,,synthetic_rule_physics_model
SCN01306,C022,Butter,dairy_chilled,chilled,S05,5.0,89.0,S10,6,5.0,1.0,90,16,81,6.3,0.95,,211.6,355.3,M10,Metallised BOPP / CPP laminate,45,50,1.0,130,good,conventional (no gas modification),,,,,,N,84,N,1.29,0.016,43,M07,PVC film,60,83,,synthetic_rule_physics_model
SCN01307,C022,Butter,dairy_chilled,chilled,S05,4.3,87.0,S10,48,4.3,1.0,90,16,81,6.3,0.95,,222.0,261.8,M10,Metallised BOPP / CPP laminate,45,50,1.0,130,good,conventional (no gas modification),,,,,,N,86,N,1.29,0.016,43,M07,PVC film,60,86,,synthetic_rule_physics_model
SCN01308,C022,Butter,dairy_chilled,chilled,S04,2.0,94.0,S10,48,2.0,0.5,135,16,81,6.3,0.95,,135.7,503.8,M10,Metallised BOPP / CPP laminate,45,50,1.0,130,good,conventional (no gas modification),,,,,,N,107,N,1.62,0.0201,43,,,,,,synthetic_rule_physics_model
SCN01309,C022,Butter,dairy_chilled,chilled,S05,7.8,89.0,S10,24,7.7,1.0,68,16,81,6.3,0.95,,237.7,320.9,M10,Metallised BOPP / CPP laminate,45,50,1.0,130,good,conventional (no gas modification),,,,,,N,68,Y,1.29,0.016,43,M07,PVC film,55,64,,synthetic_rule_physics_model
SCN01310,C022,Butter,dairy_chilled,chilled,S04,0.2,88.0,S10,24,0.3,0.5,45,16,81,6.3,0.95,,454.1,847.0,M10,Metallised BOPP / CPP laminate,45,50,1.0,130,good,conventional (no gas modification),,,,,,N,132,Y,1.62,0.0201,43,M13,PLA film,35,54,,synthetic_rule_physics_model
SCN01311,C022,Butter,dairy_chilled,chilled,S04,3.1,89.0,S10,6,3.1,0.5,180,16,81,6.3,0.95,,95.0,170.0,M10,Metallised BOPP / CPP laminate,45,50,1.0,130,good,conventional (no gas modification),,,,,,N,94,N,1.62,0.0201,43,,,,,,synthetic_rule_physics_model
SCN01312,C022,Butter,dairy_chilled,chilled,S04,2.2,92.0,S10,6,2.2,0.1,68,16,81,6.3,0.95,,156.4,508.2,M10,Metallised BOPP / CPP laminate,45,50,1.0,130,good,conventional (no gas modification),,,,,,N,104,Y,2.76,0.0341,43,,,,,,synthetic_rule_physics_model
SCN01313,C022,Butter,dairy_chilled,chilled,S05,6.5,85.0,S10,6,6.5,1.0,68,16,81,6.3,0.95,,255.9,218.8,M10,Metallised BOPP / CPP laminate,45,50,1.0,130,good,conventional (no gas modification),,,,,,N,71,Y,1.29,0.016,43,M07,PVC film,50,71,,synthetic_rule_physics_model
SCN01314,C022,Butter,dairy_chilled,chilled,S04,0.8,95.0,S10,6,0.8,0.1,68,16,81,6.3,0.95,,170.9,678.8,M10,Metallised BOPP / CPP laminate,45,50,1.0,130,good,conventional (no gas modification),,,,,,N,117,Y,2.76,0.0341,43,,,,,,synthetic_rule_physics_model
SCN01315,C022,Butter,dairy_chilled,chilled,S05,7.0,87.0,S10,48,7.0,0.5,45,16,81,6.3,0.95,,297.5,301.6,M10,Metallised BOPP / CPP laminate,45,50,1.0,130,good,conventional (no gas modification),,,,,,N,66,Y,1.62,0.0201,43,M13,PLA film,50,47,,synthetic_rule_physics_model
SCN01316,C022,Butter,dairy_chilled,chilled,S05,7.0,86.0,S10,48,6.9,0.1,45,16,81,6.3,0.95,,176.5,164.1,M10,Metallised BOPP / CPP laminate,45,50,1.0,130,good,conventional (no gas modification),,,,,,N,69,Y,2.76,0.0341,43,,,,,,synthetic_rule_physics_model
SCN01317,C022,Butter,dairy_chilled,chilled,S04,2.2,86.0,S10,24,2.2,0.1,180,16,81,6.3,0.95,,58.9,73.0,M10,Metallised BOPP / CPP laminate,45,50,1.0,130,good,conventional (no gas modification),,,,,,N,95,N,2.76,0.0341,43,,,,,,synthetic_rule_physics_model
SCN01318,C022,Butter,dairy_chilled,chilled,S05,6.8,79.0,S10,6,6.8,0.25,90,16,81,6.3,0.95,,119.8,62.7,M10,Metallised BOPP / CPP laminate,45,50,1.0,130,good,conventional (no gas modification),,,,,,N,64,N,2.04,0.0252,43,,,,,,synthetic_rule_physics_model
SCN01319,C022,Butter,dairy_chilled,chilled,S04,2.3,90.0,S10,24,2.4,1.0,45,16,81,6.3,0.95,,499.7,999.0,M10,Metallised BOPP / CPP laminate,45,50,1.0,130,good,conventional (no gas modification),,,,,,N,104,Y,1.29,0.016,43,M13,PLA film,40,64,,synthetic_rule_physics_model
SCN01320,C022,Butter,dairy_chilled,chilled,S05,3.1,75.0,S10,48,3.1,0.25,180,16,81,6.3,0.95,,75.6,38.7,M10,Metallised BOPP / CPP laminate,45,50,1.0,130,good,conventional (no gas modification),,,,,,N,98,N,2.04,0.0252,43,,,,,,synthetic_rule_physics_model
SCN01321,C023,Cheese (cheddar/processed),dairy_chilled,chilled,S05,4.0,86.0,S10,6,4.0,0.25,90,37,33,5.2,0.95,,142.7,332.4,M10,Metallised BOPP / CPP laminate,45,50,1.0,130,good,conventional (no gas modification),,,,,,N,114,Y,2.04,0.0252,43,,,,,,synthetic_rule_physics_model
SCN01322,C023,Cheese (cheddar/processed),dairy_chilled,chilled,S04,0.7,85.0,S10,24,0.8,0.25,240,37,33,5.2,0.95,,30,161.5,M11,Metallised PET / PE laminate,52,1.5,0.8,60,good,MAP,0,30,70,,,Y,251,Y,3.85,0.0532,24,M15,PVDC-coated cellophane,30,240,,synthetic_rule_physics_model
SCN01323,C023,Cheese (cheddar/processed),dairy_chilled,chilled,S04,0.9,87.0,S10,6,0.9,0.5,90,37,33,5.2,0.95,,218.0,652.3,M10,Metallised BOPP / CPP laminate,45,50,1.0,130,good,conventional (no gas modification),,,,,,N,159,Y,1.62,0.0201,43,M07,PVC film,60,93,,synthetic_rule_physics_model
SCN01324,C023,Cheese (cheddar/processed),dairy_chilled,chilled,S05,7.7,72.0,S10,6,7.7,0.25,180,37,33,5.2,0.95,,30,41.2,M11,Metallised PET / PE laminate,52,1.5,0.8,60,good,MAP,0,30,70,,,Y,123,N,3.85,0.0532,24,M15,PVDC-coated cellophane,30,130,,synthetic_rule_physics_model
SCN01325,C023,Cheese (cheddar/processed),dairy_chilled,chilled,S04,1.5,93.0,S10,6,1.5,0.1,90,37,33,5.2,0.95,,123.4,942.0,M10,Metallised BOPP / CPP laminate,45,50,1.0,130,good,conventional (no gas modification),,,,,,N,156,Y,2.76,0.0341,43,,,,,,synthetic_rule_physics_model
SCN01326,C023,Cheese (cheddar/processed),dairy_chilled,chilled,S05,6.7,76.0,S10,24,6.8,0.5,180,37,33,5.2,0.95,,30,69.8,M11,Metallised PET / PE laminate,52,1.5,0.8,60,good,MAP,0,30,70,,,Y,144,N,3.06,0.0424,24,M15,PVDC-coated cellophane,30,126,,synthetic_rule_physics_model
SCN01327,C023,Cheese (cheddar/processed),dairy_chilled,chilled,S04,1.5,89.0,S10,6,1.5,0.5,120,37,33,5.2,0.95,,30,621.8,M11,Metallised PET / PE laminate,52,1.5,0.8,60,good,MAP,0,30,70,,,Y,225,Y,3.06,0.0424,24,M15,PVDC-coated cellophane,30,210,,synthetic_rule_physics_model
SCN01328,C023,Cheese (cheddar/processed),dairy_chilled,chilled,S04,4.0,86.0,S10,24,4.0,1.0,60,37,33,5.2,0.95,,338.7,739.7,M10,Metallised BOPP / CPP laminate,45,50,1.0,130,good,conventional (no gas modification),,,,,,N,124,Y,1.29,0.016,43,M13,PLA film,45,65,,synthetic_rule_physics_model
SCN01329,C023,Cheese (cheddar/processed),dairy_chilled,chilled,S04,3.4,87.0,S10,6,3.4,0.25,180,37,33,5.2,0.95,,30,186.2,M11,Metallised PET / PE laminate,52,1.5,0.8,60,good,MAP,0,30,70,,,Y,174,N,3.85,0.0532,24,M15,PVDC-coated cellophane,30,203,,synthetic_rule_physics_model
SCN01330,C023,Cheese (cheddar/processed),dairy_chilled,chilled,S05,6.3,77.0,S10,48,6.2,0.25,90,37,33,5.2,0.95,,124.6,125.8,M10,Metallised BOPP / CPP laminate,45,50,1.0,130,good,conventional (no gas modification),,,,,,N,101,Y,2.04,0.0252,43,,,,,,synthetic_rule_physics_model
SCN01331,C023,Cheese (cheddar/processed),dairy_chilled,chilled,S05,6.7,86.0,S10,6,6.7,0.1,90,37,33,5.2,0.95,,89.2,175.1,M10,Metallised BOPP / CPP laminate,45,50,1.0,130,good,conventional (no gas modification),,,,,,N,90,Y,2.76,0.0341,43,,,,,,synthetic_rule_physics_model
SCN01332,C023,Cheese (cheddar/processed),dairy_chilled,chilled,S05,7.5,75.0,S10,24,7.5,0.5,60,37,33,5.2,0.95,,216.5,181.7,M10,Metallised BOPP / CPP laminate,45,50,1.0,130,good,conventional (no gas modification),,,,,,N,87,Y,1.62,0.0201,43,M07,PVC film,60,67,,synthetic_rule_physics_model
SCN01333,C023,Cheese (cheddar/processed),dairy_chilled,chilled,S05,3.2,78.0,S10,6,3.2,0.25,60,37,33,5.2,0.95,,224.7,268.0,M10,Metallised BOPP / CPP laminate,45,50,1.0,130,good,conventional (no gas modification),,,,,,N,131,Y,2.04,0.0252,43,M07,PVC film,60,64,,synthetic_rule_physics_model
SCN01334,C023,Cheese (cheddar/processed),dairy_chilled,chilled,S04,0.3,95.0,S10,48,0.3,1.0,90,37,33,5.2,0.95,,284.7,2322.6,M10,Metallised BOPP / CPP laminate,45,50,1.0,130,good,conventional (no gas modification),,,,,,N,172,Y,1.29,0.016,43,M13,PLA film,50,92,,synthetic_rule_physics_model
SCN01335,C023,Cheese (cheddar/processed),dairy_chilled,chilled,S04,3.6,88.0,S10,24,3.6,0.1,180,37,33,5.2,0.95,,30,148.6,M11,Metallised PET / PE laminate,52,1.5,0.8,60,good,MAP,0,30,70,,,Y,186,Y,5.2,0.072,24,M15,PVDC-coated cellophane,30,187,,synthetic_rule_physics_model
SCN01336,C023,Cheese (cheddar/processed),dairy_chilled,chilled,S04,0.9,86.0,S10,48,0.9,0.1,60,37,33,5.2,0.95,,192.5,524.3,M10,Metallised BOPP / CPP laminate,45,50,1.0,130,good,conventional (no gas modification),,,,,,N,147,Y,2.76,0.0341,43,,,,,,synthetic_rule_physics_model
SCN01337,C023,Cheese (cheddar/processed),dairy_chilled,chilled,S04,3.5,86.0,S10,48,3.5,0.5,120,37,33,5.2,0.95,,30,318.2,M11,Metallised PET / PE laminate,52,1.5,0.8,60,good,MAP,0,30,70,,,Y,199,Y,3.06,0.0424,24,M15,PVDC-coated cellophane,30,186,,synthetic_rule_physics_model
SCN01338,C023,Cheese (cheddar/processed),dairy_chilled,chilled,S05,5.9,88.0,S10,48,5.8,1.0,120,37,33,5.2,0.95,,30,373.8,M11,Metallised PET / PE laminate,52,1.5,0.8,60,good,MAP,0,30,70,,,Y,159,Y,2.43,0.0337,24,M15,PVDC-coated cellophane,30,160,,synthetic_rule_physics_model
SCN01339,C023,Cheese (cheddar/processed),dairy_chilled,chilled,S05,6.7,86.0,S10,6,6.7,0.25,60,37,33,5.2,0.95,,180.7,345.9,M10,Metallised BOPP / CPP laminate,45,50,1.0,130,good,conventional (no gas modification),,,,,,N,89,Y,2.04,0.0252,43,,,,,,synthetic_rule_physics_model
SCN01340,C023,Cheese (cheddar/processed),dairy_chilled,chilled,S04,1.6,85.0,S10,24,1.6,0.25,240,37,33,5.2,0.95,,30,143.6,M11,Metallised PET / PE laminate,52,1.5,0.8,60,good,MAP,0,30,70,,,Y,211,N,3.85,0.0532,24,M15,PVDC-coated cellophane,30,218,,synthetic_rule_physics_model
SCN01341,C023,Cheese (cheddar/processed),dairy_chilled,chilled,S05,5.7,72.0,S10,6,5.7,0.5,120,37,33,5.2,0.95,,30,97.1,M11,Metallised PET / PE laminate,52,1.5,0.8,60,good,MAP,0,30,70,,,Y,155,Y,3.06,0.0424,24,M15,PVDC-coated cellophane,30,153,,synthetic_rule_physics_model
SCN01342,C023,Cheese (cheddar/processed),dairy_chilled,chilled,S04,2.2,92.0,S10,24,2.2,0.5,60,37,33,5.2,0.95,,301.5,1973.6,M10,Metallised BOPP / CPP laminate,45,50,1.0,130,good,conventional (no gas modification),,,,,,N,152,Y,1.62,0.0201,43,M13,PLA film,50,64,,synthetic_rule_physics_model
SCN01343,C023,Cheese (cheddar/processed),dairy_chilled,chilled,S05,3.5,90.0,S10,24,3.4,0.5,90,37,33,5.2,0.95,,185.8,695.9,M10,Metallised BOPP / CPP laminate,45,50,1.0,130,good,conventional (no gas modification),,,,,,N,127,Y,1.62,0.0201,43,,,,,,synthetic_rule_physics_model
SCN01344,C023,Cheese (cheddar/processed),dairy_chilled,chilled,S04,1.7,95.0,S10,48,1.8,0.25,180,37,33,5.2,0.95,,30,616.3,M11,Metallised PET / PE laminate,52,1.5,0.8,60,good,MAP,0,30,70,,,Y,226,Y,3.85,0.0532,24,M15,PVDC-coated cellophane,30,236,,synthetic_rule_physics_model
SCN01345,C023,Cheese (cheddar/processed),dairy_chilled,chilled,S04,0.1,92.0,S10,48,0.1,0.25,240,37,33,5.2,0.95,,30,566.5,M11,Metallised PET / PE laminate,52,1.5,0.8,60,good,MAP,0,30,70,,,Y,239,Y,3.85,0.0532,24,M15,PVDC-coated cellophane,30,254,,synthetic_rule_physics_model
SCN01346,C023,Cheese (cheddar/processed),dairy_chilled,chilled,S04,0.9,94.0,S10,48,1.0,0.1,90,37,33,5.2,0.95,,127.9,1006.6,M10,Metallised BOPP / CPP laminate,45,50,1.0,130,good,conventional (no gas modification),,,,,,N,153,Y,2.76,0.0341,43,,,,,,synthetic_rule_physics_model
SCN01347,C023,Cheese (cheddar/processed),dairy_chilled,chilled,S05,6.8,73.0,S10,6,6.8,0.25,120,37,33,5.2,0.95,,30,70.8,M11,Metallised PET / PE laminate,52,1.5,0.8,60,good,MAP,0,30,70,,,Y,134,Y,3.85,0.0532,24,M15,PVDC-coated cellophane,30,153,,synthetic_rule_physics_model
SCN01348,C023,Cheese (cheddar/processed),dairy_chilled,chilled,S04,3.6,95.0,S10,6,3.6,0.25,120,37,33,5.2,0.95,,30,746.9,M11,Metallised PET / PE laminate,52,1.5,0.8,60,good,MAP,0,30,70,,,Y,182,Y,3.85,0.0532,24,M15,PVDC-coated cellophane,30,197,,synthetic_rule_physics_model
SCN01349,C023,Cheese (cheddar/processed),dairy_chilled,chilled,S05,4.0,85.0,S10,6,4.0,1.0,90,37,33,5.2,0.95,,225.1,434.5,M10,Metallised BOPP / CPP laminate,45,50,1.0,130,good,conventional (no gas modification),,,,,,N,123,Y,1.29,0.016,43,M07,PVC film,60,95,,synthetic_rule_physics_model
SCN01350,C023,Cheese (cheddar/processed),dairy_chilled,chilled,S05,7.9,90.0,S10,48,7.8,1.0,180,37,33,5.2,0.95,,30,267.2,M11,Metallised PET / PE laminate,52,1.5,0.8,60,good,MAP,0,30,70,,,Y,127,N,2.43,0.0337,24,M15,PVDC-coated cellophane,30,130,,synthetic_rule_physics_model
SCN01351,C023,Cheese (cheddar/processed),dairy_chilled,chilled,S04,3.9,88.0,S10,24,3.8,0.25,90,37,33,5.2,0.95,,144.4,402.4,M10,Metallised BOPP / CPP laminate,45,50,1.0,130,good,conventional (no gas modification),,,,,,N,131,Y,2.04,0.0252,43,,,,,,synthetic_rule_physics_model
SCN01352,C023,Cheese (cheddar/processed),dairy_chilled,chilled,S04,1.1,88.0,S10,24,1.1,0.1,240,37,33,5.2,0.95,,30,165.4,M11,Metallised PET / PE laminate,52,1.5,0.8,60,good,MAP,0,30,70,,,Y,236,Y,5.2,0.072,24,M15,PVDC-coated cellophane,30,244,,synthetic_rule_physics_model
SCN01353,C023,Cheese (cheddar/processed),dairy_chilled,chilled,S05,5.7,82.0,S10,6,5.7,0.5,120,37,33,5.2,0.95,,30,172.2,M11,Metallised PET / PE laminate,52,1.5,0.8,60,good,MAP,0,30,70,,,Y,144,Y,3.06,0.0424,24,M15,PVDC-coated cellophane,30,163,,synthetic_rule_physics_model
SCN01354,C023,Cheese (cheddar/processed),dairy_chilled,chilled,S04,1.9,91.0,S10,6,1.9,1.0,120,37,33,5.2,0.95,,30,1046.9,M11,Metallised PET / PE laminate,52,1.5,0.8,60,good,MAP,0,30,70,,,Y,215,Y,2.43,0.0337,24,M15,PVDC-coated cellophane,30,218,,synthetic_rule_physics_model
SCN01355,C023,Cheese (cheddar/processed),dairy_chilled,chilled,S05,7.8,87.0,S10,24,7.8,1.0,180,37,33,5.2,0.95,,30,188.9,M11,Metallised PET / PE laminate,52,1.5,0.8,60,good,MAP,0,30,70,,,Y,129,N,2.43,0.0337,24,M15,PVDC-coated cellophane,30,128,,synthetic_rule_physics_model
SCN01356,C023,Cheese (cheddar/processed),dairy_chilled,chilled,S05,7.2,85.0,S10,48,7.2,0.5,180,37,33,5.2,0.95,,30,119.7,M11,Metallised PET / PE laminate,52,1.5,0.8,60,good,MAP,0,30,70,,,Y,142,N,3.06,0.0424,24,M15,PVDC-coated cellophane,30,121,,synthetic_rule_physics_model
SCN01357,C023,Cheese (cheddar/processed),dairy_chilled,chilled,S04,0.4,93.0,S10,6,0.4,1.0,120,37,33,5.2,0.95,,30,1725.5,M11,Metallised PET / PE laminate,52,1.5,0.8,60,good,MAP,0,30,70,,,Y,269,Y,2.43,0.0337,24,M15,PVDC-coated cellophane,30,250,,synthetic_rule_physics_model
SCN01358,C023,Cheese (cheddar/processed),dairy_chilled,chilled,S04,2.4,91.0,S10,48,2.6,1.0,60,37,33,5.2,0.95,,370.1,1840.0,M10,Metallised BOPP / CPP laminate,45,50,1.0,130,good,conventional (no gas modification),,,,,,N,145,Y,1.29,0.016,43,M13,PLA film,40,66,,synthetic_rule_physics_model
SCN01359,C023,Cheese (cheddar/processed),dairy_chilled,chilled,S05,3.5,72.0,S10,48,3.5,1.0,180,37,33,5.2,0.95,,30,103.7,M11,Metallised PET / PE laminate,52,1.5,0.8,60,good,MAP,0,30,70,,,Y,189,Y,2.43,0.0337,24,M15,PVDC-coated cellophane,30,182,,synthetic_rule_physics_model
SCN01360,C023,Cheese (cheddar/processed),dairy_chilled,chilled,S05,7.3,81.0,S10,6,7.3,1.0,60,37,33,5.2,0.95,,276.5,342.5,M10,Metallised BOPP / CPP laminate,45,50,1.0,130,good,conventional (no gas modification),,,,,,N,88,Y,1.29,0.016,43,M07,PVC film,50,66,,synthetic_rule_physics_model
SCN01361,C023,Cheese (cheddar/processed),dairy_chilled,chilled,S05,3.5,88.0,S10,48,3.5,0.5,120,37,33,5.2,0.95,,30,431.2,M11,Metallised PET / PE laminate,52,1.5,0.8,60,good,MAP,0,30,70,,,Y,177,Y,3.06,0.0424,24,M15,PVDC-coated cellophane,30,205,,synthetic_rule_physics_model
SCN01362,C023,Cheese (cheddar/processed),dairy_chilled,chilled,S04,1.8,85.0,S10,6,1.8,0.5,90,37,33,5.2,0.95,,206.2,488.2,M10,Metallised BOPP / CPP laminate,45,50,1.0,130,good,conventional (no gas modification),,,,,,N,136,Y,1.62,0.0201,43,,,,,,synthetic_rule_physics_model
SCN01363,C023,Cheese (cheddar/processed),dairy_chilled,chilled,S05,6.7,85.0,S10,24,6.6,1.0,60,37,33,5.2,0.95,,287.7,502.5,M10,Metallised BOPP / CPP laminate,45,50,1.0,130,good,conventional (no gas modification),,,,,,N,92,Y,1.29,0.016,43,M13,PLA film,50,60,,synthetic_rule_physics_model
SCN01364,C023,Cheese (cheddar/processed),dairy_chilled,chilled,S05,7.8,76.0,S10,24,7.8,0.1,180,37,33,5.2,0.95,,30,36.3,M11,Metallised PET / PE laminate,52,1.5,0.8,60,good,MAP,0,30,70,,,Y,132,N,5.2,0.072,24,M15,PVDC-coated cellophane,30,122,,synthetic_rule_physics_model
SCN01365,C023,Cheese (cheddar/processed),dairy_chilled,chilled,S05,4.0,87.0,S10,6,4.0,1.0,120,37,33,5.2,0.95,,30,428.5,M11,Metallised PET / PE laminate,52,1.5,0.8,60,good,MAP,0,30,70,,,Y,173,Y,2.43,0.0337,24,M15,PVDC-coated cellophane,30,186,,synthetic_rule_physics_model
SCN01366,C023,Cheese (cheddar/processed),dairy_chilled,chilled,S04,2.3,94.0,S10,48,2.4,0.25,180,37,33,5.2,0.95,,30,577.3,M11,Metallised PET / PE laminate,52,1.5,0.8,60,good,MAP,0,30,70,,,Y,207,Y,3.85,0.0532,24,M15,PVDC-coated cellophane,30,207,,synthetic_rule_physics_model
SCN01367,C023,Cheese (cheddar/processed),dairy_chilled,chilled,S04,2.4,94.0,S10,24,2.4,0.5,240,37,33,5.2,0.95,,30,541.8,M11,Metallised PET / PE laminate,52,1.5,0.8,60,good,MAP,0,30,70,,,Y,203,N,3.06,0.0424,24,M15,PVDC-coated cellophane,30,194,,synthetic_rule_physics_model
SCN01368,C023,Cheese (cheddar/processed),dairy_chilled,chilled,S04,3.8,93.0,S10,6,3.8,0.1,120,37,33,5.2,0.95,,30,538.1,M11,Metallised PET / PE laminate,52,1.5,0.8,60,good,MAP,0,30,70,,,Y,193,Y,5.2,0.072,24,M15,PVDC-coated cellophane,30,181,,synthetic_rule_physics_model
SCN01369,C023,Cheese (cheddar/processed),dairy_chilled,chilled,S05,6.3,75.0,S10,6,6.3,0.25,90,37,33,5.2,0.95,,123.5,111.3,M10,Metallised BOPP / CPP laminate,45,50,1.0,130,good,conventional (no gas modification),,,,,,N,97,Y,2.04,0.0252,43,,,,,,synthetic_rule_physics_model
SCN01370,C023,Cheese (cheddar/processed),dairy_chilled,chilled,S04,3.2,86.0,S10,24,3.3,1.0,180,37,33,5.2,0.95,,30,287.2,M11,Metallised PET / PE laminate,52,1.5,0.8,60,good,MAP,0,30,70,,,Y,167,N,2.43,0.0337,24,M15,PVDC-coated cellophane,30,183,,synthetic_rule_physics_model
SCN01371,C023,Cheese (cheddar/processed),dairy_chilled,chilled,S04,0.7,90.0,S10,48,0.8,1.0,120,37,33,5.2,0.95,,30,1025.2,M11,Metallised PET / PE laminate,52,1.5,0.8,60,good,MAP,0,30,70,,,Y,244,Y,2.43,0.0337,24,M15,PVDC-coated cellophane,30,232,,synthetic_rule_physics_model
SCN01372,C023,Cheese (cheddar/processed),dairy_chilled,chilled,S05,5.2,77.0,S10,48,5.0,0.5,60,37,33,5.2,0.95,,252.2,268.7,M10,Metallised BOPP / CPP laminate,45,50,1.0,130,good,conventional (no gas modification),,,,,,N,115,Y,1.62,0.0201,43,M07,PVC film,50,64,,synthetic_rule_physics_model
SCN01373,C023,Cheese (cheddar/processed),dairy_chilled,chilled,S05,4.2,81.0,S10,24,4.2,1.0,240,37,33,5.2,0.95,,30,115.3,M11,Metallised PET / PE laminate,52,1.5,0.8,60,good,MAP,0,30,70,,,Y,186,N,2.43,0.0337,24,M15,PVDC-coated cellophane,30,184,,synthetic_rule_physics_model
SCN01374,C023,Cheese (cheddar/processed),dairy_chilled,chilled,S04,1.4,92.0,S10,24,1.4,0.25,180,37,33,5.2,0.95,,30,644.9,M11,Metallised PET / PE laminate,52,1.5,0.8,60,good,MAP,0,30,70,,,Y,225,Y,3.85,0.0532,24,M15,PVDC-coated cellophane,30,227,,synthetic_rule_physics_model
SCN01375,C023,Cheese (cheddar/processed),dairy_chilled,chilled,S05,5.5,79.0,S10,48,5.5,1.0,240,37,33,5.2,0.95,,30,87.7,M11,Metallised PET / PE laminate,52,1.5,0.8,60,good,MAP,0,30,70,,,Y,163,N,2.43,0.0337,24,M15,PVDC-coated cellophane,30,160,,synthetic_rule_physics_model
SCN01376,C023,Cheese (cheddar/processed),dairy_chilled,chilled,S05,3.7,84.0,S10,48,3.8,0.5,60,37,33,5.2,0.95,,272.5,484.2,M10,Metallised BOPP / CPP laminate,45,50,1.0,130,good,conventional (no gas modification),,,,,,N,118,Y,1.62,0.0201,43,M07,PVC film,50,64,,synthetic_rule_physics_model
SCN01377,C023,Cheese (cheddar/processed),dairy_chilled,chilled,S05,3.7,78.0,S10,6,3.7,0.5,120,37,33,5.2,0.95,,30,163.8,M11,Metallised PET / PE laminate,52,1.5,0.8,60,good,MAP,0,30,70,,,Y,172,Y,3.06,0.0424,24,M15,PVDC-coated cellophane,30,179,,synthetic_rule_physics_model
SCN01378,C023,Cheese (cheddar/processed),dairy_chilled,chilled,S05,3.7,81.0,S10,6,3.7,0.1,240,37,33,5.2,0.95,,30,57.5,M11,Metallised PET / PE laminate,52,1.5,0.8,60,good,MAP,0,30,70,,,Y,183,N,5.2,0.072,24,M15,PVDC-coated cellophane,30,178,,synthetic_rule_physics_model
SCN01379,C023,Cheese (cheddar/processed),dairy_chilled,chilled,S04,3.9,91.0,S10,48,4.0,0.25,90,37,33,5.2,0.95,,143.2,742.7,M10,Metallised BOPP / CPP laminate,45,50,1.0,130,good,conventional (no gas modification),,,,,,N,123,Y,2.04,0.0252,43,,,,,,synthetic_rule_physics_model
SCN01380,C023,Cheese (cheddar/processed),dairy_chilled,chilled,S05,3.1,89.0,S10,48,3.1,0.1,180,37,33,5.2,0.95,,30,181.5,M11,Metallised PET / PE laminate,52,1.5,0.8,60,good,MAP,0,30,70,,,Y,171,N,5.2,0.072,24,M15,PVDC-coated cellophane,30,191,,synthetic_rule_physics_model
SCN01381,C024,Sliced bread,bakery_fresh,ambient,S03,34.6,32.0,S09,6,34.3,0.5,5,36,3.0,5.5,0.95,,1170.5,64.2,M03,"BOPP film (heat-sealable, coated)",30,1166.7,3.33,150,fair,conventional (no gas modification),,,,,,N,2,N,0.85,0.0113,75,M02,HDPE film,45,2,,synthetic_rule_physics_model
SCN01382,C024,Sliced bread,bakery_fresh,ambient,S02,29.5,83.0,S09,24,31.9,0.1,5,36,3.0,5.5,0.95,,775.2,248.0,M02,HDPE film,55,727.3,3.13,28,good,conventional (no gas modification),,,,,,N,2,N,2.01,0.0318,77,M13,PLA film,20,3,,synthetic_rule_physics_model
SCN01383,C024,Sliced bread,bakery_fresh,ambient,S01,27.3,65.0,S09,48,28.9,0.25,2,36,3.0,5.5,0.95,,3071.7,441.7,M02,HDPE film,30,1333.3,5.73,28,good,conventional (no gas modification),,,,,,N,3,Y,0.81,0.0128,77,M13,PLA film,25,4,,synthetic_rule_physics_model
SCN01384,C024,Sliced bread,bakery_fresh,ambient,S01,29.6,54.0,S09,48,28.2,0.25,4,36,3.0,5.5,0.95,,1591.2,176.0,M02,HDPE film,30,1333.3,5.73,28,good,conventional (no gas modification),,,,,,N,4,Y,0.81,0.0128,77,M13,PLA film,25,4,,synthetic_rule_physics_model
SCN01385,C024,Sliced bread,bakery_fresh,ambient,S01,24.1,62.0,S09,48,26.9,0.25,8,36,3.0,5.5,0.95,,500,123.2,M02,HDPE film,80,500.0,2.15,28,good,MAP,0,60,40,,,Y,8,Y,2.16,0.0342,77,M13,PLA film,30,9,,synthetic_rule_physics_model
SCN01386,C024,Sliced bread,bakery_fresh,ambient,S02,34.5,84.0,S09,24,35.8,0.1,5,36,3.0,5.5,0.95,,636.6,186.0,M02,HDPE film,65,615.4,2.65,28,good,conventional (no gas modification),,,,,,N,2,N,2.38,0.0376,77,M13,PLA film,25,2,,synthetic_rule_physics_model
SCN01387,C024,Sliced bread,bakery_fresh,ambient,S02,29.3,77.0,S09,48,28.9,0.5,8,36,3.0,5.5,0.95,,500,234.5,M02,HDPE film,80,500.0,2.15,28,good,MAP,0,60,40,,,Y,7,N,1.72,0.0272,77,M13,PLA film,35,7,,synthetic_rule_physics_model
SCN01388,C024,Sliced bread,bakery_fresh,ambient,S02,28.9,86.0,S09,6,29.0,0.25,8,36,3.0,5.5,0.95,,500,373.7,M02,HDPE film,80,500.0,2.15,28,good,MAP,0,60,40,,,Y,7,N,2.16,0.0342,77,M13,PLA film,30,7,,synthetic_rule_physics_model
SCN01389,C024,Sliced bread,bakery_fresh,ambient,S01,31.8,52.0,S09,6,31.9,0.1,10,36,3.0,5.5,0.95,,388.3,34.6,M07,PVC film,35,357.1,25.71,45,fair,MAP,0,60,40,,,Y,5,N,1.67,0.0364,44,,,,,,synthetic_rule_physics_model
SCN01390,C024,Sliced bread,bakery_fresh,ambient,S02,30.6,86.0,S09,48,31.3,1.0,10,36,3.0,5.5,0.95,,500,358.0,M02,HDPE film,80,500.0,2.15,28,good,MAP,0,60,40,,,Y,6,N,1.37,0.0217,77,M13,PLA film,40,6,,synthetic_rule_physics_model
SCN01391,C024,Sliced bread,bakery_fresh,ambient,S02,29.6,94.0,S09,6,29.7,0.1,8,36,3.0,5.5,0.95,,500,768.6,M02,HDPE film,80,500.0,2.15,28,good,MAP,0,60,40,,,Y,6,N,2.92,0.0463,77,M13,PLA film,30,7,,synthetic_rule_physics_model
SCN01392,C024,Sliced bread,bakery_fresh,ambient,S02,31.1,85.0,S09,6,31.1,0.1,10,36,3.0,5.5,0.95,,405.1,160.3,M13,PLA film,35,400.0,85.71,55,fair,MAP,0,60,40,,,Y,6,N,5.33,0.0239,82,,,,,,synthetic_rule_physics_model
SCN01393,C024,Sliced bread,bakery_fresh,ambient,S03,39.0,34.0,S09,6,38.8,0.1,10,36,3.0,5.5,0.95,,274.5,12.9,M10,Metallised BOPP / CPP laminate,45,50,1.0,130,good,MAP,0,60,40,,,Y,3,N,2.76,0.0341,43,,,,,,synthetic_rule_physics_model
SCN01394,C024,Sliced bread,bakery_fresh,ambient,S01,23.6,45.0,S09,48,24.1,1.0,10,36,3.0,5.5,0.95,,500,136.2,M02,HDPE film,80,500.0,2.15,28,good,MAP,0,60,40,,,Y,11,Y,1.37,0.0217,77,M13,PLA film,40,10,,synthetic_rule_physics_model
SCN01395,C024,Sliced bread,bakery_fresh,ambient,S02,28.4,79.0,S09,6,28.3,0.25,5,36,3.0,5.5,0.95,,1265.2,361.5,M02,HDPE film,35,1142.9,4.91,28,good,conventional (no gas modification),,,,,,N,4,N,0.95,0.015,77,M13,PLA film,25,4,,synthetic_rule_physics_model
SCN01396,C024,Sliced bread,bakery_fresh,ambient,S02,32.9,76.0,S09,6,33.3,0.1,5,36,3.0,5.5,0.95,,723.4,136.9,M02,HDPE film,60,666.7,2.87,28,good,conventional (no gas modification),,,,,,N,2,N,2.19,0.0347,77,M13,PLA film,25,2,,synthetic_rule_physics_model
SCN01397,C024,Sliced bread,bakery_fresh,ambient,S03,34.0,24.0,S09,6,33.3,1.0,2,36,3.0,5.5,0.95,,3855.1,196.8,M03,"BOPP film (heat-sealable, coated)",30,1166.7,3.33,150,fair,conventional (no gas modification),,,,,,N,2,Y,0.68,0.009,75,M02,HDPE film,60,2,,synthetic_rule_physics_model
SCN01398,C024,Sliced bread,bakery_fresh,ambient,S02,35.1,83.0,S09,48,36.9,0.5,4,36,3.0,5.5,0.95,,1279.6,342.9,M03,"BOPP film (heat-sealable, coated)",30,1166.7,3.33,150,fair,conventional (no gas modification),,,,,,N,2,N,0.85,0.0113,75,M02,HDPE film,45,2,,synthetic_rule_physics_model
SCN01399,C024,Sliced bread,bakery_fresh,ambient,S02,31.3,83.0,S09,48,34.9,1.0,5,36,3.0,5.5,0.95,,1422.0,408.0,M03,"BOPP film (heat-sealable, coated)",30,1166.7,3.33,150,fair,conventional (no gas modification),,,,,,N,2,N,0.68,0.009,75,M02,HDPE film,60,2,,synthetic_rule_physics_model
SCN01400,C024,Sliced bread,bakery_fresh,ambient,S01,29.2,43.0,S09,6,28.8,0.1,2,36,3.0,5.5,0.95,,2278.8,193.3,M02,HDPE film,20,2000.0,8.6,28,good,conventional (no gas modification),,,,,,N,2,Y,0.73,0.0116,77,M13,PLA film,20,3,,synthetic_rule_physics_model
SCN01401,C024,Sliced bread,bakery_fresh,ambient,S01,23.9,64.0,S09,48,29.0,1.0,5,36,3.0,5.5,0.95,,1932.7,268.4,M03,"BOPP film (heat-sealable, coated)",30,1166.7,3.33,150,fair,conventional (no gas modification),,,,,,N,3,N,0.68,0.009,75,M02,HDPE film,60,4,,synthetic_rule_physics_model
SCN01402,C024,Sliced bread,bakery_fresh,ambient,S01,29.1,50.0,S09,24,29.1,0.1,10,36,3.0,5.5,0.95,,450.2,43.4,M07,PVC film,30,416.7,30.0,45,fair,MAP,0,60,40,,,Y,7,N,1.43,0.0312,44,,,,,,synthetic_rule_physics_model
SCN01403,C024,Sliced bread,bakery_fresh,ambient,S01,25.7,43.0,S09,6,26.5,0.1,2,36,3.0,5.5,0.95,,2582.4,241.6,M02,HDPE film,20,2000.0,8.6,28,good,conventional (no gas modification),,,,,,N,3,Y,0.73,0.0116,77,M13,PLA film,20,3,,synthetic_rule_physics_model
SCN01404,C024,Sliced bread,bakery_fresh,ambient,S02,31.5,90.0,S09,48,32.3,0.25,4,36,3.0,5.5,0.95,,1283.4,1045.3,M02,HDPE film,35,1142.9,4.91,28,good,conventional (no gas modification),,,,,,N,3,N,0.95,0.015,77,M13,PLA film,25,2,,synthetic_rule_physics_model
SCN01405,C024,Sliced bread,bakery_fresh,ambient,S03,34.1,44.0,S09,24,32.8,0.25,2,36,3.0,5.5,0.95,,2502.5,179.8,M02,HDPE film,30,1333.3,5.73,28,good,conventional (no gas modification),,,,,,N,3,Y,0.81,0.0128,77,M13,PLA film,25,2,,synthetic_rule_physics_model
SCN01406,C024,Sliced bread,bakery_fresh,ambient,S02,29.8,88.0,S09,6,30.0,0.1,8,36,3.0,5.5,0.95,,500,298.6,M02,HDPE film,80,500.0,2.15,28,good,MAP,0,60,40,,,Y,7,N,2.92,0.0463,77,M13,PLA film,30,6,,synthetic_rule_physics_model
SCN01407,C024,Sliced bread,bakery_fresh,ambient,S01,21.9,54.0,S09,48,23.2,0.1,8,36,3.0,5.5,0.95,,500,106.3,M02,HDPE film,80,500.0,2.15,28,good,MAP,0,60,40,,,Y,11,Y,2.92,0.0463,77,M13,PLA film,30,8,,synthetic_rule_physics_model
SCN01408,C024,Sliced bread,bakery_fresh,ambient,S01,31.2,49.0,S09,24,29.4,0.25,2,36,3.0,5.5,0.95,,2988.7,279.5,M02,HDPE film,30,1333.3,5.73,28,good,conventional (no gas modification),,,,,,N,3,Y,0.81,0.0128,77,M13,PLA film,25,3,,synthetic_rule_physics_model
SCN01409,C024,Sliced bread,bakery_fresh,ambient,S01,26.8,61.0,S09,48,26.3,0.1,2,36,3.0,5.5,0.95,,2604.1,381.6,M02,HDPE film,20,2000.0,8.6,28,good,conventional (no gas modification),,,,,,N,3,Y,0.73,0.0116,77,M13,PLA film,20,5,,synthetic_rule_physics_model
SCN01410,C024,Sliced bread,bakery_fresh,ambient,S02,31.1,89.0,S09,48,33.4,0.25,8,36,3.0,5.5,0.95,,500,346.2,M02,HDPE film,80,500.0,2.15,28,good,MAP,0,60,40,,,Y,4,N,2.16,0.0342,77,M13,PLA film,30,5,,synthetic_rule_physics_model
SCN01411,C024,Sliced bread,bakery_fresh,ambient,S02,31.8,93.0,S09,24,33.9,0.25,4,36,3.0,5.5,0.95,,1187.3,1393.8,M02,HDPE film,35,1142.9,4.91,28,good,conventional (no gas modification),,,,,,N,2,N,0.95,0.015,77,M13,PLA film,25,2,,synthetic_rule_physics_model
SCN01412,C024,Sliced bread,bakery_fresh,ambient,S03,42.0,42.0,S09,6,41.0,0.5,4,36,3.0,5.5,0.95,,1047.9,51.8,M02,HDPE film,45,888.9,3.82,28,good,conventional (no gas modification),,,,,,N,1,N,0.97,0.0153,77,,,,,,synthetic_rule_physics_model
SCN01413,C024,Sliced bread,bakery_fresh,ambient,S02,33.7,86.0,S09,24,33.2,0.5,4,36,3.0,5.5,0.95,,1542.1,608.8,M03,"BOPP film (heat-sealable, coated)",25,1400.0,4.0,150,fair,conventional (no gas modification),,,,,,N,2,N,0.71,0.0094,75,M02,HDPE film,45,2,,synthetic_rule_physics_model
SCN01414,C024,Sliced bread,bakery_fresh,ambient,S02,31.6,83.0,S09,48,31.1,1.0,4,36,3.0,5.5,0.95,,2157.6,699.2,M03,"BOPP film (heat-sealable, coated)",30,1166.7,3.33,150,fair,conventional (no gas modification),,,,,,N,3,N,0.68,0.009,75,M02,HDPE film,60,3,,synthetic_rule_physics_model
SCN01415,C024,Sliced bread,bakery_fresh,ambient,S02,32.5,94.0,S09,48,34.0,0.5,8,36,3.0,5.5,0.95,,500,865.3,M02,HDPE film,80,500.0,2.15,28,good,MAP,0,60,40,,,Y,5,N,1.72,0.0272,77,M13,PLA film,35,4,,synthetic_rule_physics_model
SCN01416,C024,Sliced bread,bakery_fresh,ambient,S01,23.7,50.0,S09,48,27.9,1.0,5,36,3.0,5.5,0.95,,2047.0,207.5,M03,"BOPP film (heat-sealable, coated)",30,1166.7,3.33,150,fair,conventional (no gas modification),,,,,,N,4,N,0.68,0.009,75,M02,HDPE film,60,4,,synthetic_rule_physics_model
SCN01417,C024,Sliced bread,bakery_fresh,ambient,S01,30.7,56.0,S09,48,31.3,1.0,2,36,3.0,5.5,0.95,,4271.5,435.9,M03,"BOPP film (heat-sealable, coated)",30,1166.7,3.33,150,fair,conventional (no gas modification),,,,,,N,3,Y,0.68,0.009,75,M02,HDPE film,60,3,,synthetic_rule_physics_model
SCN01418,C024,Sliced bread,bakery_fresh,ambient,S01,31.8,57.0,S09,24,32.8,0.25,4,36,3.0,5.5,0.95,,1251.9,121.4,M02,HDPE film,35,1142.9,4.91,28,good,conventional (no gas modification),,,,,,N,2,N,0.95,0.015,77,M13,PLA film,25,3,,synthetic_rule_physics_model
SCN01419,C024,Sliced bread,bakery_fresh,ambient,S02,34.1,85.0,S09,6,34.6,0.1,2,36,3.0,5.5,0.95,,1691.6,562.5,M02,HDPE film,25,1600.0,6.88,28,good,conventional (no gas modification),,,,,,N,2,Y,0.91,0.0145,77,M13,PLA film,20,2,,synthetic_rule_physics_model
SCN01420,C024,Sliced bread,bakery_fresh,ambient,S03,30.6,41.0,S09,6,31.2,0.25,4,36,3.0,5.5,0.95,,1359.0,99.9,M02,HDPE film,30,1333.3,5.73,28,good,conventional (no gas modification),,,,,,N,3,N,0.81,0.0128,77,M13,PLA film,35,3,,synthetic_rule_physics_model
SCN01421,C024,Sliced bread,bakery_fresh,ambient,S02,30.5,93.0,S09,24,30.6,0.25,5,36,3.0,5.5,0.95,,1125.7,1525.6,M02,HDPE film,40,1000.0,4.3,28,good,conventional (no gas modification),,,,,,N,3,N,1.08,0.0171,77,M13,PLA film,25,3,,synthetic_rule_physics_model
SCN01422,C024,Sliced bread,bakery_fresh,ambient,S03,31.8,30.0,S09,48,32.6,0.25,10,36,3.0,5.5,0.95,,500,29.3,M02,HDPE film,80,500.0,2.15,28,good,MAP,0,60,40,,,Y,5,N,2.16,0.0342,77,,,,,,synthetic_rule_physics_model
SCN01423,C024,Sliced bread,bakery_fresh,ambient,S01,30.2,46.0,S09,6,31.5,1.0,2,36,3.0,5.5,0.95,,4228.7,337.9,M03,"BOPP film (heat-sealable, coated)",30,1166.7,3.33,150,fair,conventional (no gas modification),,,,,,N,3,Y,0.68,0.009,75,M02,HDPE film,60,3,,synthetic_rule_physics_model
SCN01424,C024,Sliced bread,bakery_fresh,ambient,S01,22.0,40.0,S09,48,25.4,1.0,10,36,3.0,5.5,0.95,,500,110.0,M02,HDPE film,80,500.0,2.15,28,good,MAP,0,60,40,,,Y,10,Y,1.37,0.0217,77,M13,PLA film,40,10,,synthetic_rule_physics_model
SCN01425,C024,Sliced bread,bakery_fresh,ambient,S03,41.4,34.0,S09,6,41.4,0.5,2,36,3.0,5.5,0.95,,2049.1,86.4,M03,"BOPP film (heat-sealable, coated)",25,1400.0,4.0,150,fair,conventional (no gas modification),,,,,,N,1,N,0.71,0.0094,75,M02,HDPE film,45,1,,synthetic_rule_physics_model
SCN01426,C024,Sliced bread,bakery_fresh,ambient,S01,21.8,65.0,S09,48,27.6,0.5,5,36,3.0,5.5,0.95,,1652.5,253.9,M03,"BOPP film (heat-sealable, coated)",25,1400.0,4.0,150,fair,conventional (no gas modification),,,,,,N,4,N,0.71,0.0094,75,M02,HDPE film,45,4,,synthetic_rule_physics_model
SCN01427,C024,Sliced bread,bakery_fresh,ambient,S01,31.8,52.0,S09,24,32.4,0.25,5,36,3.0,5.5,0.95,,1021.2,89.7,M02,HDPE film,40,1000.0,4.3,28,good,conventional (no gas modification),,,,,,N,2,N,1.08,0.0171,77,M13,PLA film,35,3,,synthetic_rule_physics_model
SCN01428,C024,Sliced bread,bakery_fresh,ambient,S02,35.3,85.0,S09,24,33.4,0.25,5,36,3.0,5.5,0.95,,970.7,341.1,M02,HDPE film,45,888.9,3.82,28,good,conventional (no gas modification),,,,,,N,2,N,1.22,0.0193,77,M13,PLA film,25,2,,synthetic_rule_physics_model
SCN01429,C024,Sliced bread,bakery_fresh,ambient,S01,29.0,59.0,S09,48,27.9,0.1,4,36,3.0,5.5,0.95,,1194.0,151.6,M02,HDPE film,35,1142.9,4.91,28,good,conventional (no gas modification),,,,,,N,4,Y,1.28,0.0203,77,M13,PLA film,20,4,,synthetic_rule_physics_model
SCN01430,C024,Sliced bread,bakery_fresh,ambient,S01,22.4,52.0,S09,24,24.2,0.5,8,36,3.0,5.5,0.95,,500,155.8,M02,HDPE film,80,500.0,2.15,28,good,MAP,0,60,40,,,Y,11,Y,1.72,0.0272,77,M13,PLA film,35,10,,synthetic_rule_physics_model
SCN01431,C024,Sliced bread,bakery_fresh,ambient,S03,35.1,38.0,S09,6,35.0,0.5,10,36,3.0,5.5,0.95,,500,33.0,M02,HDPE film,80,500.0,2.15,28,good,MAP,0,60,40,,,Y,4,N,1.72,0.0272,77,,,,,,synthetic_rule_physics_model
SCN01432,C024,Sliced bread,bakery_fresh,ambient,S02,30.1,93.0,S09,6,30.0,0.5,10,36,3.0,5.5,0.95,,500,1009.1,M02,HDPE film,80,500.0,2.15,28,good,MAP,0,60,40,,,Y,6,N,1.72,0.0272,77,M13,PLA film,35,6,,synthetic_rule_physics_model
SCN01433,C024,Sliced bread,bakery_fresh,ambient,S02,29.9,79.0,S09,6,30.5,0.25,2,36,3.0,5.5,0.95,,2818.6,697.2,M02,HDPE film,30,1333.3,5.73,28,good,conventional (no gas modification),,,,,,N,3,Y,0.81,0.0128,77,M13,PLA film,25,3,,synthetic_rule_physics_model
SCN01434,C024,Sliced bread,bakery_fresh,ambient,S03,40.4,35.0,S09,48,38.5,1.0,5,36,3.0,5.5,0.95,,1187.3,57.6,M03,"BOPP film (heat-sealable, coated)",30,1166.7,3.33,150,fair,conventional (no gas modification),,,,,,N,1,N,0.68,0.009,75,M02,HDPE film,60,1,,synthetic_rule_physics_model
SCN01435,C024,Sliced bread,bakery_fresh,ambient,S02,29.6,90.0,S09,24,28.4,0.1,2,36,3.0,5.5,0.95,,2333.4,2059.4,M02,HDPE film,20,2000.0,8.6,28,good,conventional (no gas modification),,,,,,N,2,Y,0.73,0.0116,77,M13,PLA film,20,4,,synthetic_rule_physics_model
SCN01436,C024,Sliced bread,bakery_fresh,ambient,S01,21.0,48.0,S09,48,24.0,0.25,8,36,3.0,5.5,0.95,,500,116.5,M02,HDPE film,80,500.0,2.15,28,good,MAP,0,60,40,,,Y,11,Y,2.16,0.0342,77,M13,PLA film,30,9,,synthetic_rule_physics_model
SCN01437,C024,Sliced bread,bakery_fresh,ambient,S02,32.7,92.0,S09,6,32.8,0.1,4,36,3.0,5.5,0.95,,927.0,1139.9,M02,HDPE film,45,888.9,3.82,28,good,conventional (no gas modification),,,,,,N,2,N,1.65,0.026,77,M13,PLA film,20,3,,synthetic_rule_physics_model
SCN01438,C024,Sliced bread,bakery_fresh,ambient,S02,29.5,77.0,S09,6,29.4,0.5,4,36,3.0,5.5,0.95,,1877.4,458.2,M03,"BOPP film (heat-sealable, coated)",25,1400.0,4.0,150,fair,conventional (no gas modification),,,,,,N,3,N,0.71,0.0094,75,M02,HDPE film,45,3,,synthetic_rule_physics_model
SCN01439,C024,Sliced bread,bakery_fresh,ambient,S01,24.9,56.0,S09,48,26.7,0.5,4,36,3.0,5.5,0.95,,2173.0,269.9,M03,"BOPP film (heat-sealable, coated)",25,1400.0,4.0,150,fair,conventional (no gas modification),,,,,,N,5,Y,0.71,0.0094,75,M02,HDPE film,45,4,,synthetic_rule_physics_model
SCN01440,C024,Sliced bread,bakery_fresh,ambient,S02,30.3,78.0,S09,24,30.6,0.1,10,36,3.0,5.5,0.95,,416.1,100.9,M13,PLA film,35,400.0,85.71,55,fair,MAP,0,60,40,,,Y,6,N,5.33,0.0239,82,,,,,,synthetic_rule_physics_model
SCN01441,C025,Eggs (shell),eggs,chilled,S05,3.1,85.0,S10,48,3.1,0.5,70,75,10,7.6,0.97,,,633.9,M03,"BOPP film (heat-sealable, coated)",25,1400.0,4.0,150,fair,conventional (no gas modification),,,,,,N,40,N,0.71,0.0094,75,M02,HDPE film,45,41,,synthetic_rule_physics_model
SCN01442,C025,Eggs (shell),eggs,chilled,S05,4.6,77.0,S10,24,4.6,0.5,52,75,10,7.6,0.97,,,439.2,M03,"BOPP film (heat-sealable, coated)",25,1400.0,4.0,150,fair,conventional (no gas modification),,,,,,N,32,N,0.71,0.0094,75,M02,HDPE film,45,31,,synthetic_rule_physics_model
SCN01443,C025,Eggs (shell),eggs,chilled,S04,0.7,92.0,S10,24,0.8,0.5,52,75,10,7.6,0.97,,,2670.7,M03,"BOPP film (heat-sealable, coated)",25,1400.0,4.0,150,fair,conventional (no gas modification),,,,,,N,49,N,0.71,0.0094,75,M02,HDPE film,45,51,,synthetic_rule_physics_model
SCN01444,C025,Eggs (shell),eggs,chilled,S04,3.0,89.0,S10,48,3.1,0.5,52,75,10,7.6,0.97,,,1269.4,M03,"BOPP film (heat-sealable, coated)",25,1400.0,4.0,150,fair,conventional (no gas modification),,,,,,N,37,N,0.71,0.0094,75,M02,HDPE film,45,39,,synthetic_rule_physics_model
SCN01445,C025,Eggs (shell),eggs,chilled,S04,3.3,94.0,S10,6,3.3,0.25,18,75,10,7.6,0.97,,,7714.5,M02,HDPE film,30,1333.3,5.73,28,good,conventional (no gas modification),,,,,,N,39,Y,0.81,0.0128,77,M13,PLA film,25,37,,synthetic_rule_physics_model
SCN01446,C025,Eggs (shell),eggs,chilled,S04,0.1,89.0,S10,6,0.2,0.5,26,75,10,7.6,0.97,,,3638.7,M03,"BOPP film (heat-sealable, coated)",25,1400.0,4.0,150,fair,conventional (no gas modification),,,,,,N,53,Y,0.71,0.0094,75,M02,HDPE film,45,49,,synthetic_rule_physics_model
SCN01447,C025,Eggs (shell),eggs,chilled,S04,3.8,87.0,S10,24,3.6,0.1,18,75,10,7.6,0.97,,,1591.8,M02,HDPE film,20,2000.0,8.6,28,good,conventional (no gas modification),,,,,,N,37,Y,0.73,0.0116,77,M13,PLA film,20,36,,synthetic_rule_physics_model
SCN01448,C025,Eggs (shell),eggs,chilled,S04,2.1,90.0,S10,24,2.1,0.5,26,75,10,7.6,0.97,,,3282.5,M03,"BOPP film (heat-sealable, coated)",25,1400.0,4.0,150,fair,conventional (no gas modification),,,,,,N,41,Y,0.71,0.0094,75,M02,HDPE film,45,41,,synthetic_rule_physics_model
SCN01449,C025,Eggs (shell),eggs,chilled,S04,0.5,86.0,S10,48,0.8,0.25,35,75,10,7.6,0.97,,,1503.7,M02,HDPE film,30,1333.3,5.73,28,good,conventional (no gas modification),,,,,,N,48,Y,0.81,0.0128,77,M13,PLA film,25,51,,synthetic_rule_physics_model
SCN01450,C025,Eggs (shell),eggs,chilled,S04,1.7,87.0,S10,24,1.7,0.5,52,75,10,7.6,0.97,,,1237.4,M03,"BOPP film (heat-sealable, coated)",25,1400.0,4.0,150,fair,conventional (no gas modification),,,,,,N,45,N,0.71,0.0094,75,M02,HDPE film,45,43,,synthetic_rule_physics_model
SCN01451,C025,Eggs (shell),eggs,chilled,S04,0.8,86.0,S10,48,0.9,0.25,70,75,10,7.6,0.97,,,740.5,M02,HDPE film,30,1333.3,5.73,28,good,conventional (no gas modification),,,,,,N,48,N,0.81,0.0128,77,M13,PLA film,25,49,,synthetic_rule_physics_model
SCN01452,C025,Eggs (shell),eggs,chilled,S04,1.9,85.0,S10,24,1.9,0.25,70,75,10,7.6,0.97,,,599.7,M02,HDPE film,30,1333.3,5.73,28,good,conventional (no gas modification),,,,,,N,48,N,0.81,0.0128,77,M13,PLA film,25,46,,synthetic_rule_physics_model
SCN01453,C025,Eggs (shell),eggs,chilled,S05,7.5,89.0,S10,48,7.2,0.25,35,75,10,7.6,0.97,,,965.8,M02,HDPE film,30,1333.3,5.73,28,good,conventional (no gas modification),,,,,,N,25,N,0.81,0.0128,77,M13,PLA film,25,26,,synthetic_rule_physics_model
SCN01454,C025,Eggs (shell),eggs,chilled,S04,1.0,91.0,S10,6,1.0,1.0,70,75,10,7.6,0.97,,,2186.0,M03,"BOPP film (heat-sealable, coated)",30,1166.7,3.33,150,fair,conventional (no gas modification),,,,,,N,52,N,0.68,0.009,75,M02,HDPE film,60,50,,synthetic_rule_physics_model
SCN01455,C025,Eggs (shell),eggs,chilled,S04,1.3,94.0,S10,48,1.4,0.25,70,75,10,7.6,0.97,,,2360.2,M02,HDPE film,30,1333.3,5.73,28,good,conventional (no gas modification),,,,,,N,42,N,0.81,0.0128,77,M13,PLA film,25,49,,synthetic_rule_physics_model
SCN01456,C025,Eggs (shell),eggs,chilled,S05,4.0,86.0,S10,24,4.1,1.0,18,75,10,7.6,0.97,,,3028.6,M03,"BOPP film (heat-sealable, coated)",30,1166.7,3.33,150,fair,conventional (no gas modification),,,,,,N,36,Y,0.68,0.009,75,M02,HDPE film,60,35,,synthetic_rule_physics_model
SCN01457,C025,Eggs (shell),eggs,chilled,S04,2.6,93.0,S10,48,2.6,0.25,52,75,10,7.6,0.97,,,1983.7,M02,HDPE film,30,1333.3,5.73,28,good,conventional (no gas modification),,,,,,N,42,N,0.81,0.0128,77,M13,PLA film,25,40,,synthetic_rule_physics_model
SCN01458,C025,Eggs (shell),eggs,chilled,S04,1.3,94.0,S10,6,1.3,1.0,35,75,10,7.6,0.97,,,8016.1,M03,"BOPP film (heat-sealable, coated)",30,1166.7,3.33,150,fair,conventional (no gas modification),,,,,,N,48,Y,0.68,0.009,75,M02,HDPE film,60,46,,synthetic_rule_physics_model
SCN01459,C025,Eggs (shell),eggs,chilled,S04,0.2,88.0,S10,6,0.2,1.0,70,75,10,7.6,0.97,,,1561.0,M03,"BOPP film (heat-sealable, coated)",30,1166.7,3.33,150,fair,conventional (no gas modification),,,,,,N,52,N,0.68,0.009,75,M02,HDPE film,60,50,,synthetic_rule_physics_model
SCN01460,C025,Eggs (shell),eggs,chilled,S04,1.3,93.0,S10,6,1.3,0.1,70,75,10,7.6,0.97,,,1536.0,M02,HDPE film,20,2000.0,8.6,28,good,conventional (no gas modification),,,,,,N,45,N,0.73,0.0116,77,M13,PLA film,20,47,,synthetic_rule_physics_model
SCN01461,C025,Eggs (shell),eggs,chilled,S04,3.7,86.0,S10,24,3.6,0.25,18,75,10,7.6,0.97,,,2121.1,M02,HDPE film,30,1333.3,5.73,28,good,conventional (no gas modification),,,,,,N,34,Y,0.81,0.0128,77,M13,PLA film,25,38,,synthetic_rule_physics_model
SCN01462,C025,Eggs (shell),eggs,chilled,S04,3.0,90.0,S10,48,3.1,1.0,26,75,10,7.6,0.97,,,3678.2,M03,"BOPP film (heat-sealable, coated)",30,1166.7,3.33,150,fair,conventional (no gas modification),,,,,,N,38,Y,0.68,0.009,75,M02,HDPE film,60,40,,synthetic_rule_physics_model
SCN01463,C025,Eggs (shell),eggs,chilled,S04,0.5,94.0,S10,48,0.6,0.1,18,75,10,7.6,0.97,,,7868.9,M02,HDPE film,20,2000.0,8.6,28,good,conventional (no gas modification),,,,,,N,47,Y,0.73,0.0116,77,M13,PLA film,20,52,,synthetic_rule_physics_model
SCN01464,C025,Eggs (shell),eggs,chilled,S04,0.9,87.0,S10,24,1.0,0.5,35,75,10,7.6,0.97,,,2027.8,M03,"BOPP film (heat-sealable, coated)",25,1400.0,4.0,150,fair,conventional (no gas modification),,,,,,N,47,Y,0.71,0.0094,75,M02,HDPE film,45,49,,synthetic_rule_physics_model
SCN01465,C025,Eggs (shell),eggs,chilled,S04,3.1,90.0,S10,6,3.1,0.1,18,75,10,7.6,0.97,,,2483.7,M02,HDPE film,20,2000.0,8.6,28,good,conventional (no gas modification),,,,,,N,36,Y,0.73,0.0116,77,M13,PLA film,20,38,,synthetic_rule_physics_model
SCN01466,C025,Eggs (shell),eggs,chilled,S05,3.0,84.0,S10,6,3.0,0.25,52,75,10,7.6,0.97,,,639.8,M02,HDPE film,30,1333.3,5.73,28,good,conventional (no gas modification),,,,,,N,38,N,0.81,0.0128,77,M13,PLA film,25,39,,synthetic_rule_physics_model
SCN01467,C025,Eggs (shell),eggs,chilled,S05,6.1,75.0,S10,24,6.1,0.25,70,75,10,7.6,0.97,,,199.4,M02,HDPE film,30,1333.3,5.73,28,good,conventional (no gas modification),,,,,,N,28,N,0.81,0.0128,77,M13,PLA film,25,27,,synthetic_rule_physics_model
SCN01468,C025,Eggs (shell),eggs,chilled,S04,0.5,88.0,S10,6,0.5,1.0,26,75,10,7.6,0.97,,,3868.4,M03,"BOPP film (heat-sealable, coated)",30,1166.7,3.33,150,fair,conventional (no gas modification),,,,,,N,53,Y,0.68,0.009,75,M02,HDPE film,60,53,,synthetic_rule_physics_model
SCN01469,C025,Eggs (shell),eggs,chilled,S04,3.7,87.0,S10,48,3.9,0.5,26,75,10,7.6,0.97,,,1894.4,M03,"BOPP film (heat-sealable, coated)",25,1400.0,4.0,150,fair,conventional (no gas modification),,,,,,N,36,Y,0.71,0.0094,75,M02,HDPE film,45,36,,synthetic_rule_physics_model
SCN01470,C025,Eggs (shell),eggs,chilled,S04,2.5,91.0,S10,6,2.5,0.1,35,75,10,7.6,0.97,,,1532.2,M02,HDPE film,20,2000.0,8.6,28,good,conventional (no gas modification),,,,,,N,40,Y,0.73,0.0116,77,M13,PLA film,20,41,,synthetic_rule_physics_model
SCN01471,C025,Eggs (shell),eggs,chilled,S04,2.0,92.0,S10,6,2.0,1.0,70,75,10,7.6,0.97,,,2291.5,M03,"BOPP film (heat-sealable, coated)",30,1166.7,3.33,150,fair,conventional (no gas modification),,,,,,N,45,N,0.68,0.009,75,M02,HDPE film,60,45,,synthetic_rule_physics_model
SCN01472,C025,Eggs (shell),eggs,chilled,S05,7.0,83.0,S10,6,6.9,0.1,18,75,10,7.6,0.97,,,828.3,M02,HDPE film,20,2000.0,8.6,28,good,conventional (no gas modification),,,,,,N,25,Y,0.73,0.0116,77,M13,PLA film,20,24,,synthetic_rule_physics_model
SCN01473,C025,Eggs (shell),eggs,chilled,S05,7.7,76.0,S10,6,7.6,0.25,18,75,10,7.6,0.97,,,673.6,M02,HDPE film,30,1333.3,5.73,28,good,conventional (no gas modification),,,,,,N,22,Y,0.81,0.0128,77,M13,PLA film,25,23,,synthetic_rule_physics_model
SCN01474,C025,Eggs (shell),eggs,chilled,S05,6.7,77.0,S10,6,6.7,0.5,18,75,10,7.6,0.97,,,1007.3,M03,"BOPP film (heat-sealable, coated)",25,1400.0,4.0,150,fair,conventional (no gas modification),,,,,,N,27,Y,0.71,0.0094,75,M02,HDPE film,45,26,,synthetic_rule_physics_model
SCN01475,C025,Eggs (shell),eggs,chilled,S05,7.4,86.0,S10,6,7.4,0.1,52,75,10,7.6,0.97,,,334.7,M02,HDPE film,20,2000.0,8.6,28,good,conventional (no gas modification),,,,,,N,25,N,0.73,0.0116,77,M13,PLA film,20,24,,synthetic_rule_physics_model
SCN01476,C025,Eggs (shell),eggs,chilled,S04,3.5,91.0,S10,48,3.3,1.0,18,75,10,7.6,0.97,,,5893.7,M03,"BOPP film (heat-sealable, coated)",30,1166.7,3.33,150,fair,conventional (no gas modification),,,,,,N,38,Y,0.68,0.009,75,M02,HDPE film,60,37,,synthetic_rule_physics_model
SCN01477,C025,Eggs (shell),eggs,chilled,S04,1.5,85.0,S10,48,1.8,0.25,18,75,10,7.6,0.97,,,2398.2,M02,HDPE film,30,1333.3,5.73,28,good,conventional (no gas modification),,,,,,N,44,Y,0.81,0.0128,77,M13,PLA film,25,47,,synthetic_rule_physics_model
SCN01478,C025,Eggs (shell),eggs,chilled,S05,7.4,84.0,S10,48,6.7,0.5,18,75,10,7.6,0.97,,,1528.4,M03,"BOPP film (heat-sealable, coated)",25,1400.0,4.0,150,fair,conventional (no gas modification),,,,,,N,25,Y,0.71,0.0094,75,M02,HDPE film,45,26,,synthetic_rule_physics_model
SCN01479,C025,Eggs (shell),eggs,chilled,S04,1.8,85.0,S10,48,1.9,1.0,70,75,10,7.6,0.97,,,925.2,M03,"BOPP film (heat-sealable, coated)",30,1166.7,3.33,150,fair,conventional (no gas modification),,,,,,N,47,N,0.68,0.009,75,M02,HDPE film,60,43,,synthetic_rule_physics_model
SCN01480,C025,Eggs (shell),eggs,chilled,S05,3.2,77.0,S10,6,3.2,1.0,70,75,10,7.6,0.97,,,482.0,M03,"BOPP film (heat-sealable, coated)",30,1166.7,3.33,150,fair,conventional (no gas modification),,,,,,N,38,N,0.68,0.009,75,M02,HDPE film,60,36,,synthetic_rule_physics_model
SCN01481,C025,Eggs (shell),eggs,chilled,S05,5.7,76.0,S10,24,5.6,1.0,35,75,10,7.6,0.97,,,698.1,M03,"BOPP film (heat-sealable, coated)",30,1166.7,3.33,150,fair,conventional (no gas modification),,,,,,N,31,N,0.68,0.009,75,M02,HDPE film,60,31,,synthetic_rule_physics_model
SCN01482,C025,Eggs (shell),eggs,chilled,S04,2.7,94.0,S10,48,2.8,1.0,18,75,10,7.6,0.97,,,12601.8,M03,"BOPP film (heat-sealable, coated)",30,1166.7,3.33,150,fair,conventional (no gas modification),,,,,,N,40,Y,0.68,0.009,75,M02,HDPE film,60,40,,synthetic_rule_physics_model
SCN01483,C025,Eggs (shell),eggs,chilled,S05,6.2,79.0,S10,48,6.2,0.1,35,75,10,7.6,0.97,,,350.8,M02,HDPE film,20,2000.0,8.6,28,good,conventional (no gas modification),,,,,,N,28,N,0.73,0.0116,77,M13,PLA film,20,30,,synthetic_rule_physics_model
SCN01484,C025,Eggs (shell),eggs,chilled,S04,1.4,91.0,S10,48,1.8,0.25,26,75,10,7.6,0.97,,,3391.3,M02,HDPE film,30,1333.3,5.73,28,good,conventional (no gas modification),,,,,,N,42,Y,0.81,0.0128,77,M13,PLA film,25,42,,synthetic_rule_physics_model
SCN01485,C025,Eggs (shell),eggs,chilled,S05,8.0,81.0,S10,48,7.9,0.5,70,75,10,7.6,0.97,,,274.8,M03,"BOPP film (heat-sealable, coated)",25,1400.0,4.0,150,fair,conventional (no gas modification),,,,,,N,24,N,0.71,0.0094,75,M02,HDPE film,45,24,,synthetic_rule_physics_model
SCN01486,C025,Eggs (shell),eggs,chilled,S05,6.9,80.0,S10,24,6.9,0.5,70,75,10,7.6,0.97,,,285.8,M03,"BOPP film (heat-sealable, coated)",25,1400.0,4.0,150,fair,conventional (no gas modification),,,,,,N,25,N,0.71,0.0094,75,M02,HDPE film,45,23,,synthetic_rule_physics_model
SCN01487,C025,Eggs (shell),eggs,chilled,S04,1.4,89.0,S10,48,1.4,1.0,26,75,10,7.6,0.97,,,4037.3,M03,"BOPP film (heat-sealable, coated)",30,1166.7,3.33,150,fair,conventional (no gas modification),,,,,,N,46,Y,0.68,0.009,75,M02,HDPE film,60,48,,synthetic_rule_physics_model
SCN01488,C025,Eggs (shell),eggs,chilled,S04,3.2,90.0,S10,6,3.2,0.1,35,75,10,7.6,0.97,,,1290.3,M02,HDPE film,20,2000.0,8.6,28,good,conventional (no gas modification),,,,,,N,38,Y,0.73,0.0116,77,M13,PLA film,20,38,,synthetic_rule_physics_model
SCN01489,C025,Eggs (shell),eggs,chilled,S04,2.6,95.0,S10,6,2.5,0.5,18,75,10,7.6,0.97,,,10671.1,M03,"BOPP film (heat-sealable, coated)",25,1400.0,4.0,150,fair,conventional (no gas modification),,,,,,N,40,Y,0.71,0.0094,75,M02,HDPE film,45,42,,synthetic_rule_physics_model
SCN01490,C025,Eggs (shell),eggs,chilled,S04,1.0,95.0,S10,48,1.2,1.0,18,75,10,7.6,0.97,,,15661.3,M03,"BOPP film (heat-sealable, coated)",30,1166.7,3.33,150,fair,conventional (no gas modification),,,,,,N,51,Y,0.68,0.009,75,M02,HDPE film,60,46,,synthetic_rule_physics_model
SCN01491,C025,Eggs (shell),eggs,chilled,S04,1.2,91.0,S10,6,1.2,0.1,52,75,10,7.6,0.97,,,1307.6,M02,HDPE film,20,2000.0,8.6,28,good,conventional (no gas modification),,,,,,N,46,N,0.73,0.0116,77,M13,PLA film,20,46,,synthetic_rule_physics_model
SCN01492,C025,Eggs (shell),eggs,chilled,S04,1.9,93.0,S10,48,2.0,1.0,70,75,10,7.6,0.97,,,2731.4,M03,"BOPP film (heat-sealable, coated)",30,1166.7,3.33,150,fair,conventional (no gas modification),,,,,,N,44,N,0.68,0.009,75,M02,HDPE film,60,47,,synthetic_rule_physics_model
SCN01493,C025,Eggs (shell),eggs,chilled,S05,8.0,78.0,S10,24,7.9,0.1,52,75,10,7.6,0.97,,,179.1,M02,HDPE film,20,2000.0,8.6,28,good,conventional (no gas modification),,,,,,N,21,N,0.73,0.0116,77,M13,PLA film,20,22,,synthetic_rule_physics_model
SCN01494,C025,Eggs (shell),eggs,chilled,S05,6.6,88.0,S10,24,6.6,0.25,70,75,10,7.6,0.97,,,477.3,M02,HDPE film,30,1333.3,5.73,28,good,conventional (no gas modification),,,,,,N,26,N,0.81,0.0128,77,M13,PLA film,25,27,,synthetic_rule_physics_model
SCN01495,C025,Eggs (shell),eggs,chilled,S05,7.3,74.0,S10,48,7.1,0.25,70,75,10,7.6,0.97,,,170.1,M02,HDPE film,30,1333.3,5.73,28,good,conventional (no gas modification),,,,,,N,25,N,0.81,0.0128,77,M13,PLA film,25,25,,synthetic_rule_physics_model
SCN01496,C025,Eggs (shell),eggs,chilled,S04,2.0,90.0,S10,48,2.1,0.1,35,75,10,7.6,0.97,,,1385.6,M02,HDPE film,20,2000.0,8.6,28,good,conventional (no gas modification),,,,,,N,39,Y,0.73,0.0116,77,M13,PLA film,20,45,,synthetic_rule_physics_model
SCN01497,C025,Eggs (shell),eggs,chilled,S04,1.8,94.0,S10,48,2.1,1.0,18,75,10,7.6,0.97,,,12149.8,M03,"BOPP film (heat-sealable, coated)",30,1166.7,3.33,150,fair,conventional (no gas modification),,,,,,N,44,Y,0.68,0.009,75,M02,HDPE film,60,45,,synthetic_rule_physics_model
SCN01498,C025,Eggs (shell),eggs,chilled,S04,1.9,85.0,S10,6,2.0,0.25,52,75,10,7.6,0.97,,,788.2,M02,HDPE film,30,1333.3,5.73,28,good,conventional (no gas modification),,,,,,N,47,N,0.81,0.0128,77,M13,PLA film,25,43,,synthetic_rule_physics_model
SCN01499,C025,Eggs (shell),eggs,chilled,S05,5.9,80.0,S10,6,5.9,0.1,18,75,10,7.6,0.97,,,737.6,M02,HDPE film,20,2000.0,8.6,28,good,conventional (no gas modification),,,,,,N,29,Y,0.73,0.0116,77,M13,PLA film,20,30,,synthetic_rule_physics_model
SCN01500,C025,Eggs (shell),eggs,chilled,S05,5.8,79.0,S10,48,5.8,0.1,70,75,10,7.6,0.97,,,180.6,M02,HDPE film,20,2000.0,8.6,28,good,conventional (no gas modification),,,,,,N,30,N,0.73,0.0116,77,M13,PLA film,20,28,,synthetic_rule_physics_model
SCN01501,C026,"Chicken (raw, fresh)",meat_fish_chilled,chilled,S04,0.1,89.0,S10,48,0.3,0.1,4,70,5.0,6.0,0.99,,3003.9,7644.6,M02,HDPE film,20,2000.0,8.6,28,good,conventional (no gas modification),,,,,,N,5,Y,0.73,0.0116,77,M13,PLA film,20,5,,synthetic_rule_physics_model
SCN01502,C026,"Chicken (raw, fresh)",meat_fish_chilled,chilled,S05,7.5,88.0,S10,24,5.5,0.25,3,70,5.0,6.0,0.99,,3912.4,6286.4,M02,HDPE film,30,1333.3,5.73,28,good,conventional (no gas modification),,,,,,N,3,Y,0.81,0.0128,77,M13,PLA film,25,3,,synthetic_rule_physics_model
SCN01503,C026,"Chicken (raw, fresh)",meat_fish_chilled,chilled,S05,5.4,89.0,S10,6,5.4,0.1,8,70,5.0,6.0,0.99,,100,2110.2,M10,Metallised BOPP / CPP laminate,45,50,1.0,130,good,MAP,0,30,70,,,Y,5,N,2.76,0.0341,43,,,,,,synthetic_rule_physics_model
SCN01504,C026,"Chicken (raw, fresh)",meat_fish_chilled,chilled,S04,0.6,86.0,S10,6,0.6,0.1,8,70,5.0,6.0,0.99,,100,2811.6,M10,Metallised BOPP / CPP laminate,45,50,1.0,130,good,MAP,0,30,70,,,Y,10,Y,2.76,0.0341,43,,,,,,synthetic_rule_physics_model
SCN01505,C026,"Chicken (raw, fresh)",meat_fish_chilled,chilled,S05,3.0,88.0,S10,6,3.4,1.0,3,70,5.0,6.0,0.99,,7026.0,12726.8,M03,"BOPP film (heat-sealable, coated)",30,1166.7,3.33,150,fair,conventional (no gas modification),,,,,,N,3,Y,0.68,0.009,75,M02,HDPE film,60,3,,synthetic_rule_physics_model
SCN01506,C026,"Chicken (raw, fresh)",meat_fish_chilled,chilled,S04,0.7,91.0,S10,48,3.2,0.1,3,70,5.0,6.0,0.99,,3336.9,8239.2,M02,HDPE film,20,2000.0,8.6,28,good,conventional (no gas modification),,,,,,N,3,Y,0.73,0.0116,77,M13,PLA film,20,4,,synthetic_rule_physics_model
SCN01507,C026,"Chicken (raw, fresh)",meat_fish_chilled,chilled,S05,3.3,80.0,S10,48,3.7,0.25,6,70,5.0,6.0,0.99,,100,2355.5,M10,Metallised BOPP / CPP laminate,45,50,1.0,130,good,MAP,0,30,70,,,Y,7,Y,2.04,0.0252,43,,,,,,synthetic_rule_physics_model
SCN01508,C026,"Chicken (raw, fresh)",meat_fish_chilled,chilled,S04,0.9,88.0,S10,6,1.0,0.5,6,70,5.0,6.0,0.99,,100,6740.1,M10,Metallised BOPP / CPP laminate,45,50,1.0,130,good,MAP,0,30,70,,,Y,9,Y,1.62,0.0201,43,,,,,,synthetic_rule_physics_model
SCN01509,C026,"Chicken (raw, fresh)",meat_fish_chilled,chilled,S04,1.8,93.0,S10,48,3.2,1.0,8,70,5.0,6.0,0.99,,100,9923.0,M10,Metallised BOPP / CPP laminate,45,50,1.0,130,good,MAP,0,30,70,,,Y,7,N,1.29,0.016,43,,,,,,synthetic_rule_physics_model
SCN01510,C026,"Chicken (raw, fresh)",meat_fish_chilled,chilled,S05,6.2,85.0,S10,6,6.2,0.5,6,70,5.0,6.0,0.99,,100,3008.3,M10,Metallised BOPP / CPP laminate,45,50,1.0,130,good,MAP,0,30,70,,,Y,5,N,1.62,0.0201,43,,,,,,synthetic_rule_physics_model
SCN01511,C026,"Chicken (raw, fresh)",meat_fish_chilled,chilled,S04,0.3,94.0,S10,24,1.5,0.5,4,70,5.0,6.0,0.99,,4718.3,21234.0,M03,"BOPP film (heat-sealable, coated)",25,1400.0,4.0,150,fair,conventional (no gas modification),,,,,,N,4,Y,0.71,0.0094,75,M02,HDPE film,45,4,,synthetic_rule_physics_model
SCN01512,C026,"Chicken (raw, fresh)",meat_fish_chilled,chilled,S05,4.7,87.0,S10,24,5.0,1.0,8,70,5.0,6.0,0.99,,100,3659.3,M10,Metallised BOPP / CPP laminate,45,50,1.0,130,good,MAP,0,30,70,,,Y,6,N,1.29,0.016,43,,,,,,synthetic_rule_physics_model
SCN01513,C026,"Chicken (raw, fresh)",meat_fish_chilled,chilled,S04,3.5,92.0,S10,24,4.1,0.25,6,70,5.0,6.0,0.99,,100,5917.9,M10,Metallised BOPP / CPP laminate,45,50,1.0,130,good,MAP,0,30,70,,,Y,6,Y,2.04,0.0252,43,,,,,,synthetic_rule_physics_model
SCN01514,C026,"Chicken (raw, fresh)",meat_fish_chilled,chilled,S04,2.1,91.0,S10,48,2.1,0.5,4,70,5.0,6.0,0.99,,4552.6,13134.1,M03,"BOPP film (heat-sealable, coated)",25,1400.0,4.0,150,fair,conventional (no gas modification),,,,,,N,4,Y,0.71,0.0094,75,M02,HDPE film,45,4,,synthetic_rule_physics_model
SCN01515,C026,"Chicken (raw, fresh)",meat_fish_chilled,chilled,S05,7.5,81.0,S10,48,6.3,0.5,8,70,5.0,6.0,0.99,,100,1753.6,M10,Metallised BOPP / CPP laminate,45,50,1.0,130,good,MAP,0,30,70,,,Y,5,N,1.62,0.0201,43,,,,,,synthetic_rule_physics_model
SCN01516,C026,"Chicken (raw, fresh)",meat_fish_chilled,chilled,S04,1.1,89.0,S10,6,1.4,0.25,4,70,5.0,6.0,0.99,,3792.9,8970.6,M02,HDPE film,30,1333.3,5.73,28,good,conventional (no gas modification),,,,,,N,4,Y,0.81,0.0128,77,M13,PLA film,25,4,,synthetic_rule_physics_model
SCN01517,C026,"Chicken (raw, fresh)",meat_fish_chilled,chilled,S05,4.6,86.0,S10,6,4.3,0.5,3,70,5.0,6.0,0.99,,5271.8,7928.8,M03,"BOPP film (heat-sealable, coated)",25,1400.0,4.0,150,fair,conventional (no gas modification),,,,,,N,3,Y,0.71,0.0094,75,M02,HDPE film,45,3,,synthetic_rule_physics_model
SCN01518,C026,"Chicken (raw, fresh)",meat_fish_chilled,chilled,S04,3.5,93.0,S10,24,3.5,0.5,8,70,5.0,6.0,0.99,,100,7246.4,M10,Metallised BOPP / CPP laminate,45,50,1.0,130,good,MAP,0,30,70,,,Y,6,N,1.62,0.0201,43,,,,,,synthetic_rule_physics_model
SCN01519,C026,"Chicken (raw, fresh)",meat_fish_chilled,chilled,S05,4.3,89.0,S10,6,4.7,0.1,2,70,5.0,6.0,0.99,,4541.5,9024.3,M02,HDPE film,20,2000.0,8.6,28,good,conventional (no gas modification),,,,,,N,3,Y,0.73,0.0116,77,M13,PLA film,20,3,,synthetic_rule_physics_model
SCN01520,C026,"Chicken (raw, fresh)",meat_fish_chilled,chilled,S04,3.7,91.0,S10,24,3.9,1.0,3,70,5.0,6.0,0.99,,6829.7,16188.8,M03,"BOPP film (heat-sealable, coated)",30,1166.7,3.33,150,fair,conventional (no gas modification),,,,,,N,3,Y,0.68,0.009,75,M02,HDPE film,60,3,,synthetic_rule_physics_model
SCN01521,C026,"Chicken (raw, fresh)",meat_fish_chilled,chilled,S05,6.0,80.0,S10,24,4.0,0.25,2,70,5.0,6.0,0.99,,6438.0,6615.6,M02,HDPE film,30,1333.3,5.73,28,good,conventional (no gas modification),,,,,,N,3,Y,0.81,0.0128,77,M13,PLA film,25,3,,synthetic_rule_physics_model
SCN01522,C026,"Chicken (raw, fresh)",meat_fish_chilled,chilled,S04,0.3,86.0,S10,6,0.3,0.1,6,70,5.0,6.0,0.99,,100,3792.0,M10,Metallised BOPP / CPP laminate,45,50,1.0,130,good,MAP,0,30,70,,,Y,9,Y,2.76,0.0341,43,,,,,,synthetic_rule_physics_model
SCN01523,C026,"Chicken (raw, fresh)",meat_fish_chilled,chilled,S04,2.6,86.0,S10,24,3.9,0.5,4,70,5.0,6.0,0.99,,4054.8,6065.4,M03,"BOPP film (heat-sealable, coated)",25,1400.0,4.0,150,fair,conventional (no gas modification),,,,,,N,3,N,0.71,0.0094,75,M02,HDPE film,45,3,,synthetic_rule_physics_model
SCN01524,C026,"Chicken (raw, fresh)",meat_fish_chilled,chilled,S05,6.8,89.0,S10,48,5.5,0.1,8,70,5.0,6.0,0.99,,100,1897.5,M10,Metallised BOPP / CPP laminate,45,50,1.0,130,good,MAP,0,30,70,,,Y,5,N,2.76,0.0341,43,,,,,,synthetic_rule_physics_model
SCN01525,C026,"Chicken (raw, fresh)",meat_fish_chilled,chilled,S05,7.1,74.0,S10,48,7.3,0.1,8,70,5.0,6.0,0.99,,100,652.6,M10,Metallised BOPP / CPP laminate,45,50,1.0,130,good,MAP,0,30,70,,,Y,4,N,2.76,0.0341,43,,,,,,synthetic_rule_physics_model
SCN01526,C026,"Chicken (raw, fresh)",meat_fish_chilled,chilled,S05,7.9,86.0,S10,6,7.4,1.0,3,70,5.0,6.0,0.99,,5491.2,7140.6,M03,"BOPP film (heat-sealable, coated)",30,1166.7,3.33,150,fair,conventional (no gas modification),,,,,,N,2,N,0.68,0.009,75,M02,HDPE film,60,2,,synthetic_rule_physics_model
SCN01527,C026,"Chicken (raw, fresh)",meat_fish_chilled,chilled,S04,0.9,86.0,S10,6,0.9,1.0,6,70,5.0,6.0,0.99,,100,7510.0,M10,Metallised BOPP / CPP laminate,45,50,1.0,130,good,MAP,0,30,70,,,Y,9,Y,1.29,0.016,43,,,,,,synthetic_rule_physics_model
SCN01528,C026,"Chicken (raw, fresh)",meat_fish_chilled,chilled,S04,1.8,87.0,S10,48,3.8,1.0,2,70,5.0,6.0,0.99,,10288.2,16637.0,M03,"BOPP film (heat-sealable, coated)",30,1166.7,3.33,150,fair,conventional (no gas modification),,,,,,N,3,Y,0.68,0.009,75,M02,HDPE film,60,3,,synthetic_rule_physics_model
SCN01529,C026,"Chicken (raw, fresh)",meat_fish_chilled,chilled,S05,5.2,88.0,S10,48,3.5,1.0,6,70,5.0,6.0,0.99,,100,6227.0,M10,Metallised BOPP / CPP laminate,45,50,1.0,130,good,MAP,0,30,70,,,Y,6,Y,1.29,0.016,43,,,,,,synthetic_rule_physics_model
SCN01530,C026,"Chicken (raw, fresh)",meat_fish_chilled,chilled,S04,0.6,86.0,S10,6,0.8,0.25,6,70,5.0,6.0,0.99,,100,4738.4,M10,Metallised BOPP / CPP laminate,45,50,1.0,130,good,MAP,0,30,70,,,Y,9,Y,2.04,0.0252,43,,,,,,synthetic_rule_physics_model
SCN01531,C026,"Chicken (raw, fresh)",meat_fish_chilled,chilled,S04,2.9,94.0,S10,6,3.0,0.1,8,70,5.0,6.0,0.99,,100,5324.5,M10,Metallised BOPP / CPP laminate,45,50,1.0,130,good,MAP,0,30,70,,,Y,7,N,2.76,0.0341,43,,,,,,synthetic_rule_physics_model
SCN01532,C026,"Chicken (raw, fresh)",meat_fish_chilled,chilled,S05,3.3,84.0,S10,6,3.4,0.5,6,70,5.0,6.0,0.99,,100,3926.3,M10,Metallised BOPP / CPP laminate,45,50,1.0,130,good,MAP,0,30,70,,,Y,6,Y,1.62,0.0201,43,,,,,,synthetic_rule_physics_model
SCN01533,C026,"Chicken (raw, fresh)",meat_fish_chilled,chilled,S05,3.4,75.0,S10,6,3.4,0.5,6,70,5.0,6.0,0.99,,100,2406.8,M10,Metallised BOPP / CPP laminate,45,50,1.0,130,good,MAP,0,30,70,,,Y,7,Y,1.62,0.0201,43,,,,,,synthetic_rule_physics_model
SCN01534,C026,"Chicken (raw, fresh)",meat_fish_chilled,chilled,S04,3.4,91.0,S10,24,3.9,0.1,6,70,5.0,6.0,0.99,,100,4224.4,M10,Metallised BOPP / CPP laminate,45,50,1.0,130,good,MAP,0,30,70,,,Y,6,Y,2.76,0.0341,43,,,,,,synthetic_rule_physics_model
SCN01535,C026,"Chicken (raw, fresh)",meat_fish_chilled,chilled,S05,3.8,82.0,S10,6,3.7,0.5,6,70,5.0,6.0,0.99,,100,3329.7,M10,Metallised BOPP / CPP laminate,45,50,1.0,130,good,MAP,0,30,70,,,Y,7,Y,1.62,0.0201,43,,,,,,synthetic_rule_physics_model
SCN01536,C026,"Chicken (raw, fresh)",meat_fish_chilled,chilled,S04,3.4,88.0,S10,48,2.8,0.5,3,70,5.0,6.0,0.99,,5808.9,11053.5,M03,"BOPP film (heat-sealable, coated)",25,1400.0,4.0,150,fair,conventional (no gas modification),,,,,,N,4,Y,0.71,0.0094,75,M02,HDPE film,45,4,,synthetic_rule_physics_model
SCN01537,C026,"Chicken (raw, fresh)",meat_fish_chilled,chilled,S05,5.9,86.0,S10,48,6.3,0.25,4,70,5.0,6.0,0.99,,2786.3,3686.9,M02,HDPE film,30,1333.3,5.73,28,good,conventional (no gas modification),,,,,,N,2,N,0.81,0.0128,77,M13,PLA film,25,2,,synthetic_rule_physics_model
SCN01538,C026,"Chicken (raw, fresh)",meat_fish_chilled,chilled,S04,0.1,95.0,S10,6,0.1,0.1,4,70,5.0,6.0,0.99,,3041.3,17188.0,M02,HDPE film,20,2000.0,8.6,28,good,conventional (no gas modification),,,,,,N,5,Y,0.73,0.0116,77,M13,PLA film,20,5,,synthetic_rule_physics_model
SCN01539,C026,"Chicken (raw, fresh)",meat_fish_chilled,chilled,S05,4.8,74.0,S10,6,4.6,0.1,4,70,5.0,6.0,0.99,,2281.9,1732.1,M02,HDPE film,20,2000.0,8.6,28,good,conventional (no gas modification),,,,,,N,3,N,0.73,0.0116,77,M13,PLA film,20,3,,synthetic_rule_physics_model
SCN01540,C026,"Chicken (raw, fresh)",meat_fish_chilled,chilled,S04,2.0,86.0,S10,6,1.9,0.25,3,70,5.0,6.0,0.99,,4896.1,8181.1,M02,HDPE film,30,1333.3,5.73,28,good,conventional (no gas modification),,,,,,N,4,Y,0.81,0.0128,77,M13,PLA film,25,4,,synthetic_rule_physics_model
SCN01541,C026,"Chicken (raw, fresh)",meat_fish_chilled,chilled,S05,4.4,75.0,S10,48,3.0,0.25,3,70,5.0,6.0,0.99,,4564.4,4001.0,M02,HDPE film,30,1333.3,5.73,28,good,conventional (no gas modification),,,,,,N,4,Y,0.81,0.0128,77,M13,PLA film,25,4,,synthetic_rule_physics_model
SCN01542,C026,"Chicken (raw, fresh)",meat_fish_chilled,chilled,S05,3.7,76.0,S10,48,3.7,1.0,8,70,5.0,6.0,0.99,,100,2247.6,M10,Metallised BOPP / CPP laminate,45,50,1.0,130,good,MAP,0,30,70,,,Y,6,N,1.29,0.016,43,,,,,,synthetic_rule_physics_model
SCN01543,C026,"Chicken (raw, fresh)",meat_fish_chilled,chilled,S04,2.6,90.0,S10,48,3.4,1.0,4,70,5.0,6.0,0.99,,5270.4,12356.2,M03,"BOPP film (heat-sealable, coated)",30,1166.7,3.33,150,fair,conventional (no gas modification),,,,,,N,3,N,0.68,0.009,75,M02,HDPE film,60,3,,synthetic_rule_physics_model
SCN01544,C026,"Chicken (raw, fresh)",meat_fish_chilled,chilled,S05,3.6,71.0,S10,48,5.4,0.5,2,70,5.0,6.0,0.99,,7419.2,4868.8,M03,"BOPP film (heat-sealable, coated)",25,1400.0,4.0,150,fair,conventional (no gas modification),,,,,,N,3,Y,0.71,0.0094,75,M02,HDPE film,45,3,,synthetic_rule_physics_model
SCN01545,C026,"Chicken (raw, fresh)",meat_fish_chilled,chilled,S04,0.1,90.0,S10,48,0.6,0.25,6,70,5.0,6.0,0.99,,100,6985.2,M10,Metallised BOPP / CPP laminate,45,50,1.0,130,good,MAP,0,30,70,,,Y,9,Y,2.04,0.0252,43,,,,,,synthetic_rule_physics_model
SCN01546,C026,"Chicken (raw, fresh)",meat_fish_chilled,chilled,S05,6.7,83.0,S10,24,5.1,0.1,3,70,5.0,6.0,0.99,,2946.7,3452.3,M02,HDPE film,20,2000.0,8.6,28,good,conventional (no gas modification),,,,,,N,3,Y,0.73,0.0116,77,M13,PLA film,20,3,,synthetic_rule_physics_model
SCN01547,C026,"Chicken (raw, fresh)",meat_fish_chilled,chilled,S05,4.9,74.0,S10,48,6.0,0.25,3,70,5.0,6.0,0.99,,3785.9,2727.1,M02,HDPE film,30,1333.3,5.73,28,good,conventional (no gas modification),,,,,,N,2,N,0.81,0.0128,77,M13,PLA film,25,2,,synthetic_rule_physics_model
SCN01548,C026,"Chicken (raw, fresh)",meat_fish_chilled,chilled,S04,1.9,89.0,S10,48,2.5,0.5,4,70,5.0,6.0,0.99,,4437.5,9494.9,M03,"BOPP film (heat-sealable, coated)",25,1400.0,4.0,150,fair,conventional (no gas modification),,,,,,N,4,Y,0.71,0.0094,75,M02,HDPE film,45,4,,synthetic_rule_physics_model
SCN01549,C026,"Chicken (raw, fresh)",meat_fish_chilled,chilled,S05,7.2,71.0,S10,6,6.6,0.25,2,70,5.0,6.0,0.99,,5453.8,3417.3,M02,HDPE film,30,1333.3,5.73,28,good,conventional (no gas modification),,,,,,N,2,Y,0.81,0.0128,77,M13,PLA film,25,2,,synthetic_rule_physics_model
SCN01550,C026,"Chicken (raw, fresh)",meat_fish_chilled,chilled,S04,0.1,87.0,S10,48,0.1,1.0,4,70,5.0,6.0,0.99,,6488.0,13590.4,M03,"BOPP film (heat-sealable, coated)",30,1166.7,3.33,150,fair,conventional (no gas modification),,,,,,N,5,Y,0.68,0.009,75,M02,HDPE film,60,5,,synthetic_rule_physics_model
SCN01551,C026,"Chicken (raw, fresh)",meat_fish_chilled,chilled,S04,0.2,90.0,S10,48,1.3,1.0,6,70,5.0,6.0,0.99,,100,10533.0,M10,Metallised BOPP / CPP laminate,45,50,1.0,130,good,MAP,0,30,70,,,Y,9,Y,1.29,0.016,43,,,,,,synthetic_rule_physics_model
SCN01552,C026,"Chicken (raw, fresh)",meat_fish_chilled,chilled,S05,5.8,71.0,S10,48,6.5,1.0,4,70,5.0,6.0,0.99,,4350.6,2748.1,M03,"BOPP film (heat-sealable, coated)",30,1166.7,3.33,150,fair,conventional (no gas modification),,,,,,N,2,N,0.68,0.009,75,M02,HDPE film,60,2,,synthetic_rule_physics_model
SCN01553,C026,"Chicken (raw, fresh)",meat_fish_chilled,chilled,S05,3.7,85.0,S10,6,3.8,0.5,6,70,5.0,6.0,0.99,,100,4015.4,M10,Metallised BOPP / CPP laminate,45,50,1.0,130,good,MAP,0,30,70,,,Y,6,Y,1.62,0.0201,43,,,,,,synthetic_rule_physics_model
SCN01554,C026,"Chicken (raw, fresh)",meat_fish_chilled,chilled,S04,1.2,95.0,S10,24,2.3,1.0,3,70,5.0,6.0,0.99,,7521.2,36892.1,M03,"BOPP film (heat-sealable, coated)",30,1166.7,3.33,150,fair,conventional (no gas modification),,,,,,N,4,Y,0.68,0.009,75,M02,HDPE film,60,4,,synthetic_rule_physics_model
SCN01555,C026,"Chicken (raw, fresh)",meat_fish_chilled,chilled,S05,3.0,71.0,S10,6,2.9,1.0,2,70,5.0,6.0,0.99,,10884.2,8346.9,M03,"BOPP film (heat-sealable, coated)",30,1166.7,3.33,150,fair,conventional (no gas modification),,,,,,N,3,Y,0.68,0.009,75,M02,HDPE film,60,4,,synthetic_rule_physics_model
SCN01556,C026,"Chicken (raw, fresh)",meat_fish_chilled,chilled,S05,5.5,72.0,S10,24,5.8,0.5,6,70,5.0,6.0,0.99,,100,1599.9,M10,Metallised BOPP / CPP laminate,45,50,1.0,130,good,MAP,0,30,70,,,Y,5,N,1.62,0.0201,43,,,,,,synthetic_rule_physics_model
SCN01557,C026,"Chicken (raw, fresh)",meat_fish_chilled,chilled,S05,6.7,83.0,S10,6,6.5,0.5,8,70,5.0,6.0,0.99,,100,1835.0,M10,Metallised BOPP / CPP laminate,45,50,1.0,130,good,MAP,0,30,70,,,Y,4,N,1.62,0.0201,43,,,,,,synthetic_rule_physics_model
SCN01558,C026,"Chicken (raw, fresh)",meat_fish_chilled,chilled,S04,0.1,90.0,S10,6,0.3,1.0,6,70,5.0,6.0,0.99,,100,11511.1,M10,Metallised BOPP / CPP laminate,45,50,1.0,130,good,MAP,0,30,70,,,Y,10,Y,1.29,0.016,43,,,,,,synthetic_rule_physics_model
SCN01559,C026,"Chicken (raw, fresh)",meat_fish_chilled,chilled,S05,3.5,73.0,S10,6,3.6,0.25,6,70,5.0,6.0,0.99,,100,1712.4,M10,Metallised BOPP / CPP laminate,45,50,1.0,130,good,MAP,0,30,70,,,Y,6,Y,2.04,0.0252,43,,,,,,synthetic_rule_physics_model
SCN01560,C026,"Chicken (raw, fresh)",meat_fish_chilled,chilled,S05,6.5,80.0,S10,6,6.3,0.5,4,70,5.0,6.0,0.99,,3504.6,3277.4,M03,"BOPP film (heat-sealable, coated)",25,1400.0,4.0,150,fair,conventional (no gas modification),,,,,,N,2,N,0.71,0.0094,75,M02,HDPE film,45,2,,synthetic_rule_physics_model
SCN01561,C027,Mutton / goat meat (raw),meat_fish_chilled,chilled,S05,6.3,85.0,S10,6,6.1,1.0,8,72,8.0,5.7,0.99,,100,2931.3,M10,Metallised BOPP / CPP laminate,45,50,1.0,130,good,MAP,70,30,0,,,Y,5,N,1.29,0.016,43,,,,,,synthetic_rule_physics_model
SCN01562,C027,Mutton / goat meat (raw),meat_fish_chilled,chilled,S04,1.5,88.0,S10,6,1.6,1.0,10,72,8.0,5.7,0.99,,100,4907.3,M10,Metallised BOPP / CPP laminate,45,50,1.0,130,good,MAP,70,30,0,,,Y,9,N,1.29,0.016,43,,,,,,synthetic_rule_physics_model
SCN01563,C027,Mutton / goat meat (raw),meat_fish_chilled,chilled,S04,3.4,88.0,S10,24,3.2,0.25,10,72,8.0,5.7,0.99,,100,2535.4,M10,Metallised BOPP / CPP laminate,45,50,1.0,130,good,MAP,70,30,0,,,Y,7,N,2.04,0.0252,43,,,,,,synthetic_rule_physics_model
SCN01564,C027,Mutton / goat meat (raw),meat_fish_chilled,chilled,S04,0.3,92.0,S10,6,0.5,0.1,4,72,8.0,5.7,0.99,,2960.2,10817.5,M02,HDPE film,20,2000.0,8.6,28,good,conventional (no gas modification),,,,,,N,6,Y,0.73,0.0116,77,M13,PLA film,20,6,,synthetic_rule_physics_model
SCN01565,C027,Mutton / goat meat (raw),meat_fish_chilled,chilled,S04,3.9,89.0,S10,6,4.0,0.5,10,72,8.0,5.7,0.99,,100,3122.1,M10,Metallised BOPP / CPP laminate,45,50,1.0,130,good,MAP,70,30,0,,,Y,7,N,1.62,0.0201,43,,,,,,synthetic_rule_physics_model
SCN01566,C027,Mutton / goat meat (raw),meat_fish_chilled,chilled,S04,3.6,88.0,S10,6,3.6,0.1,10,72,8.0,5.7,0.99,,100,1858.6,M10,Metallised BOPP / CPP laminate,45,50,1.0,130,good,MAP,70,30,0,,,Y,7,N,2.76,0.0341,43,,,,,,synthetic_rule_physics_model
SCN01567,C027,Mutton / goat meat (raw),meat_fish_chilled,chilled,S04,1.6,95.0,S10,24,1.9,0.1,10,72,8.0,5.7,0.99,,100,5993.3,M10,Metallised BOPP / CPP laminate,45,50,1.0,130,good,MAP,70,30,0,,,Y,8,N,2.76,0.0341,43,,,,,,synthetic_rule_physics_model
SCN01568,C027,Mutton / goat meat (raw),meat_fish_chilled,chilled,S04,1.8,94.0,S10,48,2.9,0.1,8,72,8.0,5.7,0.99,,100,4905.9,M10,Metallised BOPP / CPP laminate,45,50,1.0,130,good,MAP,70,30,0,,,Y,8,Y,2.76,0.0341,43,,,,,,synthetic_rule_physics_model
SCN01569,C027,Mutton / goat meat (raw),meat_fish_chilled,chilled,S04,1.4,87.0,S10,48,2.3,0.5,5,72,8.0,5.7,0.99,,3604.9,6403.6,M03,"BOPP film (heat-sealable, coated)",25,1400.0,4.0,150,fair,conventional (no gas modification),,,,,,N,5,Y,0.71,0.0094,75,M02,HDPE film,45,5,,synthetic_rule_physics_model
SCN01570,C027,Mutton / goat meat (raw),meat_fish_chilled,chilled,S05,4.2,90.0,S10,6,4.1,0.25,8,72,8.0,5.7,0.99,,100,3396.2,M10,Metallised BOPP / CPP laminate,45,50,1.0,130,good,MAP,70,30,0,,,Y,6,N,2.04,0.0252,43,,,,,,synthetic_rule_physics_model
SCN01571,C027,Mutton / goat meat (raw),meat_fish_chilled,chilled,S05,3.2,71.0,S10,6,3.1,1.0,4,72,8.0,5.7,0.99,,5385.4,4070.5,M03,"BOPP film (heat-sealable, coated)",30,1166.7,3.33,150,fair,conventional (no gas modification),,,,,,N,4,Y,0.68,0.009,75,M02,HDPE film,60,4,,synthetic_rule_physics_model
SCN01572,C027,Mutton / goat meat (raw),meat_fish_chilled,chilled,S04,1.3,87.0,S10,24,1.8,0.5,4,72,8.0,5.7,0.99,,4646.0,9034.4,M03,"BOPP film (heat-sealable, coated)",25,1400.0,4.0,150,fair,conventional (no gas modification),,,,,,N,5,Y,0.71,0.0094,75,M02,HDPE film,45,5,,synthetic_rule_physics_model
SCN01573,C027,Mutton / goat meat (raw),meat_fish_chilled,chilled,S04,1.4,85.0,S10,24,2.6,1.0,4,72,8.0,5.7,0.99,,5528.9,8805.9,M03,"BOPP film (heat-sealable, coated)",30,1166.7,3.33,150,fair,conventional (no gas modification),,,,,,N,4,Y,0.68,0.009,75,M02,HDPE film,60,5,,synthetic_rule_physics_model
SCN01574,C027,Mutton / goat meat (raw),meat_fish_chilled,chilled,S05,7.3,79.0,S10,48,6.8,1.0,5,72,8.0,5.7,0.99,,3419.4,2939.8,M03,"BOPP film (heat-sealable, coated)",30,1166.7,3.33,150,fair,conventional (no gas modification),,,,,,N,3,N,0.68,0.009,75,M02,HDPE film,60,3,,synthetic_rule_physics_model
SCN01575,C027,Mutton / goat meat (raw),meat_fish_chilled,chilled,S05,3.8,75.0,S10,6,4.0,0.5,4,72,8.0,5.7,0.99,,4033.2,3354.8,M03,"BOPP film (heat-sealable, coated)",25,1400.0,4.0,150,fair,conventional (no gas modification),,,,,,N,4,Y,0.71,0.0094,75,M02,HDPE film,45,4,,synthetic_rule_physics_model
SCN01576,C027,Mutton / goat meat (raw),meat_fish_chilled,chilled,S05,7.8,88.0,S10,48,6.0,0.1,5,72,8.0,5.7,0.99,,1676.4,2767.7,M02,HDPE film,25,1600.0,6.88,28,good,conventional (no gas modification),,,,,,N,3,N,0.91,0.0145,77,M13,PLA film,20,3,,synthetic_rule_physics_model
SCN01577,C027,Mutton / goat meat (raw),meat_fish_chilled,chilled,S04,0.4,93.0,S10,48,0.9,0.25,5,72,8.0,5.7,0.99,,3128.4,11803.4,M02,HDPE film,30,1333.3,5.73,28,good,conventional (no gas modification),,,,,,N,6,Y,0.81,0.0128,77,M13,PLA film,25,5,,synthetic_rule_physics_model
SCN01578,C027,Mutton / goat meat (raw),meat_fish_chilled,chilled,S05,5.7,88.0,S10,48,5.5,0.25,8,72,8.0,5.7,0.99,,100,2413.3,M10,Metallised BOPP / CPP laminate,45,50,1.0,130,good,MAP,70,30,0,,,Y,6,N,2.04,0.0252,43,,,,,,synthetic_rule_physics_model
SCN01579,C027,Mutton / goat meat (raw),meat_fish_chilled,chilled,S05,5.7,81.0,S10,24,3.6,0.5,2,72,8.0,5.7,0.99,,8290.1,9295.4,M03,"BOPP film (heat-sealable, coated)",25,1400.0,4.0,150,fair,conventional (no gas modification),,,,,,N,4,Y,0.71,0.0094,75,M02,HDPE film,45,4,,synthetic_rule_physics_model
SCN01580,C027,Mutton / goat meat (raw),meat_fish_chilled,chilled,S04,3.3,89.0,S10,48,4.8,0.25,5,72,8.0,5.7,0.99,,2441.6,4746.1,M02,HDPE film,30,1333.3,5.73,28,good,conventional (no gas modification),,,,,,N,3,N,0.81,0.0128,77,M13,PLA film,25,4,,synthetic_rule_physics_model
SCN01581,C027,Mutton / goat meat (raw),meat_fish_chilled,chilled,S05,7.3,86.0,S10,6,7.1,1.0,5,72,8.0,5.7,0.99,,3345.3,4458.1,M03,"BOPP film (heat-sealable, coated)",30,1166.7,3.33,150,fair,conventional (no gas modification),,,,,,N,3,N,0.68,0.009,75,M02,HDPE film,60,3,,synthetic_rule_physics_model
SCN01582,C027,Mutton / goat meat (raw),meat_fish_chilled,chilled,S05,5.2,78.0,S10,48,5.7,0.5,10,72,8.0,5.7,0.99,,100,1252.5,M10,Metallised BOPP / CPP laminate,45,50,1.0,130,good,MAP,70,30,0,,,Y,5,N,1.62,0.0201,43,,,,,,synthetic_rule_physics_model
SCN01583,C027,Mutton / goat meat (raw),meat_fish_chilled,chilled,S05,3.1,87.0,S10,48,3.7,0.5,10,72,8.0,5.7,0.99,,100,2876.5,M10,Metallised BOPP / CPP laminate,45,50,1.0,130,good,MAP,70,30,0,,,Y,8,N,1.62,0.0201,43,,,,,,synthetic_rule_physics_model
SCN01584,C027,Mutton / goat meat (raw),meat_fish_chilled,chilled,S04,2.6,88.0,S10,48,2.5,1.0,10,72,8.0,5.7,0.99,,100,4355.0,M10,Metallised BOPP / CPP laminate,45,50,1.0,130,good,MAP,70,30,0,,,Y,8,N,1.29,0.016,43,,,,,,synthetic_rule_physics_model
SCN01585,C027,Mutton / goat meat (raw),meat_fish_chilled,chilled,S04,2.2,87.0,S10,6,2.1,0.25,8,72,8.0,5.7,0.99,,100,3334.0,M10,Metallised BOPP / CPP laminate,45,50,1.0,130,good,MAP,70,30,0,,,Y,9,Y,2.04,0.0252,43,,,,,,synthetic_rule_physics_model
SCN01586,C027,Mutton / goat meat (raw),meat_fish_chilled,chilled,S05,3.8,76.0,S10,48,2.8,1.0,4,72,8.0,5.7,0.99,,5465.5,5028.7,M03,"BOPP film (heat-sealable, coated)",30,1166.7,3.33,150,fair,conventional (no gas modification),,,,,,N,5,Y,0.68,0.009,75,M02,HDPE film,60,5,,synthetic_rule_physics_model
SCN01587,C027,Mutton / goat meat (raw),meat_fish_chilled,chilled,S05,4.5,81.0,S10,6,4.0,0.25,2,72,8.0,5.7,0.99,,6406.0,7030.4,M02,HDPE film,30,1333.3,5.73,28,good,conventional (no gas modification),,,,,,N,4,Y,0.81,0.0128,77,M13,PLA film,25,4,,synthetic_rule_physics_model
SCN01588,C027,Mutton / goat meat (raw),meat_fish_chilled,chilled,S05,6.8,75.0,S10,48,6.5,0.5,2,72,8.0,5.7,0.99,,6905.7,5101.2,M03,"BOPP film (heat-sealable, coated)",25,1400.0,4.0,150,fair,conventional (no gas modification),,,,,,N,3,Y,0.71,0.0094,75,M02,HDPE film,45,3,,synthetic_rule_physics_model
SCN01589,C027,Mutton / goat meat (raw),meat_fish_chilled,chilled,S04,0.5,92.0,S10,6,0.5,0.1,5,72,8.0,5.7,0.99,,2372.0,7857.4,M02,HDPE film,20,2000.0,8.6,28,good,conventional (no gas modification),,,,,,N,6,Y,0.73,0.0116,77,M13,PLA film,20,6,,synthetic_rule_physics_model
SCN01590,C027,Mutton / goat meat (raw),meat_fish_chilled,chilled,S05,6.6,88.0,S10,6,6.8,0.1,2,72,8.0,5.7,0.99,,3999.6,6383.0,M02,HDPE film,20,2000.0,8.6,28,good,conventional (no gas modification),,,,,,N,3,Y,0.73,0.0116,77,M13,PLA film,20,3,,synthetic_rule_physics_model
SCN01591,C027,Mutton / goat meat (raw),meat_fish_chilled,chilled,S05,5.7,80.0,S10,24,5.5,0.1,5,72,8.0,5.7,0.99,,1724.6,1630.5,M02,HDPE film,25,1600.0,6.88,28,good,conventional (no gas modification),,,,,,N,3,N,0.91,0.0145,77,M13,PLA film,20,3,,synthetic_rule_physics_model
SCN01592,C027,Mutton / goat meat (raw),meat_fish_chilled,chilled,S05,6.9,78.0,S10,48,6.5,1.0,10,72,8.0,5.7,0.99,,100,1448.9,M10,Metallised BOPP / CPP laminate,45,50,1.0,130,good,MAP,70,30,0,,,Y,5,N,1.29,0.016,43,,,,,,synthetic_rule_physics_model
SCN01593,C027,Mutton / goat meat (raw),meat_fish_chilled,chilled,S05,7.9,85.0,S10,24,7.8,1.0,10,72,8.0,5.7,0.99,,100,1845.5,M10,Metallised BOPP / CPP laminate,45,50,1.0,130,good,MAP,70,30,0,,,Y,4,N,1.29,0.016,43,,,,,,synthetic_rule_physics_model
SCN01594,C027,Mutton / goat meat (raw),meat_fish_chilled,chilled,S04,0.2,90.0,S10,24,0.7,0.5,5,72,8.0,5.7,0.99,,3981.5,10076.5,M03,"BOPP film (heat-sealable, coated)",25,1400.0,4.0,150,fair,conventional (no gas modification),,,,,,N,6,Y,0.71,0.0094,75,M02,HDPE film,45,6,,synthetic_rule_physics_model
SCN01595,C027,Mutton / goat meat (raw),meat_fish_chilled,chilled,S04,1.9,86.0,S10,6,1.9,0.1,10,72,8.0,5.7,0.99,,100,1917.8,M10,Metallised BOPP / CPP laminate,45,50,1.0,130,good,MAP,70,30,0,,,Y,9,N,2.76,0.0341,43,,,,,,synthetic_rule_physics_model
SCN01596,C027,Mutton / goat meat (raw),meat_fish_chilled,chilled,S04,2.2,91.0,S10,6,2.2,0.1,5,72,8.0,5.7,0.99,,2134.2,5562.2,M02,HDPE film,20,2000.0,8.6,28,good,conventional (no gas modification),,,,,,N,5,Y,0.73,0.0116,77,M13,PLA film,20,5,,synthetic_rule_physics_model
SCN01597,C027,Mutton / goat meat (raw),meat_fish_chilled,chilled,S04,3.4,86.0,S10,24,4.3,0.25,5,72,8.0,5.7,0.99,,2523.8,3689.1,M02,HDPE film,30,1333.3,5.73,28,good,conventional (no gas modification),,,,,,N,4,N,0.81,0.0128,77,M13,PLA film,25,4,,synthetic_rule_physics_model
SCN01598,C027,Mutton / goat meat (raw),meat_fish_chilled,chilled,S05,7.9,90.0,S10,6,7.8,0.5,8,72,8.0,5.7,0.99,,100,2743.3,M10,Metallised BOPP / CPP laminate,45,50,1.0,130,good,MAP,70,30,0,,,Y,4,N,1.62,0.0201,43,,,,,,synthetic_rule_physics_model
SCN01599,C027,Mutton / goat meat (raw),meat_fish_chilled,chilled,S04,0.4,86.0,S10,6,0.6,0.1,5,72,8.0,5.7,0.99,,2357.4,4503.0,M02,HDPE film,20,2000.0,8.6,28,good,conventional (no gas modification),,,,,,N,6,Y,0.73,0.0116,77,M13,PLA film,20,6,,synthetic_rule_physics_model
SCN01600,C027,Mutton / goat meat (raw),meat_fish_chilled,chilled,S04,3.6,87.0,S10,24,4.7,0.25,2,72,8.0,5.7,0.99,,6152.7,9721.9,M02,HDPE film,30,1333.3,5.73,28,good,conventional (no gas modification),,,,,,N,4,Y,0.81,0.0128,77,M13,PLA film,25,3,,synthetic_rule_physics_model
SCN01601,C027,Mutton / goat meat (raw),meat_fish_chilled,chilled,S05,7.6,72.0,S10,48,7.5,0.5,10,72,8.0,5.7,0.99,,100,781.2,M10,Metallised BOPP / CPP laminate,45,50,1.0,130,good,MAP,70,30,0,,,Y,5,N,1.62,0.0201,43,,,,,,synthetic_rule_physics_model
SCN01602,C027,Mutton / goat meat (raw),meat_fish_chilled,chilled,S04,3.6,93.0,S10,48,5.1,1.0,2,72,8.0,5.7,0.99,,9485.3,27573.3,M03,"BOPP film (heat-sealable, coated)",30,1166.7,3.33,150,fair,conventional (no gas modification),,,,,,N,3,Y,0.68,0.009,75,M02,HDPE film,60,4,,synthetic_rule_physics_model
SCN01603,C027,Mutton / goat meat (raw),meat_fish_chilled,chilled,S04,0.4,94.0,S10,24,1.2,0.1,8,72,8.0,5.7,0.99,,100,7237.8,M10,Metallised BOPP / CPP laminate,45,50,1.0,130,good,MAP,70,30,0,,,Y,9,Y,2.76,0.0341,43,,,,,,synthetic_rule_physics_model
SCN01604,C027,Mutton / goat meat (raw),meat_fish_chilled,chilled,S04,3.8,94.0,S10,48,3.5,0.25,10,72,8.0,5.7,0.99,,100,5364.2,M10,Metallised BOPP / CPP laminate,45,50,1.0,130,good,MAP,70,30,0,,,Y,7,N,2.04,0.0252,43,,,,,,synthetic_rule_physics_model
SCN01605,C027,Mutton / goat meat (raw),meat_fish_chilled,chilled,S05,6.2,70.0,S10,6,6.1,0.25,10,72,8.0,5.7,0.99,,100,698.2,M10,Metallised BOPP / CPP laminate,45,50,1.0,130,good,MAP,70,30,0,,,Y,5,N,2.04,0.0252,43,,,,,,synthetic_rule_physics_model
SCN01606,C027,Mutton / goat meat (raw),meat_fish_chilled,chilled,S05,4.4,86.0,S10,24,3.2,0.25,2,72,8.0,5.7,0.99,,6747.7,10731.8,M02,HDPE film,30,1333.3,5.73,28,good,conventional (no gas modification),,,,,,N,4,Y,0.81,0.0128,77,M13,PLA film,25,4,,synthetic_rule_physics_model
SCN01607,C027,Mutton / goat meat (raw),meat_fish_chilled,chilled,S04,2.1,88.0,S10,6,2.2,0.5,5,72,8.0,5.7,0.99,,3609.2,7521.2,M03,"BOPP film (heat-sealable, coated)",25,1400.0,4.0,150,fair,conventional (no gas modification),,,,,,N,5,Y,0.71,0.0094,75,M02,HDPE film,45,5,,synthetic_rule_physics_model
SCN01608,C027,Mutton / goat meat (raw),meat_fish_chilled,chilled,S05,4.3,82.0,S10,48,2.9,0.25,5,72,8.0,5.7,0.99,,2748.6,3445.5,M02,HDPE film,30,1333.3,5.73,28,good,conventional (no gas modification),,,,,,N,4,N,0.81,0.0128,77,M13,PLA film,25,5,,synthetic_rule_physics_model
SCN01609,C027,Mutton / goat meat (raw),meat_fish_chilled,chilled,S05,3.6,83.0,S10,48,2.3,0.25,2,72,8.0,5.7,0.99,,7156.9,10080.4,M02,HDPE film,30,1333.3,5.73,28,good,conventional (no gas modification),,,,,,N,5,Y,0.81,0.0128,77,M13,PLA film,25,5,,synthetic_rule_physics_model
SCN01610,C027,Mutton / goat meat (raw),meat_fish_chilled,chilled,S05,4.4,72.0,S10,24,3.3,0.1,2,72,8.0,5.7,0.99,,4961.2,3849.1,M02,HDPE film,20,2000.0,8.6,28,good,conventional (no gas modification),,,,,,N,4,Y,0.73,0.0116,77,M13,PLA film,20,4,,synthetic_rule_physics_model
SCN01611,C027,Mutton / goat meat (raw),meat_fish_chilled,chilled,S04,2.9,93.0,S10,48,2.8,1.0,8,72,8.0,5.7,0.99,,100,9477.4,M10,Metallised BOPP / CPP laminate,45,50,1.0,130,good,MAP,70,30,0,,,Y,8,Y,1.29,0.016,43,,,,,,synthetic_rule_physics_model
SCN01612,C027,Mutton / goat meat (raw),meat_fish_chilled,chilled,S05,4.4,83.0,S10,6,4.2,1.0,5,72,8.0,5.7,0.99,,4006.6,5026.2,M03,"BOPP film (heat-sealable, coated)",30,1166.7,3.33,150,fair,conventional (no gas modification),,,,,,N,4,N,0.68,0.009,75,M02,HDPE film,60,4,,synthetic_rule_physics_model
SCN01613,C027,Mutton / goat meat (raw),meat_fish_chilled,chilled,S05,5.4,89.0,S10,6,5.3,1.0,8,72,8.0,5.7,0.99,,100,4328.0,M10,Metallised BOPP / CPP laminate,45,50,1.0,130,good,MAP,70,30,0,,,Y,6,N,1.29,0.016,43,,,,,,synthetic_rule_physics_model
SCN01614,C027,Mutton / goat meat (raw),meat_fish_chilled,chilled,S04,1.8,88.0,S10,24,2.9,0.25,5,72,8.0,5.7,0.99,,2757.9,5273.2,M02,HDPE film,30,1333.3,5.73,28,good,conventional (no gas modification),,,,,,N,5,Y,0.81,0.0128,77,M13,PLA film,25,5,,synthetic_rule_physics_model
SCN01615,C027,Mutton / goat meat (raw),meat_fish_chilled,chilled,S04,3.1,86.0,S10,6,3.0,0.25,8,72,8.0,5.7,0.99,,100,2694.1,M10,Metallised BOPP / CPP laminate,45,50,1.0,130,good,MAP,70,30,0,,,Y,8,Y,2.04,0.0252,43,,,,,,synthetic_rule_physics_model
SCN01616,C027,Mutton / goat meat (raw),meat_fish_chilled,chilled,S05,4.4,80.0,S10,6,4.3,0.25,8,72,8.0,5.7,0.99,,100,1595.1,M10,Metallised BOPP / CPP laminate,45,50,1.0,130,good,MAP,70,30,0,,,Y,7,N,2.04,0.0252,43,,,,,,synthetic_rule_physics_model
SCN01617,C027,Mutton / goat meat (raw),meat_fish_chilled,chilled,S04,0.9,94.0,S10,48,3.5,0.1,5,72,8.0,5.7,0.99,,1958.2,8896.9,M02,HDPE film,25,1600.0,6.88,28,good,conventional (no gas modification),,,,,,N,4,N,0.91,0.0145,77,M13,PLA film,20,4,,synthetic_rule_physics_model
SCN01618,C027,Mutton / goat meat (raw),meat_fish_chilled,chilled,S04,3.4,90.0,S10,6,3.4,0.1,10,72,8.0,5.7,0.99,,100,2292.4,M10,Metallised BOPP / CPP laminate,45,50,1.0,130,good,MAP,70,30,0,,,Y,7,N,2.76,0.0341,43,,,,,,synthetic_rule_physics_model
SCN01619,C027,Mutton / goat meat (raw),meat_fish_chilled,chilled,S04,1.1,93.0,S10,48,2.2,0.25,8,72,8.0,5.7,0.99,,100,6733.4,M10,Metallised BOPP / CPP laminate,45,50,1.0,130,good,MAP,70,30,0,,,Y,9,Y,2.04,0.0252,43,,,,,,synthetic_rule_physics_model
SCN01620,C027,Mutton / goat meat (raw),meat_fish_chilled,chilled,S04,2.8,91.0,S10,6,2.6,0.25,4,72,8.0,5.7,0.99,,3511.5,8957.8,M02,HDPE film,30,1333.3,5.73,28,good,conventional (no gas modification),,,,,,N,5,Y,0.81,0.0128,77,M13,PLA film,25,5,,synthetic_rule_physics_model
SCN01621,C028,Fish fillet (fresh),meat_fish_chilled,chilled,S04,2.8,88.0,S10,24,3.0,0.5,2,78,3.0,6.6,0.99,,8624.0,16168.7,M03,"BOPP film (heat-sealable, coated)",25,1400.0,4.0,150,fair,conventional (no gas modification),,,,,,N,2,Y,0.71,0.0094,75,M02,HDPE film,45,2,,synthetic_rule_physics_model
SCN01622,C028,Fish fillet (fresh),meat_fish_chilled,chilled,S04,0.2,88.0,S10,6,0.3,0.5,4,78,3.0,6.6,0.99,,50,11781.6,M10,Metallised BOPP / CPP laminate,45,50,1.0,130,good,MAP,30,40,30,,,Y,6,Y,1.62,0.0201,43,,,,,,synthetic_rule_physics_model
SCN01623,C028,Fish fillet (fresh),meat_fish_chilled,chilled,S04,2.2,92.0,S10,6,2.6,0.25,4,78,3.0,6.6,0.99,,50,10708.9,M10,Metallised BOPP / CPP laminate,45,50,1.0,130,good,MAP,30,40,30,,,Y,4,Y,2.04,0.0252,43,,,,,,synthetic_rule_physics_model
SCN01624,C028,Fish fillet (fresh),meat_fish_chilled,chilled,S05,3.4,84.0,S10,48,3.4,0.25,2,78,3.0,6.6,0.99,,6659.2,8921.9,M02,HDPE film,30,1333.3,5.73,28,good,conventional (no gas modification),,,,,,N,2,Y,0.81,0.0128,77,M13,PLA film,25,2,,synthetic_rule_physics_model
SCN01625,C028,Fish fillet (fresh),meat_fish_chilled,chilled,S04,0.0,91.0,S10,6,0.3,1.0,2,78,3.0,6.6,0.99,,12822.6,38646.7,M03,"BOPP film (heat-sealable, coated)",30,1166.7,3.33,150,fair,conventional (no gas modification),,,,,,N,3,Y,0.68,0.009,75,M02,HDPE film,60,3,,synthetic_rule_physics_model
SCN01626,C028,Fish fillet (fresh),meat_fish_chilled,chilled,S04,3.2,93.0,S10,24,3.9,0.25,2,78,3.0,6.6,0.99,,6446.9,21211.0,M02,HDPE film,30,1333.3,5.73,28,good,conventional (no gas modification),,,,,,N,2,Y,0.81,0.0128,77,M13,PLA film,25,2,,synthetic_rule_physics_model
SCN01627,C028,Fish fillet (fresh),meat_fish_chilled,chilled,S05,6.5,70.0,S10,24,6.5,0.25,4,78,3.0,6.6,0.99,,50,1664.1,M10,Metallised BOPP / CPP laminate,45,50,1.0,130,good,MAP,30,40,30,,,Y,2,N,2.04,0.0252,43,,,,,,synthetic_rule_physics_model
SCN01628,C028,Fish fillet (fresh),meat_fish_chilled,chilled,S04,2.0,87.0,S10,24,1.3,0.5,3,78,3.0,6.6,0.99,,6369.3,12582.3,M03,"BOPP film (heat-sealable, coated)",25,1400.0,4.0,150,fair,conventional (no gas modification),,,,,,N,3,Y,0.71,0.0094,75,M02,HDPE film,45,3,,synthetic_rule_physics_model
SCN01629,C028,Fish fillet (fresh),meat_fish_chilled,chilled,S05,7.9,81.0,S10,48,5.4,0.25,2,78,3.0,6.6,0.99,,5903.6,6236.5,M02,HDPE film,30,1333.3,5.73,28,good,conventional (no gas modification),,,,,,N,2,Y,0.81,0.0128,77,M13,PLA film,25,2,,synthetic_rule_physics_model
SCN01630,C028,Fish fillet (fresh),meat_fish_chilled,chilled,S05,4.0,76.0,S10,6,3.9,0.25,2,78,3.0,6.6,0.99,,6449.7,5595.6,M02,HDPE film,30,1333.3,5.73,28,good,conventional (no gas modification),,,,,,N,2,Y,0.81,0.0128,77,M13,PLA film,25,2,,synthetic_rule_physics_model
SCN01631,C028,Fish fillet (fresh),meat_fish_chilled,chilled,S04,3.0,93.0,S10,24,3.2,0.1,2,78,3.0,6.6,0.99,,4994.0,16314.0,M02,HDPE film,20,2000.0,8.6,28,good,conventional (no gas modification),,,,,,N,2,Y,0.73,0.0116,77,M13,PLA film,20,2,,synthetic_rule_physics_model
SCN01632,C028,Fish fillet (fresh),meat_fish_chilled,chilled,S04,0.7,93.0,S10,6,0.7,0.25,2,78,3.0,6.6,0.99,,7921.3,34092.0,M02,HDPE film,30,1333.3,5.73,28,good,conventional (no gas modification),,,,,,N,3,Y,0.81,0.0128,77,M13,PLA film,25,3,,synthetic_rule_physics_model
SCN01633,C028,Fish fillet (fresh),meat_fish_chilled,chilled,S04,3.3,88.0,S10,6,3.3,0.5,4,78,3.0,6.6,0.99,,50,7701.3,M10,Metallised BOPP / CPP laminate,45,50,1.0,130,good,MAP,30,40,30,,,Y,4,Y,1.62,0.0201,43,,,,,,synthetic_rule_physics_model
SCN01634,C028,Fish fillet (fresh),meat_fish_chilled,chilled,S05,4.1,79.0,S10,24,4.9,1.0,3,78,3.0,6.6,0.99,,6378.6,6044.5,M03,"BOPP film (heat-sealable, coated)",30,1166.7,3.33,150,fair,conventional (no gas modification),,,,,,N,2,N,0.68,0.009,75,M02,HDPE film,60,2,,synthetic_rule_physics_model
SCN01635,C028,Fish fillet (fresh),meat_fish_chilled,chilled,S05,6.9,70.0,S10,48,5.3,1.0,2,78,3.0,6.6,0.99,,9352.0,6081.4,M03,"BOPP film (heat-sealable, coated)",30,1166.7,3.33,150,fair,conventional (no gas modification),,,,,,N,2,Y,0.68,0.009,75,M02,HDPE film,60,2,,synthetic_rule_physics_model
SCN01636,C028,Fish fillet (fresh),meat_fish_chilled,chilled,S05,4.1,84.0,S10,48,2.9,1.0,4,78,3.0,6.6,0.99,,50,7740.9,M10,Metallised BOPP / CPP laminate,45,50,1.0,130,good,MAP,30,40,30,,,Y,4,Y,1.29,0.016,43,,,,,,synthetic_rule_physics_model
SCN01637,C028,Fish fillet (fresh),meat_fish_chilled,chilled,S05,6.7,73.0,S10,6,6.4,0.25,2,78,3.0,6.6,0.99,,5538.6,3697.7,M02,HDPE film,30,1333.3,5.73,28,good,conventional (no gas modification),,,,,,N,1,N,0.81,0.0128,77,M13,PLA film,25,1,,synthetic_rule_physics_model
SCN01638,C028,Fish fillet (fresh),meat_fish_chilled,chilled,S05,7.4,75.0,S10,24,5.9,0.1,3,78,3.0,6.6,0.99,,2821.1,2109.1,M02,HDPE film,20,2000.0,8.6,28,good,conventional (no gas modification),,,,,,N,2,N,0.73,0.0116,77,M13,PLA film,20,2,,synthetic_rule_physics_model
SCN01639,C028,Fish fillet (fresh),meat_fish_chilled,chilled,S04,1.7,94.0,S10,48,3.6,0.25,2,78,3.0,6.6,0.99,,6590.2,24479.4,M02,HDPE film,30,1333.3,5.73,28,good,conventional (no gas modification),,,,,,N,2,Y,0.81,0.0128,77,M13,PLA film,25,2,,synthetic_rule_physics_model
SCN01640,C028,Fish fillet (fresh),meat_fish_chilled,chilled,S04,2.5,86.0,S10,6,2.6,0.5,3,78,3.0,6.6,0.99,,5868.7,9574.2,M03,"BOPP film (heat-sealable, coated)",25,1400.0,4.0,150,fair,conventional (no gas modification),,,,,,N,2,N,0.71,0.0094,75,M02,HDPE film,45,2,,synthetic_rule_physics_model
SCN01641,C028,Fish fillet (fresh),meat_fish_chilled,chilled,S04,2.7,85.0,S10,48,1.7,0.5,2,78,3.0,6.6,0.99,,9343.5,15403.2,M03,"BOPP film (heat-sealable, coated)",25,1400.0,4.0,150,fair,conventional (no gas modification),,,,,,N,3,Y,0.71,0.0094,75,M02,HDPE film,45,3,,synthetic_rule_physics_model
SCN01642,C028,Fish fillet (fresh),meat_fish_chilled,chilled,S04,0.8,95.0,S10,48,3.0,0.5,2,78,3.0,6.6,0.99,,8619.7,40773.4,M03,"BOPP film (heat-sealable, coated)",25,1400.0,4.0,150,fair,conventional (no gas modification),,,,,,N,2,Y,0.71,0.0094,75,M02,HDPE film,45,2,,synthetic_rule_physics_model
SCN01643,C028,Fish fillet (fresh),meat_fish_chilled,chilled,S05,7.9,76.0,S10,24,7.4,0.5,3,78,3.0,6.6,0.99,,4359.1,3186.5,M03,"BOPP film (heat-sealable, coated)",25,1400.0,4.0,150,fair,conventional (no gas modification),,,,,,N,1,N,0.71,0.0094,75,M02,HDPE film,45,1,,synthetic_rule_physics_model
SCN01644,C028,Fish fillet (fresh),meat_fish_chilled,chilled,S04,2.7,90.0,S10,6,2.9,0.1,2,78,3.0,6.6,0.99,,5101.3,12611.9,M02,HDPE film,20,2000.0,8.6,28,good,conventional (no gas modification),,,,,,N,2,Y,0.73,0.0116,77,M13,PLA film,20,2,,synthetic_rule_physics_model
SCN01645,C028,Fish fillet (fresh),meat_fish_chilled,chilled,S05,3.2,78.0,S10,48,3.3,0.1,2,78,3.0,6.6,0.99,,4956.2,4799.3,M02,HDPE film,20,2000.0,8.6,28,good,conventional (no gas modification),,,,,,N,2,Y,0.73,0.0116,77,M13,PLA film,20,2,,synthetic_rule_physics_model
SCN01646,C028,Fish fillet (fresh),meat_fish_chilled,chilled,S05,4.9,83.0,S10,6,4.9,0.5,6,78,3.0,6.6,0.99,,50,2966.8,M10,Metallised BOPP / CPP laminate,45,50,1.0,130,good,MAP,30,40,30,,,Y,3,N,1.62,0.0201,43,,,,,,synthetic_rule_physics_model
SCN01647,C028,Fish fillet (fresh),meat_fish_chilled,chilled,S04,0.6,88.0,S10,24,1.3,0.1,3,78,3.0,6.6,0.99,,3765.9,7740.8,M02,HDPE film,20,2000.0,8.6,28,good,conventional (no gas modification),,,,,,N,3,Y,0.73,0.0116,77,M13,PLA film,20,3,,synthetic_rule_physics_model
SCN01648,C028,Fish fillet (fresh),meat_fish_chilled,chilled,S04,0.2,92.0,S10,24,0.3,0.25,2,78,3.0,6.6,0.99,,8141.9,29160.4,M02,HDPE film,30,1333.3,5.73,28,good,conventional (no gas modification),,,,,,N,3,Y,0.81,0.0128,77,M13,PLA film,25,3,,synthetic_rule_physics_model
SCN01649,C028,Fish fillet (fresh),meat_fish_chilled,chilled,S04,1.4,95.0,S10,6,2.0,0.25,2,78,3.0,6.6,0.99,,7279.3,40401.6,M02,HDPE film,30,1333.3,5.73,28,good,conventional (no gas modification),,,,,,N,3,Y,0.81,0.0128,77,M13,PLA film,25,3,,synthetic_rule_physics_model
SCN01650,C028,Fish fillet (fresh),meat_fish_chilled,chilled,S05,7.3,75.0,S10,48,7.2,0.1,3,78,3.0,6.6,0.99,,2589.6,1814.3,M02,HDPE film,20,2000.0,8.6,28,good,conventional (no gas modification),,,,,,N,1,N,0.73,0.0116,77,M13,PLA film,20,1,,synthetic_rule_physics_model
SCN01651,C028,Fish fillet (fresh),meat_fish_chilled,chilled,S05,5.7,79.0,S10,48,4.2,0.25,4,78,3.0,6.6,0.99,,50,3195.4,M10,Metallised BOPP / CPP laminate,45,50,1.0,130,good,MAP,30,40,30,,,Y,3,N,2.04,0.0252,43,,,,,,synthetic_rule_physics_model
SCN01652,C028,Fish fillet (fresh),meat_fish_chilled,chilled,S05,5.6,71.0,S10,48,3.9,0.1,2,78,3.0,6.6,0.99,,4784.2,3470.5,M02,HDPE film,20,2000.0,8.6,28,good,conventional (no gas modification),,,,,,N,2,Y,0.73,0.0116,77,M13,PLA film,20,2,,synthetic_rule_physics_model
SCN01653,C028,Fish fillet (fresh),meat_fish_chilled,chilled,S05,5.6,83.0,S10,6,5.2,0.5,2,78,3.0,6.6,0.99,,7487.1,8698.5,M03,"BOPP film (heat-sealable, coated)",25,1400.0,4.0,150,fair,conventional (no gas modification),,,,,,N,2,Y,0.71,0.0094,75,M02,HDPE film,45,2,,synthetic_rule_physics_model
SCN01654,C028,Fish fillet (fresh),meat_fish_chilled,chilled,S05,4.8,85.0,S10,6,4.6,0.5,3,78,3.0,6.6,0.99,,5192.5,6932.9,M03,"BOPP film (heat-sealable, coated)",25,1400.0,4.0,150,fair,conventional (no gas modification),,,,,,N,2,N,0.71,0.0094,75,M02,HDPE film,45,2,,synthetic_rule_physics_model
SCN01655,C028,Fish fillet (fresh),meat_fish_chilled,chilled,S04,3.8,91.0,S10,6,4.1,0.5,3,78,3.0,6.6,0.99,,5351.6,13838.5,M03,"BOPP film (heat-sealable, coated)",25,1400.0,4.0,150,fair,conventional (no gas modification),,,,,,N,2,N,0.71,0.0094,75,M02,HDPE film,45,2,,synthetic_rule_physics_model
SCN01656,C028,Fish fillet (fresh),meat_fish_chilled,chilled,S05,4.8,81.0,S10,24,3.5,0.1,2,78,3.0,6.6,0.99,,4893.6,5534.5,M02,HDPE film,20,2000.0,8.6,28,good,conventional (no gas modification),,,,,,N,2,Y,0.73,0.0116,77,M13,PLA film,20,2,,synthetic_rule_physics_model
SCN01657,C028,Fish fillet (fresh),meat_fish_chilled,chilled,S04,1.2,91.0,S10,48,2.3,0.1,2,78,3.0,6.6,0.99,,5280.8,14038.2,M02,HDPE film,20,2000.0,8.6,28,good,conventional (no gas modification),,,,,,N,3,Y,0.73,0.0116,77,M13,PLA film,20,3,,synthetic_rule_physics_model
SCN01658,C028,Fish fillet (fresh),meat_fish_chilled,chilled,S05,5.6,87.0,S10,48,5.7,0.25,4,78,3.0,6.6,0.99,,50,4259.7,M10,Metallised BOPP / CPP laminate,45,50,1.0,130,good,MAP,30,40,30,,,Y,3,N,2.04,0.0252,43,,,,,,synthetic_rule_physics_model
SCN01659,C028,Fish fillet (fresh),meat_fish_chilled,chilled,S05,3.2,84.0,S10,6,3.6,0.25,2,78,3.0,6.6,0.99,,6570.9,8768.9,M02,HDPE film,30,1333.3,5.73,28,good,conventional (no gas modification),,,,,,N,2,Y,0.81,0.0128,77,M13,PLA film,25,2,,synthetic_rule_physics_model
SCN01660,C028,Fish fillet (fresh),meat_fish_chilled,chilled,S04,3.3,88.0,S10,6,3.6,1.0,2,78,3.0,6.6,0.99,,10404.5,18587.1,M03,"BOPP film (heat-sealable, coated)",30,1166.7,3.33,150,fair,conventional (no gas modification),,,,,,N,2,Y,0.68,0.009,75,M02,HDPE film,60,2,,synthetic_rule_physics_model
SCN01661,C028,Fish fillet (fresh),meat_fish_chilled,chilled,S05,5.3,79.0,S10,6,5.1,0.1,6,78,3.0,6.6,0.99,,50,1414.5,M10,Metallised BOPP / CPP laminate,45,50,1.0,130,good,MAP,30,40,30,,,Y,3,N,2.76,0.0341,43,,,,,,synthetic_rule_physics_model
SCN01662,C028,Fish fillet (fresh),meat_fish_chilled,chilled,S04,0.4,92.0,S10,6,0.5,0.5,2,78,3.0,6.6,0.99,,10113.8,34084.2,M03,"BOPP film (heat-sealable, coated)",25,1400.0,4.0,150,fair,conventional (no gas modification),,,,,,N,3,Y,0.71,0.0094,75,M02,HDPE film,45,3,,synthetic_rule_physics_model
SCN01663,C028,Fish fillet (fresh),meat_fish_chilled,chilled,S05,7.8,88.0,S10,6,7.5,0.5,4,78,3.0,6.6,0.99,,50,5032.6,M10,Metallised BOPP / CPP laminate,45,50,1.0,130,good,MAP,30,40,30,,,Y,2,N,1.62,0.0201,43,,,,,,synthetic_rule_physics_model
SCN01664,C028,Fish fillet (fresh),meat_fish_chilled,chilled,S04,2.2,94.0,S10,6,1.9,0.25,2,78,3.0,6.6,0.99,,7315.0,30523.9,M02,HDPE film,30,1333.3,5.73,28,good,conventional (no gas modification),,,,,,N,3,Y,0.81,0.0128,77,M13,PLA film,25,3,,synthetic_rule_physics_model
SCN01665,C028,Fish fillet (fresh),meat_fish_chilled,chilled,S04,3.1,86.0,S10,48,3.8,0.1,2,78,3.0,6.6,0.99,,4814.6,7557.0,M02,HDPE film,20,2000.0,8.6,28,good,conventional (no gas modification),,,,,,N,2,Y,0.73,0.0116,77,M13,PLA film,20,2,,synthetic_rule_physics_model
SCN01666,C028,Fish fillet (fresh),meat_fish_chilled,chilled,S05,4.3,76.0,S10,48,3.0,1.0,2,78,3.0,6.6,0.99,,10828.2,9807.7,M03,"BOPP film (heat-sealable, coated)",30,1166.7,3.33,150,fair,conventional (no gas modification),,,,,,N,2,Y,0.68,0.009,75,M02,HDPE film,60,2,,synthetic_rule_physics_model
SCN01667,C028,Fish fillet (fresh),meat_fish_chilled,chilled,S05,4.7,88.0,S10,48,4.8,0.1,6,78,3.0,6.6,0.99,,50,2563.5,M10,Metallised BOPP / CPP laminate,45,50,1.0,130,good,MAP,30,40,30,,,Y,3,N,2.76,0.0341,43,,,,,,synthetic_rule_physics_model
SCN01668,C028,Fish fillet (fresh),meat_fish_chilled,chilled,S05,4.4,81.0,S10,6,4.3,1.0,3,78,3.0,6.6,0.99,,6630.1,7141.3,M03,"BOPP film (heat-sealable, coated)",30,1166.7,3.33,150,fair,conventional (no gas modification),,,,,,N,2,N,0.68,0.009,75,M02,HDPE film,60,2,,synthetic_rule_physics_model
SCN01669,C028,Fish fillet (fresh),meat_fish_chilled,chilled,S04,0.7,92.0,S10,6,1.2,0.25,2,78,3.0,6.6,0.99,,7668.7,26399.4,M02,HDPE film,30,1333.3,5.73,28,good,conventional (no gas modification),,,,,,N,3,Y,0.81,0.0128,77,M13,PLA film,25,3,,synthetic_rule_physics_model
SCN01670,C028,Fish fillet (fresh),meat_fish_chilled,chilled,S04,0.4,94.0,S10,48,3.0,0.5,2,78,3.0,6.6,0.99,,8619.7,39084.9,M03,"BOPP film (heat-sealable, coated)",25,1400.0,4.0,150,fair,conventional (no gas modification),,,,,,N,2,Y,0.71,0.0094,75,M02,HDPE film,45,2,,synthetic_rule_physics_model
SCN01671,C028,Fish fillet (fresh),meat_fish_chilled,chilled,S04,1.5,85.0,S10,24,1.6,1.0,4,78,3.0,6.6,0.99,,50,9796.1,M10,Metallised BOPP / CPP laminate,45,50,1.0,130,good,MAP,30,40,30,,,Y,5,Y,1.29,0.016,43,,,,,,synthetic_rule_physics_model
SCN01672,C028,Fish fillet (fresh),meat_fish_chilled,chilled,S05,3.5,85.0,S10,6,3.9,0.1,2,78,3.0,6.6,0.99,,4781.0,6826.2,M02,HDPE film,20,2000.0,8.6,28,good,conventional (no gas modification),,,,,,N,2,Y,0.73,0.0116,77,M13,PLA film,20,2,,synthetic_rule_physics_model
SCN01673,C028,Fish fillet (fresh),meat_fish_chilled,chilled,S04,3.5,86.0,S10,6,3.3,0.25,4,78,3.0,6.6,0.99,,50,5292.7,M10,Metallised BOPP / CPP laminate,45,50,1.0,130,good,MAP,30,40,30,,,Y,4,Y,2.04,0.0252,43,,,,,,synthetic_rule_physics_model
SCN01674,C028,Fish fillet (fresh),meat_fish_chilled,chilled,S04,3.0,86.0,S10,6,2.9,0.5,3,78,3.0,6.6,0.99,,5778.0,9440.5,M03,"BOPP film (heat-sealable, coated)",25,1400.0,4.0,150,fair,conventional (no gas modification),,,,,,N,2,N,0.71,0.0094,75,M02,HDPE film,45,2,,synthetic_rule_physics_model
SCN01675,C028,Fish fillet (fresh),meat_fish_chilled,chilled,S04,2.3,90.0,S10,6,2.3,0.25,6,78,3.0,6.6,0.99,,50,5692.6,M10,Metallised BOPP / CPP laminate,45,50,1.0,130,good,MAP,30,40,30,,,Y,5,N,2.04,0.0252,43,,,,,,synthetic_rule_physics_model
SCN01676,C028,Fish fillet (fresh),meat_fish_chilled,chilled,S04,3.9,86.0,S10,24,4.1,1.0,2,78,3.0,6.6,0.99,,10097.7,15633.2,M03,"BOPP film (heat-sealable, coated)",30,1166.7,3.33,150,fair,conventional (no gas modification),,,,,,N,2,Y,0.68,0.009,75,M02,HDPE film,60,2,,synthetic_rule_physics_model
SCN01677,C028,Fish fillet (fresh),meat_fish_chilled,chilled,S05,5.8,88.0,S10,48,3.6,0.25,3,78,3.0,6.6,0.99,,4392.7,8061.6,M02,HDPE film,30,1333.3,5.73,28,good,conventional (no gas modification),,,,,,N,2,N,0.81,0.0128,77,M13,PLA film,25,2,,synthetic_rule_physics_model
SCN01678,C028,Fish fillet (fresh),meat_fish_chilled,chilled,S05,5.3,84.0,S10,48,3.6,0.5,6,78,3.0,6.6,0.99,,50,3713.5,M10,Metallised BOPP / CPP laminate,45,50,1.0,130,good,MAP,30,40,30,,,Y,3,N,1.62,0.0201,43,,,,,,synthetic_rule_physics_model
SCN01679,C028,Fish fillet (fresh),meat_fish_chilled,chilled,S05,7.0,76.0,S10,48,4.3,1.0,3,78,3.0,6.6,0.99,,6658.8,5631.8,M03,"BOPP film (heat-sealable, coated)",30,1166.7,3.33,150,fair,conventional (no gas modification),,,,,,N,2,N,0.68,0.009,75,M02,HDPE film,60,2,,synthetic_rule_physics_model
SCN01680,C028,Fish fillet (fresh),meat_fish_chilled,chilled,S05,5.9,89.0,S10,48,5.5,1.0,3,78,3.0,6.6,0.99,,6158.0,11164.5,M03,"BOPP film (heat-sealable, coated)",30,1166.7,3.33,150,fair,conventional (no gas modification),,,,,,N,2,N,0.68,0.009,75,M02,HDPE film,60,2,,synthetic_rule_physics_model
SCN01681,C029,"Shrimp (raw, fresh)",meat_fish_chilled,chilled,S05,6.4,85.0,S10,48,4.1,0.5,2,77,1.0,7.0,0.99,,8018.7,11552.6,M03,"BOPP film (heat-sealable, coated)",25,1400.0,4.0,150,fair,conventional (no gas modification),,,,,,N,2,Y,0.71,0.0094,75,M02,HDPE film,45,2,,synthetic_rule_physics_model
SCN01682,C029,"Shrimp (raw, fresh)",meat_fish_chilled,chilled,S05,5.8,73.0,S10,48,4.7,0.5,6,77,1.0,7.0,0.99,,50,1905.6,M10,Metallised BOPP / CPP laminate,45,50,1.0,130,good,MAP,0,40,60,,,Y,3,N,1.62,0.0201,43,,,,,,synthetic_rule_physics_model
SCN01683,C029,"Shrimp (raw, fresh)",meat_fish_chilled,chilled,S05,7.5,72.0,S10,6,7.4,0.25,3,77,1.0,7.0,0.99,,3477.2,2159.5,M02,HDPE film,30,1333.3,5.73,28,good,conventional (no gas modification),,,,,,N,1,N,0.81,0.0128,77,M13,PLA film,25,1,,synthetic_rule_physics_model
SCN01684,C029,"Shrimp (raw, fresh)",meat_fish_chilled,chilled,S05,7.8,71.0,S10,24,4.8,1.0,2,77,1.0,7.0,0.99,,9684.4,6653.4,M03,"BOPP film (heat-sealable, coated)",30,1166.7,3.33,150,fair,conventional (no gas modification),,,,,,N,2,Y,0.68,0.009,75,M02,HDPE film,60,2,,synthetic_rule_physics_model
SCN01685,C029,"Shrimp (raw, fresh)",meat_fish_chilled,chilled,S04,3.6,91.0,S10,48,3.0,0.25,6,77,1.0,7.0,0.99,,50,6382.8,M10,Metallised BOPP / CPP laminate,45,50,1.0,130,good,MAP,0,40,60,,,Y,4,N,2.04,0.0252,43,,,,,,synthetic_rule_physics_model
SCN01686,C029,"Shrimp (raw, fresh)",meat_fish_chilled,chilled,S04,2.7,91.0,S10,6,2.7,0.25,6,77,1.0,7.0,0.99,,50,6287.9,M10,Metallised BOPP / CPP laminate,45,50,1.0,130,good,MAP,0,40,60,,,Y,4,N,2.04,0.0252,43,,,,,,synthetic_rule_physics_model
SCN01687,C029,"Shrimp (raw, fresh)",meat_fish_chilled,chilled,S05,7.5,89.0,S10,48,5.3,0.25,6,77,1.0,7.0,0.99,,50,3749.4,M10,Metallised BOPP / CPP laminate,45,50,1.0,130,good,MAP,0,40,60,,,Y,2,N,2.04,0.0252,43,,,,,,synthetic_rule_physics_model
SCN01688,C029,"Shrimp (raw, fresh)",meat_fish_chilled,chilled,S04,0.1,93.0,S10,48,1.2,0.5,6,77,1.0,7.0,0.99,,50,12639.2,M10,Metallised BOPP / CPP laminate,45,50,1.0,130,good,MAP,0,40,60,,,Y,5,N,1.62,0.0201,43,,,,,,synthetic_rule_physics_model
SCN01689,C029,"Shrimp (raw, fresh)",meat_fish_chilled,chilled,S04,2.2,91.0,S10,48,3.3,0.25,2,77,1.0,7.0,0.99,,6697.6,16770.9,M02,HDPE film,30,1333.3,5.73,28,good,conventional (no gas modification),,,,,,N,2,Y,0.81,0.0128,77,M13,PLA film,25,2,,synthetic_rule_physics_model
SCN01690,C029,"Shrimp (raw, fresh)",meat_fish_chilled,chilled,S05,6.4,73.0,S10,24,5.5,0.5,2,77,1.0,7.0,0.99,,7334.0,5164.1,M03,"BOPP film (heat-sealable, coated)",25,1400.0,4.0,150,fair,conventional (no gas modification),,,,,,N,2,Y,0.71,0.0094,75,M02,HDPE film,45,2,,synthetic_rule_physics_model
SCN01691,C029,"Shrimp (raw, fresh)",meat_fish_chilled,chilled,S04,0.6,91.0,S10,6,1.4,0.5,2,77,1.0,7.0,0.99,,9537.2,27107.4,M03,"BOPP film (heat-sealable, coated)",25,1400.0,4.0,150,fair,conventional (no gas modification),,,,,,N,3,Y,0.71,0.0094,75,M02,HDPE film,45,3,,synthetic_rule_physics_model
SCN01692,C029,"Shrimp (raw, fresh)",meat_fish_chilled,chilled,S05,3.0,83.0,S10,6,3.2,1.0,2,77,1.0,7.0,0.99,,10655.5,14189.5,M03,"BOPP film (heat-sealable, coated)",30,1166.7,3.33,150,fair,conventional (no gas modification),,,,,,N,2,Y,0.68,0.009,75,M02,HDPE film,60,2,,synthetic_rule_physics_model
SCN01693,C029,"Shrimp (raw, fresh)",meat_fish_chilled,chilled,S04,0.8,86.0,S10,6,1.3,0.1,2,77,1.0,7.0,0.99,,5626.0,9879.1,M02,HDPE film,20,2000.0,8.6,28,good,conventional (no gas modification),,,,,,N,3,Y,0.73,0.0116,77,M13,PLA film,20,3,,synthetic_rule_physics_model
SCN01694,C029,"Shrimp (raw, fresh)",meat_fish_chilled,chilled,S05,3.4,83.0,S10,24,4.0,0.1,4,77,1.0,7.0,0.99,,50,2882.6,M10,Metallised BOPP / CPP laminate,45,50,1.0,130,good,MAP,0,40,60,,,Y,3,N,2.76,0.0341,43,,,,,,synthetic_rule_physics_model
SCN01695,C029,"Shrimp (raw, fresh)",meat_fish_chilled,chilled,S05,7.3,80.0,S10,6,7.3,1.0,2,77,1.0,7.0,0.99,,8251.5,7415.1,M03,"BOPP film (heat-sealable, coated)",30,1166.7,3.33,150,fair,conventional (no gas modification),,,,,,N,1,N,0.68,0.009,75,M02,HDPE film,60,1,,synthetic_rule_physics_model
SCN01696,C029,"Shrimp (raw, fresh)",meat_fish_chilled,chilled,S04,0.1,90.0,S10,48,0.9,0.25,2,77,1.0,7.0,0.99,,7798.6,20387.2,M02,HDPE film,30,1333.3,5.73,28,good,conventional (no gas modification),,,,,,N,3,Y,0.81,0.0128,77,M13,PLA film,25,3,,synthetic_rule_physics_model
SCN01697,C029,"Shrimp (raw, fresh)",meat_fish_chilled,chilled,S05,6.8,78.0,S10,6,6.6,0.1,6,77,1.0,7.0,0.99,,50,1129.1,M10,Metallised BOPP / CPP laminate,45,50,1.0,130,good,MAP,0,40,60,,,Y,2,N,2.76,0.0341,43,,,,,,synthetic_rule_physics_model
SCN01698,C029,"Shrimp (raw, fresh)",meat_fish_chilled,chilled,S05,5.4,78.0,S10,6,5.0,0.1,3,77,1.0,7.0,0.99,,2968.5,2631.1,M02,HDPE film,20,2000.0,8.6,28,good,conventional (no gas modification),,,,,,N,2,N,0.73,0.0116,77,M13,PLA film,20,2,,synthetic_rule_physics_model
SCN01699,C029,"Shrimp (raw, fresh)",meat_fish_chilled,chilled,S05,3.3,74.0,S10,24,2.8,0.25,3,77,1.0,7.0,0.99,,4606.8,3907.0,M02,HDPE film,30,1333.3,5.73,28,good,conventional (no gas modification),,,,,,N,2,N,0.81,0.0128,77,M13,PLA film,25,2,,synthetic_rule_physics_model
SCN01700,C029,"Shrimp (raw, fresh)",meat_fish_chilled,chilled,S04,3.8,86.0,S10,6,3.4,0.1,2,77,1.0,7.0,0.99,,4917.6,7842.3,M02,HDPE film,20,2000.0,8.6,28,good,conventional (no gas modification),,,,,,N,2,Y,0.73,0.0116,77,M13,PLA film,20,2,,synthetic_rule_physics_model
SCN01701,C029,"Shrimp (raw, fresh)",meat_fish_chilled,chilled,S04,1.5,87.0,S10,24,3.6,0.5,2,77,1.0,7.0,0.99,,8306.6,14395.8,M03,"BOPP film (heat-sealable, coated)",25,1400.0,4.0,150,fair,conventional (no gas modification),,,,,,N,2,Y,0.71,0.0094,75,M02,HDPE film,45,2,,synthetic_rule_physics_model
SCN01702,C029,"Shrimp (raw, fresh)",meat_fish_chilled,chilled,S04,0.5,87.0,S10,24,2.1,0.5,3,77,1.0,7.0,0.99,,6068.1,11383.1,M03,"BOPP film (heat-sealable, coated)",25,1400.0,4.0,150,fair,conventional (no gas modification),,,,,,N,3,Y,0.71,0.0094,75,M02,HDPE film,45,2,,synthetic_rule_physics_model
SCN01703,C029,"Shrimp (raw, fresh)",meat_fish_chilled,chilled,S04,2.3,85.0,S10,24,2.3,0.1,2,77,1.0,7.0,0.99,,5275.5,8541.4,M02,HDPE film,20,2000.0,8.6,28,good,conventional (no gas modification),,,,,,N,2,Y,0.73,0.0116,77,M13,PLA film,20,2,,synthetic_rule_physics_model
SCN01704,C029,"Shrimp (raw, fresh)",meat_fish_chilled,chilled,S04,0.8,88.0,S10,24,2.0,0.1,2,77,1.0,7.0,0.99,,5388.2,10449.9,M02,HDPE film,20,2000.0,8.6,28,good,conventional (no gas modification),,,,,,N,3,Y,0.73,0.0116,77,M13,PLA film,20,3,,synthetic_rule_physics_model
SCN01705,C029,"Shrimp (raw, fresh)",meat_fish_chilled,chilled,S05,7.6,72.0,S10,48,6.8,1.0,6,77,1.0,7.0,0.99,,50,1786.3,M10,Metallised BOPP / CPP laminate,45,50,1.0,130,good,MAP,0,40,60,,,Y,2,N,1.29,0.016,43,,,,,,synthetic_rule_physics_model
SCN01706,C029,"Shrimp (raw, fresh)",meat_fish_chilled,chilled,S05,3.5,74.0,S10,48,4.9,0.25,6,77,1.0,7.0,0.99,,50,1525.7,M10,Metallised BOPP / CPP laminate,45,50,1.0,130,good,MAP,0,40,60,,,Y,3,N,2.04,0.0252,43,,,,,,synthetic_rule_physics_model
SCN01707,C029,"Shrimp (raw, fresh)",meat_fish_chilled,chilled,S05,6.4,79.0,S10,6,6.5,0.25,6,77,1.0,7.0,0.99,,50,1589.6,M10,Metallised BOPP / CPP laminate,45,50,1.0,130,good,MAP,0,40,60,,,Y,2,N,2.04,0.0252,43,,,,,,synthetic_rule_physics_model
SCN01708,C029,"Shrimp (raw, fresh)",meat_fish_chilled,chilled,S05,7.2,74.0,S10,6,6.8,0.1,3,77,1.0,7.0,0.99,,2653.1,1785.5,M02,HDPE film,20,2000.0,8.6,28,good,conventional (no gas modification),,,,,,N,1,N,0.73,0.0116,77,M13,PLA film,20,1,,synthetic_rule_physics_model
SCN01709,C029,"Shrimp (raw, fresh)",meat_fish_chilled,chilled,S05,5.5,84.0,S10,24,5.3,1.0,2,77,1.0,7.0,0.99,,9352.8,11640.6,M03,"BOPP film (heat-sealable, coated)",30,1166.7,3.33,150,fair,conventional (no gas modification),,,,,,N,2,Y,0.68,0.009,75,M02,HDPE film,60,2,,synthetic_rule_physics_model
SCN01710,C029,"Shrimp (raw, fresh)",meat_fish_chilled,chilled,S05,5.5,88.0,S10,6,5.6,0.1,3,77,1.0,7.0,0.99,,2871.9,4794.1,M02,HDPE film,20,2000.0,8.6,28,good,conventional (no gas modification),,,,,,N,2,N,0.73,0.0116,77,M13,PLA film,20,2,,synthetic_rule_physics_model
SCN01711,C029,"Shrimp (raw, fresh)",meat_fish_chilled,chilled,S05,3.9,74.0,S10,48,4.5,0.1,4,77,1.0,7.0,0.99,,50,1830.7,M10,Metallised BOPP / CPP laminate,45,50,1.0,130,good,MAP,0,40,60,,,Y,3,N,2.76,0.0341,43,,,,,,synthetic_rule_physics_model
SCN01712,C029,"Shrimp (raw, fresh)",meat_fish_chilled,chilled,S05,5.7,79.0,S10,48,4.3,0.25,2,77,1.0,7.0,0.99,,6319.5,6204.3,M02,HDPE film,30,1333.3,5.73,28,good,conventional (no gas modification),,,,,,N,2,Y,0.81,0.0128,77,M13,PLA film,25,2,,synthetic_rule_physics_model
SCN01713,C029,"Shrimp (raw, fresh)",meat_fish_chilled,chilled,S04,2.3,88.0,S10,48,2.7,0.1,6,77,1.0,7.0,0.99,,50,3419.3,M10,Metallised BOPP / CPP laminate,45,50,1.0,130,good,MAP,0,40,60,,,Y,3,N,2.76,0.0341,43,,,,,,synthetic_rule_physics_model
SCN01714,C029,"Shrimp (raw, fresh)",meat_fish_chilled,chilled,S05,6.4,75.0,S10,6,6.2,0.1,2,77,1.0,7.0,0.99,,4154.6,3041.0,M02,HDPE film,20,2000.0,8.6,28,good,conventional (no gas modification),,,,,,N,1,N,0.73,0.0116,77,M13,PLA film,20,1,,synthetic_rule_physics_model
SCN01715,C029,"Shrimp (raw, fresh)",meat_fish_chilled,chilled,S04,0.1,91.0,S10,48,1.9,1.0,6,77,1.0,7.0,0.99,,50,10955.4,M10,Metallised BOPP / CPP laminate,45,50,1.0,130,good,MAP,0,40,60,,,Y,4,N,1.29,0.016,43,,,,,,synthetic_rule_physics_model
SCN01716,C029,"Shrimp (raw, fresh)",meat_fish_chilled,chilled,S04,0.5,94.0,S10,24,2.7,0.1,2,77,1.0,7.0,0.99,,5164.7,21448.4,M02,HDPE film,20,2000.0,8.6,28,good,conventional (no gas modification),,,,,,N,2,Y,0.73,0.0116,77,M13,PLA film,20,2,,synthetic_rule_physics_model
SCN01717,C029,"Shrimp (raw, fresh)",meat_fish_chilled,chilled,S05,7.8,85.0,S10,6,7.6,0.1,3,77,1.0,7.0,0.99,,2534.3,2985.4,M02,HDPE film,20,2000.0,8.6,28,good,conventional (no gas modification),,,,,,N,1,N,0.73,0.0116,77,M13,PLA film,20,1,,synthetic_rule_physics_model
SCN01718,C029,"Shrimp (raw, fresh)",meat_fish_chilled,chilled,S04,1.9,90.0,S10,24,1.8,1.0,3,77,1.0,7.0,0.99,,7790.7,20439.2,M03,"BOPP film (heat-sealable, coated)",30,1166.7,3.33,150,fair,conventional (no gas modification),,,,,,N,3,Y,0.68,0.009,75,M02,HDPE film,60,3,,synthetic_rule_physics_model
SCN01719,C029,"Shrimp (raw, fresh)",meat_fish_chilled,chilled,S04,2.5,95.0,S10,6,2.6,1.0,6,77,1.0,7.0,0.99,,50,18720.1,M10,Metallised BOPP / CPP laminate,45,50,1.0,130,good,MAP,0,40,60,,,Y,3,N,1.29,0.016,43,,,,,,synthetic_rule_physics_model
SCN01720,C029,"Shrimp (raw, fresh)",meat_fish_chilled,chilled,S05,5.9,79.0,S10,48,6.2,0.25,3,77,1.0,7.0,0.99,,3729.3,3257.9,M02,HDPE film,30,1333.3,5.73,28,good,conventional (no gas modification),,,,,,N,1,N,0.81,0.0128,77,M13,PLA film,25,1,,synthetic_rule_physics_model
SCN01721,C029,"Shrimp (raw, fresh)",meat_fish_chilled,chilled,S05,7.0,81.0,S10,24,4.2,0.25,2,77,1.0,7.0,0.99,,6355.7,6850.6,M02,HDPE film,30,1333.3,5.73,28,good,conventional (no gas modification),,,,,,N,2,Y,0.81,0.0128,77,M13,PLA film,25,2,,synthetic_rule_physics_model
SCN01722,C029,"Shrimp (raw, fresh)",meat_fish_chilled,chilled,S04,3.6,89.0,S10,48,3.4,0.5,4,77,1.0,7.0,0.99,,50,8358.2,M10,Metallised BOPP / CPP laminate,45,50,1.0,130,good,MAP,0,40,60,,,Y,4,Y,1.62,0.0201,43,,,,,,synthetic_rule_physics_model
SCN01723,C029,"Shrimp (raw, fresh)",meat_fish_chilled,chilled,S04,3.6,87.0,S10,6,3.9,0.5,3,77,1.0,7.0,0.99,,5429.2,8923.7,M03,"BOPP film (heat-sealable, coated)",25,1400.0,4.0,150,fair,conventional (no gas modification),,,,,,N,2,N,0.71,0.0094,75,M02,HDPE film,45,2,,synthetic_rule_physics_model
SCN01724,C029,"Shrimp (raw, fresh)",meat_fish_chilled,chilled,S05,4.0,77.0,S10,48,3.3,0.25,2,77,1.0,7.0,0.99,,6701.3,6329.0,M02,HDPE film,30,1333.3,5.73,28,good,conventional (no gas modification),,,,,,N,2,Y,0.81,0.0128,77,M13,PLA film,25,2,,synthetic_rule_physics_model
SCN01725,C029,"Shrimp (raw, fresh)",meat_fish_chilled,chilled,S04,1.6,94.0,S10,24,1.6,0.1,3,77,1.0,7.0,0.99,,3692.9,15809.8,M02,HDPE film,20,2000.0,8.6,28,good,conventional (no gas modification),,,,,,N,3,Y,0.73,0.0116,77,M13,PLA film,20,3,,synthetic_rule_physics_model
SCN01726,C029,"Shrimp (raw, fresh)",meat_fish_chilled,chilled,S05,4.6,81.0,S10,24,5.9,1.0,2,77,1.0,7.0,0.99,,8992.9,8814.6,M03,"BOPP film (heat-sealable, coated)",30,1166.7,3.33,150,fair,conventional (no gas modification),,,,,,N,2,Y,0.68,0.009,75,M02,HDPE film,60,1,,synthetic_rule_physics_model
SCN01727,C029,"Shrimp (raw, fresh)",meat_fish_chilled,chilled,S04,3.8,87.0,S10,6,3.7,0.5,2,77,1.0,7.0,0.99,,8253.4,14257.2,M03,"BOPP film (heat-sealable, coated)",25,1400.0,4.0,150,fair,conventional (no gas modification),,,,,,N,2,Y,0.71,0.0094,75,M02,HDPE film,45,2,,synthetic_rule_physics_model
SCN01728,C029,"Shrimp (raw, fresh)",meat_fish_chilled,chilled,S04,2.8,89.0,S10,48,3.8,0.5,4,77,1.0,7.0,0.99,,50,8037.5,M10,Metallised BOPP / CPP laminate,45,50,1.0,130,good,MAP,0,40,60,,,Y,3,N,1.62,0.0201,43,,,,,,synthetic_rule_physics_model
SCN01729,C029,"Shrimp (raw, fresh)",meat_fish_chilled,chilled,S04,2.4,93.0,S10,6,2.4,0.5,2,77,1.0,7.0,0.99,,8920.6,30172.1,M03,"BOPP film (heat-sealable, coated)",25,1400.0,4.0,150,fair,conventional (no gas modification),,,,,,N,3,Y,0.71,0.0094,75,M02,HDPE film,45,3,,synthetic_rule_physics_model
SCN01730,C029,"Shrimp (raw, fresh)",meat_fish_chilled,chilled,S04,2.7,90.0,S10,48,4.6,0.1,4,77,1.0,7.0,0.99,,50,4989.3,M10,Metallised BOPP / CPP laminate,45,50,1.0,130,good,MAP,0,40,60,,,Y,3,N,2.76,0.0341,43,,,,,,synthetic_rule_physics_model
SCN01731,C029,"Shrimp (raw, fresh)",meat_fish_chilled,chilled,S05,6.5,82.0,S10,24,4.0,0.5,2,77,1.0,7.0,0.99,,8059.0,9255.1,M03,"BOPP film (heat-sealable, coated)",25,1400.0,4.0,150,fair,conventional (no gas modification),,,,,,N,2,Y,0.71,0.0094,75,M02,HDPE film,45,2,,synthetic_rule_physics_model
SCN01732,C029,"Shrimp (raw, fresh)",meat_fish_chilled,chilled,S04,1.3,88.0,S10,6,1.5,0.5,6,77,1.0,7.0,0.99,,50,6744.9,M10,Metallised BOPP / CPP laminate,45,50,1.0,130,good,MAP,0,40,60,,,Y,5,N,1.62,0.0201,43,,,,,,synthetic_rule_physics_model
SCN01733,C029,"Shrimp (raw, fresh)",meat_fish_chilled,chilled,S05,5.4,87.0,S10,24,4.5,1.0,4,77,1.0,7.0,0.99,,50,7905.3,M10,Metallised BOPP / CPP laminate,45,50,1.0,130,good,MAP,0,40,60,,,Y,3,N,1.29,0.016,43,,,,,,synthetic_rule_physics_model
SCN01734,C029,"Shrimp (raw, fresh)",meat_fish_chilled,chilled,S04,3.4,92.0,S10,24,2.4,0.1,2,77,1.0,7.0,0.99,,5258.5,16333.2,M02,HDPE film,20,2000.0,8.6,28,good,conventional (no gas modification),,,,,,N,3,Y,0.73,0.0116,77,M13,PLA film,20,3,,synthetic_rule_physics_model
SCN01735,C029,"Shrimp (raw, fresh)",meat_fish_chilled,chilled,S05,8.0,84.0,S10,6,7.8,0.25,4,77,1.0,7.0,0.99,,50,2753.8,M10,Metallised BOPP / CPP laminate,45,50,1.0,130,good,MAP,0,40,60,,,Y,2,N,2.04,0.0252,43,,,,,,synthetic_rule_physics_model
SCN01736,C029,"Shrimp (raw, fresh)",meat_fish_chilled,chilled,S04,0.5,93.0,S10,6,0.9,0.5,4,77,1.0,7.0,0.99,,50,20942.7,M10,Metallised BOPP / CPP laminate,45,50,1.0,130,good,MAP,0,40,60,,,Y,5,Y,1.62,0.0201,43,,,,,,synthetic_rule_physics_model
SCN01737,C029,"Shrimp (raw, fresh)",meat_fish_chilled,chilled,S05,7.6,86.0,S10,48,7.6,1.0,4,77,1.0,7.0,0.99,,50,4963.0,M10,Metallised BOPP / CPP laminate,45,50,1.0,130,good,MAP,0,40,60,,,Y,2,N,1.29,0.016,43,,,,,,synthetic_rule_physics_model
SCN01738,C029,"Shrimp (raw, fresh)",meat_fish_chilled,chilled,S04,1.2,87.0,S10,48,1.8,0.5,3,77,1.0,7.0,0.99,,6187.4,11320.6,M03,"BOPP film (heat-sealable, coated)",25,1400.0,4.0,150,fair,conventional (no gas modification),,,,,,N,3,Y,0.71,0.0094,75,M02,HDPE film,45,3,,synthetic_rule_physics_model
SCN01739,C029,"Shrimp (raw, fresh)",meat_fish_chilled,chilled,S04,1.5,94.0,S10,48,3.6,0.5,2,77,1.0,7.0,0.99,,8299.4,31837.1,M03,"BOPP film (heat-sealable, coated)",25,1400.0,4.0,150,fair,conventional (no gas modification),,,,,,N,2,Y,0.71,0.0094,75,M02,HDPE film,45,2,,synthetic_rule_physics_model
SCN01740,C029,"Shrimp (raw, fresh)",meat_fish_chilled,chilled,S05,7.8,86.0,S10,6,7.2,0.25,2,77,1.0,7.0,0.99,,5273.2,6957.0,M02,HDPE film,30,1333.3,5.73,28,good,conventional (no gas modification),,,,,,N,1,N,0.81,0.0128,77,M13,PLA film,25,1,,synthetic_rule_physics_model
SCN01741,C030,Frozen green peas,frozen,frozen,S07,-20.4,91.0,S11,24,-20.4,0.25,182,79,0.4,6.5,0.99,,752.5,4023.3,M02,HDPE film,55,727.3,3.13,28,good,conventional (no gas modification),,,,,,N,190,Y,1.49,0.0235,77,M14,PBAT / starch compostable film,60,181,,synthetic_rule_physics_model
SCN01742,C030,Frozen green peas,frozen,frozen,S07,-19.6,85.0,S11,24,-19.6,0.25,182,79,0.4,6.5,0.99,,711.0,1975.6,M02,HDPE film,60,666.7,2.87,28,good,conventional (no gas modification),,,,,,N,189,Y,1.62,0.0257,77,,,,,,synthetic_rule_physics_model
SCN01743,C030,Frozen green peas,frozen,frozen,S07,-19.3,91.0,S11,24,-19.3,1.0,274,79,0.4,6.5,0.99,,730.1,3330.3,M02,HDPE film,60,666.7,2.87,28,good,conventional (no gas modification),,,,,,N,322,Y,1.03,0.0162,77,,,,,,synthetic_rule_physics_model
SCN01744,C030,Frozen green peas,frozen,frozen,S07,-17.5,89.0,S11,6,-17.5,0.25,182,79,0.4,6.5,0.99,,609.7,2060.6,M02,HDPE film,70,571.4,2.46,28,good,conventional (no gas modification),,,,,,N,188,Y,1.89,0.0299,77,,,,,,synthetic_rule_physics_model
SCN01745,C030,Frozen green peas,frozen,frozen,S07,-20.8,89.0,S11,48,-20.8,0.25,274,79,0.4,6.5,0.99,,516.0,2080.3,M02,HDPE film,80,500.0,2.15,28,good,conventional (no gas modification),,,,,,N,293,Y,2.16,0.0342,77,,,,,,synthetic_rule_physics_model
SCN01746,C030,Frozen green peas,frozen,frozen,S07,-16.3,92.0,S11,6,-16.3,0.25,730,79,0.4,6.5,0.99,,138.7,617.0,M08,PVDC-coated BOPP,25,15,5,120,good,conventional (no gas modification),,,,,,N,315,N,1.78,0.0249,21,M09,PE/EVOH/PE coextruded film,60,290,,synthetic_rule_physics_model
SCN01747,C030,Frozen green peas,frozen,frozen,S07,-17.6,86.0,S11,24,-17.6,0.25,548,79,0.4,6.5,0.99,,203.8,496.0,M08,PVDC-coated BOPP,25,15,5,120,good,conventional (no gas modification),,,,,,N,341,N,1.78,0.0249,21,M09,PE/EVOH/PE coextruded film,60,351,,synthetic_rule_physics_model
SCN01748,C030,Frozen green peas,frozen,frozen,S07,-19.6,90.0,S11,6,-19.6,0.1,548,79,0.4,6.5,0.99,,174.2,760.9,M08,PVDC-coated BOPP,25,15,5,120,good,conventional (no gas modification),,,,,,N,443,N,2.41,0.0337,21,M09,PE/EVOH/PE coextruded film,60,398,,synthetic_rule_physics_model
SCN01749,C030,Frozen green peas,frozen,frozen,S07,-19.8,92.0,S11,24,-19.7,1.0,274,79,0.4,6.5,0.99,,754.0,4428.1,M02,HDPE film,60,666.7,2.87,28,good,conventional (no gas modification),,,,,,N,319,Y,1.03,0.0162,77,M14,PBAT / starch compostable film,60,287,,synthetic_rule_physics_model
SCN01750,C030,Frozen green peas,frozen,frozen,S07,-21.0,86.0,S11,48,-21.0,1.0,548,79,0.4,6.5,0.99,,413.8,1334.0,M08,PVDC-coated BOPP,25,15,5,120,good,conventional (no gas modification),,,,,,N,476,N,1.12,0.0158,21,M09,PE/EVOH/PE coextruded film,60,496,,synthetic_rule_physics_model
SCN01751,C030,Frozen green peas,frozen,frozen,S07,-18.2,87.0,S11,6,-18.2,1.0,274,79,0.4,6.5,0.99,,669.8,1867.4,M02,HDPE film,60,666.7,2.87,28,good,conventional (no gas modification),,,,,,N,268,N,1.03,0.0162,77,,,,,,synthetic_rule_physics_model
SCN01752,C030,Frozen green peas,frozen,frozen,S07,-17.0,87.0,S11,24,-17.0,0.25,182,79,0.4,6.5,0.99,,585.4,1538.3,M02,HDPE film,70,571.4,2.46,28,good,conventional (no gas modification),,,,,,N,188,Y,1.89,0.0299,77,,,,,,synthetic_rule_physics_model
SCN01753,C030,Frozen green peas,frozen,frozen,S07,-20.9,95.0,S11,6,-20.9,1.0,274,79,0.4,6.5,0.99,,823.2,7770.8,M02,HDPE film,60,666.7,2.87,28,good,conventional (no gas modification),,,,,,N,336,Y,1.03,0.0162,77,M14,PBAT / starch compostable film,55,256,,synthetic_rule_physics_model
SCN01754,C030,Frozen green peas,frozen,frozen,S07,-17.9,91.0,S11,24,-17.9,0.25,274,79,0.4,6.5,0.99,,416.1,1825.1,M08,PVDC-coated BOPP,25,15,5,120,good,conventional (no gas modification),,,,,,N,348,Y,1.78,0.0249,21,M09,PE/EVOH/PE coextruded film,60,343,,synthetic_rule_physics_model
SCN01755,C030,Frozen green peas,frozen,frozen,S07,-18.0,94.0,S11,24,-18.0,0.5,365,79,0.4,6.5,0.99,,394.2,2608.5,M08,PVDC-coated BOPP,25,15,5,120,good,conventional (no gas modification),,,,,,N,380,Y,1.41,0.0198,21,M09,PE/EVOH/PE coextruded film,60,379,,synthetic_rule_physics_model
SCN01756,C030,Frozen green peas,frozen,frozen,S07,-16.8,90.0,S11,48,-16.8,0.25,182,79,0.4,6.5,0.99,,578.4,1958.1,M02,HDPE film,70,571.4,2.46,28,good,conventional (no gas modification),,,,,,N,177,N,1.89,0.0299,77,,,,,,synthetic_rule_physics_model
SCN01757,C030,Frozen green peas,frozen,frozen,S07,-15.3,90.0,S11,48,-15.3,1.0,730,79,0.4,6.5,0.99,,204.6,623.6,M08,PVDC-coated BOPP,25,15,5,120,good,conventional (no gas modification),,,,,,N,292,N,1.12,0.0158,21,M09,PE/EVOH/PE coextruded film,60,266,,synthetic_rule_physics_model
SCN01758,C030,Frozen green peas,frozen,frozen,S07,-21.5,86.0,S11,24,-21.5,1.0,730,79,0.4,6.5,0.99,,323.1,1056.5,M08,PVDC-coated BOPP,25,15,5,120,good,conventional (no gas modification),,,,,,N,541,N,1.12,0.0158,21,M09,PE/EVOH/PE coextruded film,60,533,,synthetic_rule_physics_model
SCN01759,C030,Frozen green peas,frozen,frozen,S07,-16.3,86.0,S11,6,-16.3,0.25,274,79,0.4,6.5,0.99,,369.2,862.3,M08,PVDC-coated BOPP,25,15,5,120,good,conventional (no gas modification),,,,,,N,294,Y,1.78,0.0249,21,M09,PE/EVOH/PE coextruded film,60,320,,synthetic_rule_physics_model
SCN01760,C030,Frozen green peas,frozen,frozen,S07,-21.1,89.0,S11,6,-21.1,0.1,730,79,0.4,6.5,0.99,,146.1,598.8,M08,PVDC-coated BOPP,25,15,5,120,good,conventional (no gas modification),,,,,,N,516,N,2.41,0.0337,21,M09,PE/EVOH/PE coextruded film,60,530,,synthetic_rule_physics_model
SCN01761,C030,Frozen green peas,frozen,frozen,S07,-18.1,91.0,S11,48,-18.1,1.0,365,79,0.4,6.5,0.99,,501.0,2136.7,M02,HDPE film,80,500.0,2.15,28,good,conventional (no gas modification),,,,,,N,393,Y,1.37,0.0217,77,,,,,,synthetic_rule_physics_model
SCN01762,C030,Frozen green peas,frozen,frozen,S07,-16.8,92.0,S11,48,-16.8,0.25,274,79,0.4,6.5,0.99,,384.5,1699.6,M08,PVDC-coated BOPP,25,15,5,120,good,conventional (no gas modification),,,,,,N,293,Y,1.78,0.0249,21,M09,PE/EVOH/PE coextruded film,60,315,,synthetic_rule_physics_model
SCN01763,C030,Frozen green peas,frozen,frozen,S07,-15.5,93.0,S11,24,-15.6,0.1,365,79,0.4,6.5,0.99,,194.4,890.7,M08,PVDC-coated BOPP,25,15,5,120,good,conventional (no gas modification),,,,,,N,280,N,2.41,0.0337,21,M09,PE/EVOH/PE coextruded film,60,290,,synthetic_rule_physics_model
SCN01764,C030,Frozen green peas,frozen,frozen,S07,-18.0,93.0,S11,6,-18.0,0.5,274,79,0.4,6.5,0.99,,526.4,2914.9,M02,HDPE film,80,500.0,2.15,28,good,conventional (no gas modification),,,,,,N,299,Y,1.72,0.0272,77,,,,,,synthetic_rule_physics_model
SCN01765,C030,Frozen green peas,frozen,frozen,S07,-21.3,93.0,S11,6,-21.3,0.5,182,79,0.4,6.5,0.99,,1018.6,7122.1,M02,HDPE film,45,888.9,3.82,28,good,conventional (no gas modification),,,,,,N,201,Y,0.97,0.0153,77,M14,PBAT / starch compostable film,45,183,,synthetic_rule_physics_model
SCN01766,C030,Frozen green peas,frozen,frozen,S07,-16.9,87.0,S11,24,-16.9,0.1,730,79,0.4,6.5,0.99,,106.9,272.6,M08,PVDC-coated BOPP,25,15,5,120,good,conventional (no gas modification),,,,,,N,336,N,2.41,0.0337,21,M09,PE/EVOH/PE coextruded film,60,327,,synthetic_rule_physics_model
SCN01767,C030,Frozen green peas,frozen,frozen,S07,-18.5,91.0,S11,6,-18.5,0.25,274,79,0.4,6.5,0.99,,434.9,1916.3,M08,PVDC-coated BOPP,25,15,5,120,good,conventional (no gas modification),,,,,,N,385,Y,1.78,0.0249,21,M09,PE/EVOH/PE coextruded film,60,388,,synthetic_rule_physics_model
SCN01768,C030,Frozen green peas,frozen,frozen,S07,-17.1,90.0,S11,48,-17.1,0.1,182,79,0.4,6.5,0.99,,436.3,1455.8,M08,PVDC-coated BOPP,25,15,5,120,good,conventional (no gas modification),,,,,,N,337,Y,2.41,0.0337,21,M09,PE/EVOH/PE coextruded film,60,333,,synthetic_rule_physics_model
SCN01769,C030,Frozen green peas,frozen,frozen,S07,-19.3,86.0,S11,6,-19.3,0.1,548,79,0.4,6.5,0.99,,170.8,489.7,M08,PVDC-coated BOPP,25,15,5,120,good,conventional (no gas modification),,,,,,N,397,N,2.41,0.0337,21,M09,PE/EVOH/PE coextruded film,60,418,,synthetic_rule_physics_model
SCN01770,C030,Frozen green peas,frozen,frozen,S07,-16.7,94.0,S11,24,-16.7,0.25,182,79,0.4,6.5,0.99,,572.7,3721.8,M02,HDPE film,70,571.4,2.46,28,good,conventional (no gas modification),,,,,,N,172,N,1.89,0.0299,77,,,,,,synthetic_rule_physics_model
SCN01771,C030,Frozen green peas,frozen,frozen,S07,-19.0,88.0,S11,48,-19.0,1.0,365,79,0.4,6.5,0.99,,534.2,1816.7,M02,HDPE film,75,533.3,2.29,28,good,conventional (no gas modification),,,,,,N,385,Y,1.28,0.0203,77,,,,,,synthetic_rule_physics_model
SCN01772,C030,Frozen green peas,frozen,frozen,S07,-21.3,88.0,S11,6,-21.3,0.25,365,79,0.4,6.5,0.99,,402.5,1560.7,M08,PVDC-coated BOPP,25,15,5,120,good,conventional (no gas modification),,,,,,N,546,Y,1.78,0.0249,21,M09,PE/EVOH/PE coextruded film,60,508,,synthetic_rule_physics_model
SCN01773,C030,Frozen green peas,frozen,frozen,S07,-17.8,89.0,S11,24,-17.8,0.25,365,79,0.4,6.5,0.99,,310.4,1003.3,M08,PVDC-coated BOPP,25,15,5,120,good,conventional (no gas modification),,,,,,N,352,N,1.78,0.0249,21,M09,PE/EVOH/PE coextruded film,60,353,,synthetic_rule_physics_model
SCN01774,C030,Frozen green peas,frozen,frozen,S07,-16.8,92.0,S11,48,-16.8,0.5,274,79,0.4,6.5,0.99,,483.4,1993.8,M08,PVDC-coated BOPP,25,15,5,120,good,conventional (no gas modification),,,,,,N,297,Y,1.41,0.0198,21,M09,PE/EVOH/PE coextruded film,60,300,,synthetic_rule_physics_model
SCN01775,C030,Frozen green peas,frozen,frozen,S07,-20.4,90.0,S11,24,-20.4,0.5,730,79,0.4,6.5,0.99,,236.4,1008.0,M08,PVDC-coated BOPP,25,15,5,120,good,conventional (no gas modification),,,,,,N,457,N,1.41,0.0198,21,M09,PE/EVOH/PE coextruded film,60,457,,synthetic_rule_physics_model
SCN01776,C030,Frozen green peas,frozen,frozen,S07,-21.1,93.0,S11,6,-21.1,0.25,182,79,0.4,6.5,0.99,,794.8,6110.2,M02,HDPE film,55,727.3,3.13,28,good,conventional (no gas modification),,,,,,N,197,Y,1.49,0.0235,77,M14,PBAT / starch compostable film,60,211,,synthetic_rule_physics_model
SCN01777,C030,Frozen green peas,frozen,frozen,S07,-19.5,87.0,S11,48,-19.5,0.1,274,79,0.4,6.5,0.99,,345.2,1046.3,M08,PVDC-coated BOPP,25,15,5,120,good,conventional (no gas modification),,,,,,N,426,Y,2.41,0.0337,21,M09,PE/EVOH/PE coextruded film,60,415,,synthetic_rule_physics_model
SCN01778,C030,Frozen green peas,frozen,frozen,S07,-21.4,89.0,S11,24,-21.4,0.25,274,79,0.4,6.5,0.99,,540.3,2418.6,M02,HDPE film,75,533.3,2.29,28,good,conventional (no gas modification),,,,,,N,269,Y,2.03,0.0321,77,,,,,,synthetic_rule_physics_model
SCN01779,C030,Frozen green peas,frozen,frozen,S07,-15.4,86.0,S11,6,-15.4,0.25,182,79,0.4,6.5,0.99,,521.0,1110.7,M02,HDPE film,80,500.0,2.15,28,good,conventional (no gas modification),,,,,,N,185,Y,2.16,0.0342,77,,,,,,synthetic_rule_physics_model
SCN01780,C030,Frozen green peas,frozen,frozen,S07,-21.6,85.0,S11,48,-21.6,1.0,730,79,0.4,6.5,0.99,,324.8,1038.2,M08,PVDC-coated BOPP,25,15,5,120,good,conventional (no gas modification),,,,,,N,499,N,1.12,0.0158,21,M09,PE/EVOH/PE coextruded film,60,519,,synthetic_rule_physics_model
SCN01781,C030,Frozen green peas,frozen,frozen,S07,-17.6,89.0,S11,24,-17.6,0.5,365,79,0.4,6.5,0.99,,384.9,1221.2,M08,PVDC-coated BOPP,25,15,5,120,good,conventional (no gas modification),,,,,,N,355,N,1.41,0.0198,21,M09,PE/EVOH/PE coextruded film,60,343,,synthetic_rule_physics_model
SCN01782,C030,Frozen green peas,frozen,frozen,S07,-18.6,86.0,S11,6,-18.6,1.0,182,79,0.4,6.5,0.99,,1045.6,2849.5,M03,"BOPP film (heat-sealable, coated)",35,1000.0,2.86,150,fair,conventional (no gas modification),,,,,,N,192,Y,0.79,0.0105,75,M02,HDPE film,60,289,,synthetic_rule_physics_model
SCN01783,C030,Frozen green peas,frozen,frozen,S07,-16.5,86.0,S11,6,-16.5,1.0,730,79,0.4,6.5,0.99,,222.8,523.3,M08,PVDC-coated BOPP,25,15,5,120,good,conventional (no gas modification),,,,,,N,311,N,1.12,0.0158,21,M09,PE/EVOH/PE coextruded film,60,320,,synthetic_rule_physics_model
SCN01784,C030,Frozen green peas,frozen,frozen,S07,-21.4,87.0,S11,24,-21.4,0.1,365,79,0.4,6.5,0.99,,299.0,1050.1,M08,PVDC-coated BOPP,25,15,5,120,good,conventional (no gas modification),,,,,,N,541,Y,2.41,0.0337,21,M09,PE/EVOH/PE coextruded film,60,550,,synthetic_rule_physics_model
SCN01785,C030,Frozen green peas,frozen,frozen,S07,-21.2,88.0,S11,24,-21.2,0.1,548,79,0.4,6.5,0.99,,197.4,804.3,M08,PVDC-coated BOPP,25,15,5,120,good,conventional (no gas modification),,,,,,N,539,Y,2.41,0.0337,21,M09,PE/EVOH/PE coextruded film,60,527,,synthetic_rule_physics_model
SCN01786,C030,Frozen green peas,frozen,frozen,S07,-19.7,95.0,S11,24,-19.7,0.5,548,79,0.4,6.5,0.99,,298.3,2639.4,M08,PVDC-coated BOPP,25,15,5,120,good,conventional (no gas modification),,,,,,N,442,N,1.41,0.0198,21,M09,PE/EVOH/PE coextruded film,60,444,,synthetic_rule_physics_model
SCN01787,C030,Frozen green peas,frozen,frozen,S07,-20.6,85.0,S11,24,-20.6,0.5,548,79,0.4,6.5,0.99,,320.3,951.1,M08,PVDC-coated BOPP,25,15,5,120,good,conventional (no gas modification),,,,,,N,506,N,1.41,0.0198,21,M09,PE/EVOH/PE coextruded film,60,479,,synthetic_rule_physics_model
SCN01788,C030,Frozen green peas,frozen,frozen,S07,-20.6,91.0,S11,24,-20.6,0.25,730,79,0.4,6.5,0.99,,190.4,927.4,M08,PVDC-coated BOPP,25,15,5,120,good,conventional (no gas modification),,,,,,N,459,N,1.78,0.0249,21,M09,PE/EVOH/PE coextruded film,60,503,,synthetic_rule_physics_model
SCN01789,C030,Frozen green peas,frozen,frozen,S07,-15.5,93.0,S11,24,-15.6,0.25,182,79,0.4,6.5,0.99,,527.8,2625.7,M02,HDPE film,80,500.0,2.15,28,good,conventional (no gas modification),,,,,,N,204,Y,2.16,0.0342,77,,,,,,synthetic_rule_physics_model
SCN01790,C030,Frozen green peas,frozen,frozen,S07,-18.3,93.0,S11,24,-18.3,0.1,182,79,0.4,6.5,0.99,,477.7,2888.0,M08,PVDC-coated BOPP,25,15,5,120,good,conventional (no gas modification),,,,,,N,365,Y,2.41,0.0337,21,M09,PE/EVOH/PE coextruded film,60,388,,synthetic_rule_physics_model
SCN01791,C030,Frozen green peas,frozen,frozen,S07,-19.7,91.0,S11,48,-19.7,0.1,548,79,0.4,6.5,0.99,,175.4,825.5,M08,PVDC-coated BOPP,25,15,5,120,good,conventional (no gas modification),,,,,,N,419,N,2.41,0.0337,21,M09,PE/EVOH/PE coextruded film,60,441,,synthetic_rule_physics_model
SCN01792,C030,Frozen green peas,frozen,frozen,S07,-21.7,92.0,S11,48,-21.7,0.1,730,79,0.4,6.5,0.99,,153.8,1057.8,M08,PVDC-coated BOPP,25,15,5,120,good,conventional (no gas modification),,,,,,N,567,N,2.41,0.0337,21,M09,PE/EVOH/PE coextruded film,60,523,,synthetic_rule_physics_model
SCN01793,C030,Frozen green peas,frozen,frozen,S07,-22.0,87.0,S11,24,-22.0,0.25,182,79,0.4,6.5,0.99,,850.3,3371.2,M02,HDPE film,50,800.0,3.44,28,good,conventional (no gas modification),,,,,,N,186,Y,1.35,0.0214,77,M14,PBAT / starch compostable film,55,183,,synthetic_rule_physics_model
SCN01794,C030,Frozen green peas,frozen,frozen,S07,-19.9,93.0,S11,48,-19.9,1.0,730,79,0.4,6.5,0.99,,286.4,1951.4,M08,PVDC-coated BOPP,25,15,5,120,good,conventional (no gas modification),,,,,,N,476,N,1.12,0.0158,21,M09,PE/EVOH/PE coextruded film,60,448,,synthetic_rule_physics_model
SCN01795,C030,Frozen green peas,frozen,frozen,S07,-20.6,91.0,S11,48,-20.6,1.0,730,79,0.4,6.5,0.99,,301.7,1526.7,M08,PVDC-coated BOPP,25,15,5,120,good,conventional (no gas modification),,,,,,N,486,N,1.12,0.0158,21,M09,PE/EVOH/PE coextruded film,60,477,,synthetic_rule_physics_model
SCN01796,C030,Frozen green peas,frozen,frozen,S07,-15.3,86.0,S11,48,-15.3,1.0,548,79,0.4,6.5,0.99,,272.0,595.8,M08,PVDC-coated BOPP,25,15,5,120,good,conventional (no gas modification),,,,,,N,271,N,1.12,0.0158,21,M09,PE/EVOH/PE coextruded film,60,280,,synthetic_rule_physics_model
SCN01797,C030,Frozen green peas,frozen,frozen,S07,-19.7,87.0,S11,48,-19.7,0.5,730,79,0.4,6.5,0.99,,224.9,708.1,M08,PVDC-coated BOPP,25,15,5,120,good,conventional (no gas modification),,,,,,N,491,N,1.41,0.0198,21,M09,PE/EVOH/PE coextruded film,60,411,,synthetic_rule_physics_model
SCN01798,C030,Frozen green peas,frozen,frozen,S07,-21.9,92.0,S11,6,-21.9,1.0,274,79,0.4,6.5,0.99,,887.0,5840.8,M03,"BOPP film (heat-sealable, coated)",40,875.0,2.5,150,fair,conventional (no gas modification),,,,,,N,279,Y,0.9,0.012,75,M02,HDPE film,60,369,,synthetic_rule_physics_model
SCN01799,C030,Frozen green peas,frozen,frozen,S07,-15.7,93.0,S11,48,-15.7,0.25,182,79,0.4,6.5,0.99,,533.4,2710.7,M02,HDPE film,75,533.3,2.29,28,good,conventional (no gas modification),,,,,,N,185,Y,2.03,0.0321,77,,,,,,synthetic_rule_physics_model
SCN01800,C030,Frozen green peas,frozen,frozen,S07,-15.5,94.0,S11,48,-15.5,0.25,365,79,0.4,6.5,0.99,,261.8,1568.9,M08,PVDC-coated BOPP,25,15,5,120,good,conventional (no gas modification),,,,,,N,262,N,1.78,0.0249,21,M09,PE/EVOH/PE coextruded film,60,272,,synthetic_rule_physics_model
SCN01801,C031,Frozen fish,frozen,frozen,S07,-18.5,95.0,S11,24,-18.4,0.1,135,78,3.0,6.6,0.99,,324.9,3696.5,M08,PVDC-coated BOPP,25,15,5,120,good,conventional (no gas modification),,,,,,N,269,Y,2.41,0.0337,21,M09,PE/EVOH/PE coextruded film,60,302,,synthetic_rule_physics_model
SCN01802,C031,Frozen fish,frozen,frozen,S07,-17.6,95.0,S11,24,-17.6,0.1,540,78,3.0,6.6,0.99,,50,762.8,M08,PVDC-coated BOPP,25,15,5,120,good,vacuum,0,0,0,,,Y,332,N,2.41,0.0337,21,M09,PE/EVOH/PE coextruded film,60,346,,synthetic_rule_physics_model
SCN01803,C031,Frozen fish,frozen,frozen,S07,-16.7,90.0,S11,24,-16.7,0.25,540,78,3.0,6.6,0.99,,50,413.1,M08,PVDC-coated BOPP,25,15,5,120,good,vacuum,0,0,0,,,Y,298,N,1.78,0.0249,21,M09,PE/EVOH/PE coextruded film,60,316,,synthetic_rule_physics_model
SCN01804,C031,Frozen fish,frozen,frozen,S07,-18.2,86.0,S11,24,-18.2,1.0,405,78,3.0,6.6,0.99,,50,774.8,M08,PVDC-coated BOPP,25,15,5,120,good,vacuum,0,0,0,,,Y,357,N,1.12,0.0158,21,M09,PE/EVOH/PE coextruded film,60,354,,synthetic_rule_physics_model
SCN01805,C031,Frozen fish,frozen,frozen,S07,-16.1,89.0,S11,6,-16.1,0.1,135,78,3.0,6.6,0.99,,273.6,1040.8,M08,PVDC-coated BOPP,25,15,5,120,good,conventional (no gas modification),,,,,,N,220,Y,2.41,0.0337,21,M09,PE/EVOH/PE coextruded film,60,209,,synthetic_rule_physics_model
SCN01806,C031,Frozen fish,frozen,frozen,S07,-20.1,87.0,S11,48,-20.1,0.25,405,78,3.0,6.6,0.99,,50,705.4,M08,PVDC-coated BOPP,25,15,5,120,good,vacuum,0,0,0,,,Y,441,Y,1.78,0.0249,21,M09,PE/EVOH/PE coextruded film,60,442,,synthetic_rule_physics_model
SCN01807,C031,Frozen fish,frozen,frozen,S07,-15.5,90.0,S11,48,-15.5,0.5,202,78,3.0,6.6,0.99,,298.2,1201.2,M08,PVDC-coated BOPP,25,15,5,120,good,conventional (no gas modification),,,,,,N,195,N,1.41,0.0198,21,M09,PE/EVOH/PE coextruded film,60,219,,synthetic_rule_physics_model
SCN01808,C031,Frozen fish,frozen,frozen,S07,-17.9,86.0,S11,24,-17.9,0.25,202,78,3.0,6.6,0.99,,282.9,978.4,M08,PVDC-coated BOPP,25,15,5,120,good,conventional (no gas modification),,,,,,N,284,Y,1.78,0.0249,21,M09,PE/EVOH/PE coextruded film,60,263,,synthetic_rule_physics_model
SCN01809,C031,Frozen fish,frozen,frozen,S07,-18.1,88.0,S11,48,-18.1,1.0,540,78,3.0,6.6,0.99,,50,715.8,M08,PVDC-coated BOPP,25,15,5,120,good,vacuum,0,0,0,,,Y,384,N,1.12,0.0158,21,M09,PE/EVOH/PE coextruded film,60,348,,synthetic_rule_physics_model
SCN01810,C031,Frozen fish,frozen,frozen,S07,-21.7,91.0,S11,48,-21.7,1.0,405,78,3.0,6.6,0.99,,50,2200.1,M08,PVDC-coated BOPP,25,15,5,120,good,vacuum,0,0,0,,,Y,506,Y,1.12,0.0158,21,M09,PE/EVOH/PE coextruded film,60,525,,synthetic_rule_physics_model
SCN01811,C031,Frozen fish,frozen,frozen,S07,-21.8,90.0,S11,48,-21.8,0.1,202,78,3.0,6.6,0.99,,279.7,1774.6,M08,PVDC-coated BOPP,25,15,5,120,good,conventional (no gas modification),,,,,,N,418,Y,2.41,0.0337,21,M09,PE/EVOH/PE coextruded film,60,397,,synthetic_rule_physics_model
SCN01812,C031,Frozen fish,frozen,frozen,S07,-15.5,91.0,S11,48,-15.5,0.5,540,78,3.0,6.6,0.99,,50,501.2,M08,PVDC-coated BOPP,25,15,5,120,good,vacuum,0,0,0,,,Y,275,N,1.41,0.0198,21,M09,PE/EVOH/PE coextruded film,60,275,,synthetic_rule_physics_model
SCN01813,C031,Frozen fish,frozen,frozen,S07,-16.5,87.0,S11,6,-16.5,0.25,540,78,3.0,6.6,0.99,,50,321.8,M08,PVDC-coated BOPP,25,15,5,120,good,vacuum,0,0,0,,,Y,307,N,1.78,0.0249,21,M09,PE/EVOH/PE coextruded film,60,302,,synthetic_rule_physics_model
SCN01814,C031,Frozen fish,frozen,frozen,S07,-18.6,95.0,S11,6,-18.6,0.1,405,78,3.0,6.6,0.99,,50,1261.3,M08,PVDC-coated BOPP,25,15,5,120,good,vacuum,0,0,0,,,Y,371,N,2.41,0.0337,21,M09,PE/EVOH/PE coextruded film,60,373,,synthetic_rule_physics_model
SCN01815,C031,Frozen fish,frozen,frozen,S07,-20.5,93.0,S11,48,-20.5,0.25,270,78,3.0,6.6,0.99,,50,2425.0,M08,PVDC-coated BOPP,25,15,5,120,good,vacuum,0,0,0,,,Y,456,Y,1.78,0.0249,21,M09,PE/EVOH/PE coextruded film,60,461,,synthetic_rule_physics_model
SCN01816,C031,Frozen fish,frozen,frozen,S07,-15.0,94.0,S11,48,-15.0,0.25,405,78,3.0,6.6,0.99,,50,776.5,M08,PVDC-coated BOPP,25,15,5,120,good,vacuum,0,0,0,,,Y,240,N,1.78,0.0249,21,M09,PE/EVOH/PE coextruded film,60,253,,synthetic_rule_physics_model
SCN01817,C031,Frozen fish,frozen,frozen,S07,-20.3,94.0,S11,48,-20.2,1.0,270,78,3.0,6.6,0.99,,50,4383.9,M08,PVDC-coated BOPP,25,15,5,120,good,vacuum,0,0,0,,,Y,450,Y,1.12,0.0158,21,M09,PE/EVOH/PE coextruded film,60,460,,synthetic_rule_physics_model
SCN01818,C031,Frozen fish,frozen,frozen,S07,-20.1,88.0,S11,24,-20.1,0.1,405,78,3.0,6.6,0.99,,50,582.4,M08,PVDC-coated BOPP,25,15,5,120,good,vacuum,0,0,0,,,Y,441,Y,2.41,0.0337,21,M09,PE/EVOH/PE coextruded film,60,419,,synthetic_rule_physics_model
SCN01819,C031,Frozen fish,frozen,frozen,S07,-20.1,93.0,S11,48,-20.1,1.0,405,78,3.0,6.6,0.99,,50,2236.4,M08,PVDC-coated BOPP,25,15,5,120,good,vacuum,0,0,0,,,Y,411,Y,1.12,0.0158,21,M09,PE/EVOH/PE coextruded film,60,460,,synthetic_rule_physics_model
SCN01820,C031,Frozen fish,frozen,frozen,S07,-17.8,91.0,S11,24,-17.8,0.1,405,78,3.0,6.6,0.99,,50,554.2,M08,PVDC-coated BOPP,25,15,5,120,good,vacuum,0,0,0,,,Y,352,N,2.41,0.0337,21,M09,PE/EVOH/PE coextruded film,60,349,,synthetic_rule_physics_model
SCN01821,C031,Frozen fish,frozen,frozen,S07,-18.9,89.0,S11,48,-18.9,0.25,270,78,3.0,6.6,0.99,,50,1107.5,M08,PVDC-coated BOPP,25,15,5,120,good,vacuum,0,0,0,,,Y,381,Y,1.78,0.0249,21,M09,PE/EVOH/PE coextruded film,60,394,,synthetic_rule_physics_model
SCN01822,C031,Frozen fish,frozen,frozen,S07,-20.1,89.0,S11,24,-20.1,0.25,540,78,3.0,6.6,0.99,,50,672.4,M08,PVDC-coated BOPP,25,15,5,120,good,vacuum,0,0,0,,,Y,460,N,1.78,0.0249,21,M09,PE/EVOH/PE coextruded film,60,437,,synthetic_rule_physics_model
SCN01823,C031,Frozen fish,frozen,frozen,S07,-18.5,91.0,S11,48,-18.4,0.5,270,78,3.0,6.6,0.99,,50,1532.9,M08,PVDC-coated BOPP,25,15,5,120,good,vacuum,0,0,0,,,Y,351,Y,1.41,0.0198,21,M09,PE/EVOH/PE coextruded film,60,367,,synthetic_rule_physics_model
SCN01824,C031,Frozen fish,frozen,frozen,S07,-21.2,91.0,S11,24,-21.2,0.1,405,78,3.0,6.6,0.99,,50,971.4,M08,PVDC-coated BOPP,25,15,5,120,good,vacuum,0,0,0,,,Y,517,Y,2.41,0.0337,21,M09,PE/EVOH/PE coextruded film,60,501,,synthetic_rule_physics_model
SCN01825,C031,Frozen fish,frozen,frozen,S07,-21.7,86.0,S11,48,-21.7,0.1,202,78,3.0,6.6,0.99,,276.4,1275.1,M08,PVDC-coated BOPP,25,15,5,120,good,conventional (no gas modification),,,,,,N,441,Y,2.41,0.0337,21,M09,PE/EVOH/PE coextruded film,60,377,,synthetic_rule_physics_model
SCN01826,C031,Frozen fish,frozen,frozen,S07,-20.6,88.0,S11,48,-20.5,0.25,135,78,3.0,6.6,0.99,,512.4,2558.5,M02,HDPE film,80,500.0,2.15,28,good,conventional (no gas modification),,,,,,N,136,Y,2.16,0.0342,77,,,,,,synthetic_rule_physics_model
SCN01827,C031,Frozen fish,frozen,frozen,S07,-19.7,91.0,S11,48,-19.7,0.1,540,78,3.0,6.6,0.99,,50,568.9,M08,PVDC-coated BOPP,25,15,5,120,good,vacuum,0,0,0,,,Y,415,N,2.41,0.0337,21,M09,PE/EVOH/PE coextruded film,60,412,,synthetic_rule_physics_model
SCN01828,C031,Frozen fish,frozen,frozen,S07,-18.3,91.0,S11,48,-18.3,1.0,405,78,3.0,6.6,0.99,,50,1278.3,M08,PVDC-coated BOPP,25,15,5,120,good,vacuum,0,0,0,,,Y,379,N,1.12,0.0158,21,M09,PE/EVOH/PE coextruded film,60,344,,synthetic_rule_physics_model
SCN01829,C031,Frozen fish,frozen,frozen,S07,-18.1,89.0,S11,6,-18.1,1.0,270,78,3.0,6.6,0.99,,50,1582.7,M08,PVDC-coated BOPP,25,15,5,120,good,vacuum,0,0,0,,,Y,380,Y,1.12,0.0158,21,M09,PE/EVOH/PE coextruded film,60,357,,synthetic_rule_physics_model
SCN01830,C031,Frozen fish,frozen,frozen,S07,-19.0,89.0,S11,24,-19.0,0.1,540,78,3.0,6.6,0.99,,50,396.7,M08,PVDC-coated BOPP,25,15,5,120,good,vacuum,0,0,0,,,Y,396,N,2.41,0.0337,21,M09,PE/EVOH/PE coextruded film,60,380,,synthetic_rule_physics_model
SCN01831,C031,Frozen fish,frozen,frozen,S07,-20.5,93.0,S11,24,-20.5,0.25,202,78,3.0,6.6,0.99,,341.5,2983.4,M08,PVDC-coated BOPP,25,15,5,120,good,conventional (no gas modification),,,,,,N,353,Y,1.78,0.0249,21,M09,PE/EVOH/PE coextruded film,60,368,,synthetic_rule_physics_model
SCN01832,C031,Frozen fish,frozen,frozen,S07,-21.1,91.0,S11,6,-21.1,0.5,135,78,3.0,6.6,0.99,,673.1,4981.4,M02,HDPE film,60,666.7,2.87,28,good,conventional (no gas modification),,,,,,N,132,N,1.29,0.0204,77,,,,,,synthetic_rule_physics_model
SCN01833,C031,Frozen fish,frozen,frozen,S07,-20.4,86.0,S11,6,-20.4,0.25,202,78,3.0,6.6,0.99,,339.8,1357.0,M08,PVDC-coated BOPP,25,15,5,120,good,conventional (no gas modification),,,,,,N,359,Y,1.78,0.0249,21,M09,PE/EVOH/PE coextruded film,60,357,,synthetic_rule_physics_model
SCN01834,C031,Frozen fish,frozen,frozen,S07,-16.4,89.0,S11,24,-16.4,1.0,270,78,3.0,6.6,0.99,,50,1221.6,M08,PVDC-coated BOPP,25,15,5,120,good,vacuum,0,0,0,,,Y,304,Y,1.12,0.0158,21,M09,PE/EVOH/PE coextruded film,60,302,,synthetic_rule_physics_model
SCN01835,C031,Frozen fish,frozen,frozen,S07,-21.8,86.0,S11,48,-21.8,0.1,270,78,3.0,6.6,0.99,,50,942.7,M08,PVDC-coated BOPP,25,15,5,120,good,vacuum,0,0,0,,,Y,540,Y,2.41,0.0337,21,M09,PE/EVOH/PE coextruded film,60,533,,synthetic_rule_physics_model
SCN01836,C031,Frozen fish,frozen,frozen,S07,-17.5,95.0,S11,24,-17.5,0.1,135,78,3.0,6.6,0.99,,303.1,3214.3,M08,PVDC-coated BOPP,25,15,5,120,good,conventional (no gas modification),,,,,,N,249,Y,2.41,0.0337,21,M09,PE/EVOH/PE coextruded film,60,231,,synthetic_rule_physics_model
SCN01837,C031,Frozen fish,frozen,frozen,S07,-18.5,91.0,S11,6,-18.5,0.5,405,78,3.0,6.6,0.99,,50,1028.0,M08,PVDC-coated BOPP,25,15,5,120,good,vacuum,0,0,0,,,Y,350,N,1.41,0.0198,21,M09,PE/EVOH/PE coextruded film,60,383,,synthetic_rule_physics_model
SCN01838,C031,Frozen fish,frozen,frozen,S07,-17.0,93.0,S11,6,-17.0,1.0,135,78,3.0,6.6,0.99,,623.0,4246.0,M02,HDPE film,65,615.4,2.65,28,good,conventional (no gas modification),,,,,,N,135,Y,1.11,0.0176,77,,,,,,synthetic_rule_physics_model
SCN01839,C031,Frozen fish,frozen,frozen,S07,-15.6,86.0,S11,6,-15.6,1.0,270,78,3.0,6.6,0.99,,50,778.0,M08,PVDC-coated BOPP,25,15,5,120,good,vacuum,0,0,0,,,Y,254,N,1.12,0.0158,21,M09,PE/EVOH/PE coextruded film,60,276,,synthetic_rule_physics_model
SCN01840,C031,Frozen fish,frozen,frozen,S07,-15.9,90.0,S11,24,-15.9,0.25,270,78,3.0,6.6,0.99,,50,808.2,M08,PVDC-coated BOPP,25,15,5,120,good,vacuum,0,0,0,,,Y,287,Y,1.78,0.0249,21,M09,PE/EVOH/PE coextruded film,60,278,,synthetic_rule_physics_model
SCN01841,C031,Frozen fish,frozen,frozen,S07,-17.3,92.0,S11,24,-17.3,0.5,270,78,3.0,6.6,0.99,,50,1528.8,M08,PVDC-coated BOPP,25,15,5,120,good,vacuum,0,0,0,,,Y,344,Y,1.41,0.0198,21,M09,PE/EVOH/PE coextruded film,60,331,,synthetic_rule_physics_model
SCN01842,C031,Frozen fish,frozen,frozen,S07,-19.9,89.0,S11,6,-19.9,0.25,202,78,3.0,6.6,0.99,,326.4,1631.3,M08,PVDC-coated BOPP,25,15,5,120,good,conventional (no gas modification),,,,,,N,356,Y,1.78,0.0249,21,M09,PE/EVOH/PE coextruded film,60,352,,synthetic_rule_physics_model
SCN01843,C031,Frozen fish,frozen,frozen,S07,-17.0,89.0,S11,48,-17.0,1.0,540,78,3.0,6.6,0.99,,50,680.9,M08,PVDC-coated BOPP,25,15,5,120,good,vacuum,0,0,0,,,Y,317,N,1.12,0.0158,21,M09,PE/EVOH/PE coextruded film,60,310,,synthetic_rule_physics_model
SCN01844,C031,Frozen fish,frozen,frozen,S07,-16.6,93.0,S11,6,-16.6,0.25,405,78,3.0,6.6,0.99,,50,808.1,M08,PVDC-coated BOPP,25,15,5,120,good,vacuum,0,0,0,,,Y,324,N,1.78,0.0249,21,M09,PE/EVOH/PE coextruded film,60,305,,synthetic_rule_physics_model
SCN01845,C031,Frozen fish,frozen,frozen,S07,-19.3,87.0,S11,6,-19.3,0.1,540,78,3.0,6.6,0.99,,50,349.9,M08,PVDC-coated BOPP,25,15,5,120,good,vacuum,0,0,0,,,Y,409,N,2.41,0.0337,21,M09,PE/EVOH/PE coextruded film,60,401,,synthetic_rule_physics_model
SCN01846,C031,Frozen fish,frozen,frozen,S07,-15.3,93.0,S11,24,-15.3,0.25,135,78,3.0,6.6,0.99,,348.5,2216.1,M08,PVDC-coated BOPP,25,15,5,120,good,conventional (no gas modification),,,,,,N,189,Y,1.78,0.0249,21,M09,PE/EVOH/PE coextruded film,60,191,,synthetic_rule_physics_model
SCN01847,C031,Frozen fish,frozen,frozen,S07,-17.0,90.0,S11,6,-17.0,0.25,270,78,3.0,6.6,0.99,,50,909.0,M08,PVDC-coated BOPP,25,15,5,120,good,vacuum,0,0,0,,,Y,315,Y,1.78,0.0249,21,M09,PE/EVOH/PE coextruded film,60,312,,synthetic_rule_physics_model
SCN01848,C031,Frozen fish,frozen,frozen,S07,-16.0,93.0,S11,24,-16.0,1.0,405,78,3.0,6.6,0.99,,50,1209.4,M08,PVDC-coated BOPP,25,15,5,120,good,vacuum,0,0,0,,,Y,267,N,1.12,0.0158,21,M09,PE/EVOH/PE coextruded film,60,280,,synthetic_rule_physics_model
SCN01849,C031,Frozen fish,frozen,frozen,S07,-19.0,95.0,S11,24,-19.0,0.5,270,78,3.0,6.6,0.99,,50,3396.9,M08,PVDC-coated BOPP,25,15,5,120,good,vacuum,0,0,0,,,Y,367,Y,1.41,0.0198,21,M09,PE/EVOH/PE coextruded film,60,406,,synthetic_rule_physics_model
SCN01850,C031,Frozen fish,frozen,frozen,S07,-18.3,89.0,S11,48,-18.3,0.25,405,78,3.0,6.6,0.99,,50,634.4,M08,PVDC-coated BOPP,25,15,5,120,good,vacuum,0,0,0,,,Y,362,N,1.78,0.0249,21,M09,PE/EVOH/PE coextruded film,60,354,,synthetic_rule_physics_model
SCN01851,C031,Frozen fish,frozen,frozen,S07,-17.4,94.0,S11,48,-17.5,0.1,202,78,3.0,6.6,0.99,,201.9,1772.3,M08,PVDC-coated BOPP,25,15,5,120,good,conventional (no gas modification),,,,,,N,243,Y,2.41,0.0337,21,M09,PE/EVOH/PE coextruded film,60,258,,synthetic_rule_physics_model
SCN01852,C031,Frozen fish,frozen,frozen,S07,-15.9,92.0,S11,48,-15.9,1.0,540,78,3.0,6.6,0.99,,50,826.3,M08,PVDC-coated BOPP,25,15,5,120,good,vacuum,0,0,0,,,Y,272,N,1.12,0.0158,21,M09,PE/EVOH/PE coextruded film,60,278,,synthetic_rule_physics_model
SCN01853,C031,Frozen fish,frozen,frozen,S07,-17.2,86.0,S11,6,-17.2,0.25,405,78,3.0,6.6,0.99,,50,418.3,M08,PVDC-coated BOPP,25,15,5,120,good,vacuum,0,0,0,,,Y,318,N,1.78,0.0249,21,M09,PE/EVOH/PE coextruded film,60,334,,synthetic_rule_physics_model
SCN01854,C031,Frozen fish,frozen,frozen,S07,-19.4,85.0,S11,6,-19.4,1.0,270,78,3.0,6.6,0.99,,50,1353.3,M08,PVDC-coated BOPP,25,15,5,120,good,vacuum,0,0,0,,,Y,404,Y,1.12,0.0158,21,M09,PE/EVOH/PE coextruded film,60,443,,synthetic_rule_physics_model
SCN01855,C031,Frozen fish,frozen,frozen,S07,-17.5,91.0,S11,6,-17.5,0.1,202,78,3.0,6.6,0.99,,201.9,1073.9,M08,PVDC-coated BOPP,25,15,5,120,good,conventional (no gas modification),,,,,,N,269,Y,2.41,0.0337,21,M09,PE/EVOH/PE coextruded film,60,253,,synthetic_rule_physics_model
SCN01856,C031,Frozen fish,frozen,frozen,S07,-19.3,93.0,S11,48,-19.3,0.25,540,78,3.0,6.6,0.99,,50,985.3,M08,PVDC-coated BOPP,25,15,5,120,good,vacuum,0,0,0,,,Y,425,N,1.78,0.0249,21,M09,PE/EVOH/PE coextruded film,60,391,,synthetic_rule_physics_model
SCN01857,C031,Frozen fish,frozen,frozen,S07,-20.5,86.0,S11,6,-20.5,0.25,202,78,3.0,6.6,0.99,,342.9,1484.1,M08,PVDC-coated BOPP,25,15,5,120,good,conventional (no gas modification),,,,,,N,358,Y,1.78,0.0249,21,M09,PE/EVOH/PE coextruded film,60,354,,synthetic_rule_physics_model
SCN01858,C031,Frozen fish,frozen,frozen,S07,-19.3,89.0,S11,6,-19.3,1.0,405,78,3.0,6.6,0.99,,50,1261.3,M08,PVDC-coated BOPP,25,15,5,120,good,vacuum,0,0,0,,,Y,411,Y,1.12,0.0158,21,M09,PE/EVOH/PE coextruded film,60,405,,synthetic_rule_physics_model
SCN01859,C031,Frozen fish,frozen,frozen,S07,-19.4,93.0,S11,24,-19.4,0.25,540,78,3.0,6.6,0.99,,50,971.7,M08,PVDC-coated BOPP,25,15,5,120,good,vacuum,0,0,0,,,Y,430,N,1.78,0.0249,21,M09,PE/EVOH/PE coextruded film,60,398,,synthetic_rule_physics_model
SCN01860,C031,Frozen fish,frozen,frozen,S07,-21.4,90.0,S11,48,-21.4,1.0,540,78,3.0,6.6,0.99,,50,1415.1,M08,PVDC-coated BOPP,25,15,5,120,good,vacuum,0,0,0,,,Y,521,N,1.12,0.0158,21,M09,PE/EVOH/PE coextruded film,60,523,,synthetic_rule_physics_model
SCN01861,C032,Ice cream,frozen,frozen,S08,-22.1,88.0,S11,48,-22.1,0.1,135,61,11,6.5,0.97,,2142.7,4478.4,M02,HDPE film,20,2000.0,8.6,28,good,conventional (no gas modification),,,,,,N,131,N,0.73,0.0116,77,M14,PBAT / starch compostable film,25,130,,synthetic_rule_physics_model
SCN01862,C032,Ice cream,frozen,frozen,S08,-26.8,87.0,S11,24,-26.7,0.5,360,61,11,6.5,0.97,,1955.8,5131.6,M03,"BOPP film (heat-sealable, coated)",25,1400.0,4.0,150,fair,conventional (no gas modification),,,,,,N,215,N,0.71,0.0094,75,M02,HDPE film,45,219,,synthetic_rule_physics_model
SCN01863,C032,Ice cream,frozen,frozen,S08,-24.5,89.0,S11,6,-24.5,1.0,180,61,11,6.5,0.97,,4117.8,11990.2,M03,"BOPP film (heat-sealable, coated)",30,1166.7,3.33,150,fair,conventional (no gas modification),,,,,,N,183,Y,0.68,0.009,75,M02,HDPE film,60,177,,synthetic_rule_physics_model
SCN01864,C032,Ice cream,frozen,frozen,S08,-27.0,94.0,S11,6,-27.0,0.25,180,61,11,6.5,0.97,,3182.1,26147.3,M02,HDPE film,30,1333.3,5.73,28,good,conventional (no gas modification),,,,,,N,229,Y,0.81,0.0128,77,M14,PBAT / starch compostable film,30,214,,synthetic_rule_physics_model
SCN01865,C032,Ice cream,frozen,frozen,S08,-25.1,94.0,S11,48,-24.9,1.0,90,61,11,6.5,0.97,,8509.9,65275.2,M03,"BOPP film (heat-sealable, coated)",30,1166.7,3.33,150,fair,conventional (no gas modification),,,,,,N,173,Y,0.68,0.009,75,M02,HDPE film,60,173,,synthetic_rule_physics_model
SCN01866,C032,Ice cream,frozen,frozen,S08,-28.4,89.0,S11,48,-28.4,1.0,360,61,11,6.5,0.97,,2804.0,10984.1,M03,"BOPP film (heat-sealable, coated)",30,1166.7,3.33,150,fair,conventional (no gas modification),,,,,,N,248,N,0.68,0.009,75,M02,HDPE film,60,255,,synthetic_rule_physics_model
SCN01867,C032,Ice cream,frozen,frozen,S08,-25.1,93.0,S11,48,-25.1,0.1,270,61,11,6.5,0.97,,1347.2,7586.2,M02,HDPE film,30,1333.3,5.73,28,good,conventional (no gas modification),,,,,,N,193,N,1.1,0.0174,77,M14,PBAT / starch compostable film,35,182,,synthetic_rule_physics_model
SCN01868,C032,Ice cream,frozen,frozen,S08,-25.1,89.0,S11,24,-25.0,0.25,180,61,11,6.5,0.97,,2723.9,7587.3,M02,HDPE film,30,1333.3,5.73,28,good,conventional (no gas modification),,,,,,N,186,Y,0.81,0.0128,77,M14,PBAT / starch compostable film,30,173,,synthetic_rule_physics_model
SCN01869,C032,Ice cream,frozen,frozen,S08,-29.8,91.0,S11,48,-29.7,0.25,270,61,11,6.5,0.97,,2632.4,14833.9,M02,HDPE film,30,1333.3,5.73,28,good,conventional (no gas modification),,,,,,N,271,Y,0.81,0.0128,77,M14,PBAT / starch compostable film,30,260,,synthetic_rule_physics_model
SCN01870,C032,Ice cream,frozen,frozen,S08,-25.0,91.0,S11,6,-24.9,0.1,180,61,11,6.5,0.97,,1997.6,7410.1,M02,HDPE film,25,1600.0,6.88,28,good,conventional (no gas modification),,,,,,N,178,Y,0.91,0.0145,77,M14,PBAT / starch compostable film,25,179,,synthetic_rule_physics_model
SCN01871,C032,Ice cream,frozen,frozen,S08,-22.8,89.0,S11,24,-22.8,1.0,180,61,11,6.5,0.97,,3620.9,8489.0,M03,"BOPP film (heat-sealable, coated)",30,1166.7,3.33,150,fair,conventional (no gas modification),,,,,,N,126,N,0.68,0.009,75,M02,HDPE film,60,141,,synthetic_rule_physics_model
SCN01872,C032,Ice cream,frozen,frozen,S08,-26.1,88.0,S11,24,-26.1,1.0,180,61,11,6.5,0.97,,4659.0,12944.3,M03,"BOPP film (heat-sealable, coated)",30,1166.7,3.33,150,fair,conventional (no gas modification),,,,,,N,191,Y,0.68,0.009,75,M02,HDPE film,60,194,,synthetic_rule_physics_model
SCN01873,C032,Ice cream,frozen,frozen,S08,-24.6,93.0,S11,24,-24.6,1.0,135,61,11,6.5,0.97,,5535.2,34003.7,M03,"BOPP film (heat-sealable, coated)",30,1166.7,3.33,150,fair,conventional (no gas modification),,,,,,N,172,Y,0.68,0.009,75,M02,HDPE film,60,176,,synthetic_rule_physics_model
SCN01874,C032,Ice cream,frozen,frozen,S08,-26.2,90.0,S11,24,-26.2,0.5,180,61,11,6.5,0.97,,3735.6,13831.8,M03,"BOPP film (heat-sealable, coated)",25,1400.0,4.0,150,fair,conventional (no gas modification),,,,,,N,208,Y,0.71,0.0094,75,M02,HDPE film,45,202,,synthetic_rule_physics_model
SCN01875,C032,Ice cream,frozen,frozen,S08,-24.6,89.0,S11,6,-24.5,1.0,360,61,11,6.5,0.97,,2070.5,5601.4,M03,"BOPP film (heat-sealable, coated)",30,1166.7,3.33,150,fair,conventional (no gas modification),,,,,,N,180,N,0.68,0.009,75,M02,HDPE film,60,171,,synthetic_rule_physics_model
SCN01876,C032,Ice cream,frozen,frozen,S08,-23.0,90.0,S11,48,-22.9,0.1,90,61,11,6.5,0.97,,3417.7,9563.2,M02,HDPE film,20,2000.0,8.6,28,good,conventional (no gas modification),,,,,,N,133,Y,0.73,0.0116,77,M14,PBAT / starch compostable film,20,144,,synthetic_rule_physics_model
SCN01877,C032,Ice cream,frozen,frozen,S08,-26.7,95.0,S11,24,-26.7,0.25,180,61,11,6.5,0.97,,3099.2,27468.4,M02,HDPE film,30,1333.3,5.73,28,good,conventional (no gas modification),,,,,,N,227,Y,0.81,0.0128,77,M14,PBAT / starch compostable film,30,216,,synthetic_rule_physics_model
SCN01878,C032,Ice cream,frozen,frozen,S08,-25.1,94.0,S11,24,-25.1,0.1,90,61,11,6.5,0.97,,4029.5,30041.9,M02,HDPE film,20,2000.0,8.6,28,good,conventional (no gas modification),,,,,,N,164,Y,0.73,0.0116,77,M14,PBAT / starch compostable film,20,159,,synthetic_rule_physics_model
SCN01879,C032,Ice cream,frozen,frozen,S08,-28.5,92.0,S11,6,-28.5,0.25,270,61,11,6.5,0.97,,2393.8,14487.3,M02,HDPE film,30,1333.3,5.73,28,good,conventional (no gas modification),,,,,,N,246,N,0.81,0.0128,77,M14,PBAT / starch compostable film,30,281,,synthetic_rule_physics_model
SCN01880,C032,Ice cream,frozen,frozen,S08,-23.6,89.0,S11,48,-23.6,0.5,360,61,11,6.5,0.97,,1533.7,3857.0,M03,"BOPP film (heat-sealable, coated)",25,1400.0,4.0,150,fair,conventional (no gas modification),,,,,,N,150,N,0.71,0.0094,75,M02,HDPE film,45,141,,synthetic_rule_physics_model
SCN01881,C032,Ice cream,frozen,frozen,S08,-25.4,95.0,S11,24,-25.3,0.1,90,61,11,6.5,0.97,,4107.9,32548.5,M02,HDPE film,20,2000.0,8.6,28,good,conventional (no gas modification),,,,,,N,186,Y,0.73,0.0116,77,M14,PBAT / starch compostable film,20,167,,synthetic_rule_physics_model
SCN01882,C032,Ice cream,frozen,frozen,S08,-24.0,87.0,S11,6,-24.0,0.1,360,61,11,6.5,0.97,,931.1,2057.4,M02,HDPE film,45,888.9,3.82,28,good,conventional (no gas modification),,,,,,N,163,N,1.65,0.026,77,M14,PBAT / starch compostable film,50,164,,synthetic_rule_physics_model
SCN01883,C032,Ice cream,frozen,frozen,S08,-26.6,88.0,S11,48,-26.3,0.5,90,61,11,6.5,0.97,,7562.5,22007.6,M03,"BOPP film (heat-sealable, coated)",25,1400.0,4.0,150,fair,conventional (no gas modification),,,,,,N,201,Y,0.71,0.0094,75,M02,HDPE film,45,205,,synthetic_rule_physics_model
SCN01884,C032,Ice cream,frozen,frozen,S08,-24.4,87.0,S11,48,-24.3,1.0,270,61,11,6.5,0.97,,2717.6,6149.8,M03,"BOPP film (heat-sealable, coated)",30,1166.7,3.33,150,fair,conventional (no gas modification),,,,,,N,163,N,0.68,0.009,75,M02,HDPE film,60,166,,synthetic_rule_physics_model
SCN01885,C032,Ice cream,frozen,frozen,S08,-27.2,91.0,S11,48,-27.2,0.1,270,61,11,6.5,0.97,,1588.1,7268.9,M02,HDPE film,30,1333.3,5.73,28,good,conventional (no gas modification),,,,,,N,240,N,1.1,0.0174,77,M14,PBAT / starch compostable film,30,235,,synthetic_rule_physics_model
SCN01886,C032,Ice cream,frozen,frozen,S08,-22.6,95.0,S11,48,-22.6,0.1,135,61,11,6.5,0.97,,2213.5,14089.8,M02,HDPE film,20,2000.0,8.6,28,good,conventional (no gas modification),,,,,,N,138,Y,0.73,0.0116,77,M14,PBAT / starch compostable film,25,136,,synthetic_rule_physics_model
SCN01887,C032,Ice cream,frozen,frozen,S08,-28.8,93.0,S11,24,-28.7,0.25,90,61,11,6.5,0.97,,7258.9,53382.0,M02,HDPE film,30,1333.3,5.73,28,good,conventional (no gas modification),,,,,,N,275,Y,0.81,0.0128,77,M14,PBAT / starch compostable film,30,265,,synthetic_rule_physics_model
SCN01888,C032,Ice cream,frozen,frozen,S08,-23.7,89.0,S11,6,-23.7,0.25,180,61,11,6.5,0.97,,2446.8,6073.6,M02,HDPE film,30,1333.3,5.73,28,good,conventional (no gas modification),,,,,,N,154,N,0.81,0.0128,77,M14,PBAT / starch compostable film,30,156,,synthetic_rule_physics_model
SCN01889,C032,Ice cream,frozen,frozen,S08,-22.2,89.0,S11,24,-22.1,0.25,180,61,11,6.5,0.97,,2177.9,5269.5,M02,HDPE film,30,1333.3,5.73,28,good,conventional (no gas modification),,,,,,N,137,N,0.81,0.0128,77,M14,PBAT / starch compostable film,30,129,,synthetic_rule_physics_model
SCN01890,C032,Ice cream,frozen,frozen,S08,-22.3,88.0,S11,6,-22.3,0.5,270,61,11,6.5,0.97,,1839.5,3889.2,M03,"BOPP film (heat-sealable, coated)",25,1400.0,4.0,150,fair,conventional (no gas modification),,,,,,N,128,N,0.71,0.0094,75,M02,HDPE film,45,132,,synthetic_rule_physics_model
SCN01891,C032,Ice cream,frozen,frozen,S08,-23.5,94.0,S11,24,-23.5,1.0,360,61,11,6.5,0.97,,1902.4,13007.6,M03,"BOPP film (heat-sealable, coated)",30,1166.7,3.33,150,fair,conventional (no gas modification),,,,,,N,148,N,0.68,0.009,75,M02,HDPE film,60,157,,synthetic_rule_physics_model
SCN01892,C032,Ice cream,frozen,frozen,S08,-28.4,87.0,S11,6,-28.3,0.5,180,61,11,6.5,0.97,,4444.2,13301.8,M03,"BOPP film (heat-sealable, coated)",25,1400.0,4.0,150,fair,conventional (no gas modification),,,,,,N,274,Y,0.71,0.0094,75,M02,HDPE film,45,264,,synthetic_rule_physics_model
SCN01893,C032,Ice cream,frozen,frozen,S08,-29.8,95.0,S11,24,-29.7,0.1,90,61,11,6.5,0.97,,5821.7,66019.0,M02,HDPE film,20,2000.0,8.6,28,good,conventional (no gas modification),,,,,,N,266,Y,0.73,0.0116,77,M14,PBAT / starch compostable film,20,211,,synthetic_rule_physics_model
SCN01894,C032,Ice cream,frozen,frozen,S08,-22.1,85.0,S11,6,-22.1,1.0,270,61,11,6.5,0.97,,2286.9,3570.7,M03,"BOPP film (heat-sealable, coated)",30,1166.7,3.33,150,fair,conventional (no gas modification),,,,,,N,130,N,0.68,0.009,75,M02,HDPE film,60,128,,synthetic_rule_physics_model
SCN01895,C032,Ice cream,frozen,frozen,S08,-26.8,91.0,S11,48,-26.6,0.5,90,61,11,6.5,0.97,,7736.7,35271.2,M03,"BOPP film (heat-sealable, coated)",25,1400.0,4.0,150,fair,conventional (no gas modification),,,,,,N,215,Y,0.71,0.0094,75,M02,HDPE film,45,215,,synthetic_rule_physics_model
SCN01896,C032,Ice cream,frozen,frozen,S08,-28.9,89.0,S11,6,-28.9,0.5,90,61,11,6.5,0.97,,9287.6,38810.4,M03,"BOPP film (heat-sealable, coated)",25,1400.0,4.0,150,fair,conventional (no gas modification),,,,,,N,276,Y,0.71,0.0094,75,M02,HDPE film,45,279,,synthetic_rule_physics_model
SCN01897,C032,Ice cream,frozen,frozen,S08,-22.6,86.0,S11,48,-22.6,0.25,180,61,11,6.5,0.97,,2258.5,3868.7,M02,HDPE film,30,1333.3,5.73,28,good,conventional (no gas modification),,,,,,N,136,N,0.81,0.0128,77,M14,PBAT / starch compostable film,30,132,,synthetic_rule_physics_model
SCN01898,C032,Ice cream,frozen,frozen,S08,-22.9,88.0,S11,24,-22.9,1.0,90,61,11,6.5,0.97,,7268.6,16533.7,M03,"BOPP film (heat-sealable, coated)",30,1166.7,3.33,150,fair,conventional (no gas modification),,,,,,N,139,Y,0.68,0.009,75,M02,HDPE film,60,132,,synthetic_rule_physics_model
SCN01899,C032,Ice cream,frozen,frozen,S08,-25.6,94.0,S11,6,-25.6,0.5,90,61,11,6.5,0.97,,7136.9,57797.0,M03,"BOPP film (heat-sealable, coated)",25,1400.0,4.0,150,fair,conventional (no gas modification),,,,,,N,184,Y,0.71,0.0094,75,M02,HDPE film,45,179,,synthetic_rule_physics_model
SCN01900,C032,Ice cream,frozen,frozen,S08,-22.1,88.0,S11,6,-22.1,0.5,90,61,11,6.5,0.97,,5469.2,11079.2,M03,"BOPP film (heat-sealable, coated)",25,1400.0,4.0,150,fair,conventional (no gas modification),,,,,,N,129,Y,0.71,0.0094,75,M02,HDPE film,45,125,,synthetic_rule_physics_model
SCN01901,C032,Ice cream,frozen,frozen,S08,-27.2,94.0,S11,6,-27.2,0.5,90,61,11,6.5,0.97,,8110.7,74916.8,M03,"BOPP film (heat-sealable, coated)",25,1400.0,4.0,150,fair,conventional (no gas modification),,,,,,N,217,Y,0.71,0.0094,75,M02,HDPE film,45,226,,synthetic_rule_physics_model
SCN01902,C032,Ice cream,frozen,frozen,S08,-22.4,95.0,S11,24,-22.3,0.25,360,61,11,6.5,0.97,,1105.2,6920.2,M02,HDPE film,40,1000.0,4.3,28,good,conventional (no gas modification),,,,,,N,129,N,1.08,0.0171,77,M14,PBAT / starch compostable film,45,142,,synthetic_rule_physics_model
SCN01903,C032,Ice cream,frozen,frozen,S08,-24.5,88.0,S11,24,-24.5,0.1,90,61,11,6.5,0.97,,3844.9,9933.2,M02,HDPE film,20,2000.0,8.6,28,good,conventional (no gas modification),,,,,,N,178,Y,0.73,0.0116,77,M14,PBAT / starch compostable film,20,152,,synthetic_rule_physics_model
SCN01904,C032,Ice cream,frozen,frozen,S08,-24.8,89.0,S11,48,-24.6,0.1,90,61,11,6.5,0.97,,3901.5,10963.3,M02,HDPE film,20,2000.0,8.6,28,good,conventional (no gas modification),,,,,,N,167,Y,0.73,0.0116,77,M14,PBAT / starch compostable film,20,160,,synthetic_rule_physics_model
SCN01905,C032,Ice cream,frozen,frozen,S08,-23.8,94.0,S11,48,-23.7,0.25,135,61,11,6.5,0.97,,3270.2,22444.0,M02,HDPE film,30,1333.3,5.73,28,good,conventional (no gas modification),,,,,,N,160,Y,0.81,0.0128,77,M14,PBAT / starch compostable film,30,167,,synthetic_rule_physics_model
SCN01906,C032,Ice cream,frozen,frozen,S08,-24.4,95.0,S11,24,-24.4,1.0,270,61,11,6.5,0.97,,2728.5,20108.9,M03,"BOPP film (heat-sealable, coated)",30,1166.7,3.33,150,fair,conventional (no gas modification),,,,,,N,159,N,0.68,0.009,75,M02,HDPE film,60,178,,synthetic_rule_physics_model
SCN01907,C032,Ice cream,frozen,frozen,S08,-27.4,87.0,S11,6,-27.4,0.1,270,61,11,6.5,0.97,,1611.7,4612.6,M02,HDPE film,25,1600.0,6.88,28,good,conventional (no gas modification),,,,,,N,241,N,0.91,0.0145,77,M14,PBAT / starch compostable film,30,233,,synthetic_rule_physics_model
SCN01908,C032,Ice cream,frozen,frozen,S08,-26.9,88.0,S11,48,-26.8,0.1,135,61,11,6.5,0.97,,3075.0,9007.6,M02,HDPE film,20,2000.0,8.6,28,good,conventional (no gas modification),,,,,,N,220,Y,0.73,0.0116,77,M14,PBAT / starch compostable film,20,181,,synthetic_rule_physics_model
SCN01909,C032,Ice cream,frozen,frozen,S08,-23.7,88.0,S11,6,-23.7,0.1,360,61,11,6.5,0.97,,905.5,2119.5,M02,HDPE film,45,888.9,3.82,28,good,conventional (no gas modification),,,,,,N,148,N,1.65,0.026,77,M14,PBAT / starch compostable film,50,145,,synthetic_rule_physics_model
SCN01910,C032,Ice cream,frozen,frozen,S08,-29.6,87.0,S11,24,-29.6,1.0,360,61,11,6.5,0.97,,3090.0,10921.0,M03,"BOPP film (heat-sealable, coated)",30,1166.7,3.33,150,fair,conventional (no gas modification),,,,,,N,270,N,0.68,0.009,75,M02,HDPE film,60,276,,synthetic_rule_physics_model
SCN01911,C032,Ice cream,frozen,frozen,S08,-29.3,89.0,S11,48,-29.2,0.1,180,61,11,6.5,0.97,,2801.3,11346.6,M02,HDPE film,20,2000.0,8.6,28,good,conventional (no gas modification),,,,,,N,238,Y,0.73,0.0116,77,M14,PBAT / starch compostable film,20,245,,synthetic_rule_physics_model
SCN01912,C032,Ice cream,frozen,frozen,S08,-27.3,94.0,S11,48,-27.2,1.0,180,61,11,6.5,0.97,,5103.8,43766.7,M03,"BOPP film (heat-sealable, coated)",30,1166.7,3.33,150,fair,conventional (no gas modification),,,,,,N,232,Y,0.68,0.009,75,M02,HDPE film,60,226,,synthetic_rule_physics_model
SCN01913,C032,Ice cream,frozen,frozen,S08,-25.3,89.0,S11,48,-25.2,0.25,270,61,11,6.5,0.97,,1841.6,5602.8,M02,HDPE film,30,1333.3,5.73,28,good,conventional (no gas modification),,,,,,N,186,N,0.81,0.0128,77,M14,PBAT / starch compostable film,30,180,,synthetic_rule_physics_model
SCN01914,C032,Ice cream,frozen,frozen,S08,-24.4,90.0,S11,24,-24.4,0.5,270,61,11,6.5,0.97,,2176.2,6497.9,M03,"BOPP film (heat-sealable, coated)",25,1400.0,4.0,150,fair,conventional (no gas modification),,,,,,N,177,N,0.71,0.0094,75,M02,HDPE film,45,162,,synthetic_rule_physics_model
SCN01915,C032,Ice cream,frozen,frozen,S08,-22.7,86.0,S11,6,-22.7,0.25,360,61,11,6.5,0.97,,1139.0,2033.0,M02,HDPE film,40,1000.0,4.3,28,good,conventional (no gas modification),,,,,,N,143,N,1.08,0.0171,77,M14,PBAT / starch compostable film,40,146,,synthetic_rule_physics_model
SCN01916,C032,Ice cream,frozen,frozen,S08,-29.2,93.0,S11,6,-29.2,0.5,360,61,11,6.5,0.97,,2382.5,19253.0,M03,"BOPP film (heat-sealable, coated)",25,1400.0,4.0,150,fair,conventional (no gas modification),,,,,,N,247,N,0.71,0.0094,75,M02,HDPE film,45,267,,synthetic_rule_physics_model
SCN01917,C032,Ice cream,frozen,frozen,S08,-24.5,91.0,S11,48,-24.4,1.0,135,61,11,6.5,0.97,,5453.7,18993.1,M03,"BOPP film (heat-sealable, coated)",30,1166.7,3.33,150,fair,conventional (no gas modification),,,,,,N,162,Y,0.68,0.009,75,M02,HDPE film,60,175,,synthetic_rule_physics_model
SCN01918,C032,Ice cream,frozen,frozen,S08,-25.3,88.0,S11,48,-25.2,1.0,135,61,11,6.5,0.97,,5795.6,15368.3,M03,"BOPP film (heat-sealable, coated)",30,1166.7,3.33,150,fair,conventional (no gas modification),,,,,,N,181,Y,0.68,0.009,75,M02,HDPE film,60,177,,synthetic_rule_physics_model
SCN01919,C032,Ice cream,frozen,frozen,S08,-24.3,93.0,S11,48,-24.3,1.0,360,61,11,6.5,0.97,,2027.6,9877.2,M03,"BOPP film (heat-sealable, coated)",30,1166.7,3.33,150,fair,conventional (no gas modification),,,,,,N,163,N,0.68,0.009,75,M02,HDPE film,60,164,,synthetic_rule_physics_model
SCN01920,C032,Ice cream,frozen,frozen,S08,-27.0,94.0,S11,24,-27.0,0.25,360,61,11,6.5,0.97,,1585.1,14380.3,M02,HDPE film,30,1333.3,5.73,28,good,conventional (no gas modification),,,,,,N,214,N,0.81,0.0128,77,M14,PBAT / starch compostable film,30,240,,synthetic_rule_physics_model
SCN01921,C033,Frozen chicken,frozen,frozen,S07,-17.4,95.0,S11,6,-17.4,1.0,202,70,5.0,6.0,0.99,,429.5,4539.2,M08,PVDC-coated BOPP,25,15,5,120,good,conventional (no gas modification),,,,,,N,265,Y,1.12,0.0158,21,M09,PE/EVOH/PE coextruded film,60,257,,synthetic_rule_physics_model
SCN01922,C033,Frozen chicken,frozen,frozen,S07,-18.2,91.0,S11,24,-18.3,0.25,135,70,5.0,6.0,0.99,,433.5,2553.7,M08,PVDC-coated BOPP,25,15,5,120,good,conventional (no gas modification),,,,,,N,285,Y,1.78,0.0249,21,M09,PE/EVOH/PE coextruded film,60,283,,synthetic_rule_physics_model
SCN01923,C033,Frozen chicken,frozen,frozen,S07,-17.4,92.0,S11,24,-17.4,0.1,135,70,5.0,6.0,0.99,,300.8,1923.7,M08,PVDC-coated BOPP,25,15,5,120,good,conventional (no gas modification),,,,,,N,278,Y,2.41,0.0337,21,M09,PE/EVOH/PE coextruded film,60,249,,synthetic_rule_physics_model
SCN01924,C033,Frozen chicken,frozen,frozen,S07,-17.0,92.0,S11,6,-17.0,0.1,202,70,5.0,6.0,0.99,,195.5,1162.8,M08,PVDC-coated BOPP,25,15,5,120,good,conventional (no gas modification),,,,,,N,225,Y,2.41,0.0337,21,M09,PE/EVOH/PE coextruded film,60,223,,synthetic_rule_physics_model
SCN01925,C033,Frozen chicken,frozen,frozen,S07,-17.0,86.0,S11,24,-17.0,1.0,405,70,5.0,6.0,0.99,,50,691.1,M08,PVDC-coated BOPP,25,15,5,120,good,vacuum,0,0,0,,,Y,319,N,1.12,0.0158,21,M09,PE/EVOH/PE coextruded film,60,310,,synthetic_rule_physics_model
SCN01926,C033,Frozen chicken,frozen,frozen,S07,-20.3,92.0,S11,6,-20.3,0.25,540,70,5.0,6.0,0.99,,50,986.5,M08,PVDC-coated BOPP,25,15,5,120,good,vacuum,0,0,0,,,Y,419,N,1.78,0.0249,21,M09,PE/EVOH/PE coextruded film,60,470,,synthetic_rule_physics_model
SCN01927,C033,Frozen chicken,frozen,frozen,S07,-19.2,85.0,S11,24,-19.2,0.25,405,70,5.0,6.0,0.99,,50,546.8,M08,PVDC-coated BOPP,25,15,5,120,good,vacuum,0,0,0,,,Y,386,N,1.78,0.0249,21,M09,PE/EVOH/PE coextruded film,60,406,,synthetic_rule_physics_model
SCN01928,C033,Frozen chicken,frozen,frozen,S07,-17.7,87.0,S11,6,-17.7,0.25,540,70,5.0,6.0,0.99,,50,388.1,M08,PVDC-coated BOPP,25,15,5,120,good,vacuum,0,0,0,,,Y,316,N,1.78,0.0249,21,M09,PE/EVOH/PE coextruded film,60,355,,synthetic_rule_physics_model
SCN01929,C033,Frozen chicken,frozen,frozen,S07,-16.8,90.0,S11,48,-16.8,0.25,540,70,5.0,6.0,0.99,,50,428.0,M08,PVDC-coated BOPP,25,15,5,120,good,vacuum,0,0,0,,,Y,316,N,1.78,0.0249,21,M09,PE/EVOH/PE coextruded film,60,306,,synthetic_rule_physics_model
SCN01930,C033,Frozen chicken,frozen,frozen,S07,-21.8,87.0,S11,48,-21.7,0.5,135,70,5.0,6.0,0.99,,707.8,3669.3,M02,HDPE film,60,666.7,2.87,28,good,conventional (no gas modification),,,,,,N,141,Y,1.29,0.0204,77,,,,,,synthetic_rule_physics_model
SCN01931,C033,Frozen chicken,frozen,frozen,S07,-16.4,87.0,S11,24,-16.4,0.1,270,70,5.0,6.0,0.99,,50,462.7,M08,PVDC-coated BOPP,25,15,5,120,good,vacuum,0,0,0,,,Y,299,Y,2.41,0.0337,21,M09,PE/EVOH/PE coextruded film,60,284,,synthetic_rule_physics_model
SCN01932,C033,Frozen chicken,frozen,frozen,S07,-16.1,94.0,S11,6,-16.1,0.1,405,70,5.0,6.0,0.99,,50,718.4,M08,PVDC-coated BOPP,25,15,5,120,good,vacuum,0,0,0,,,Y,281,N,2.41,0.0337,21,M09,PE/EVOH/PE coextruded film,60,277,,synthetic_rule_physics_model
SCN01933,C033,Frozen chicken,frozen,frozen,S07,-18.4,89.0,S11,24,-18.4,0.5,270,70,5.0,6.0,0.99,,50,1266.0,M08,PVDC-coated BOPP,25,15,5,120,good,vacuum,0,0,0,,,Y,335,Y,1.41,0.0198,21,M09,PE/EVOH/PE coextruded film,60,359,,synthetic_rule_physics_model
SCN01934,C033,Frozen chicken,frozen,frozen,S07,-15.1,92.0,S11,24,-15.2,0.25,540,70,5.0,6.0,0.99,,50,436.1,M08,PVDC-coated BOPP,25,15,5,120,good,vacuum,0,0,0,,,Y,248,N,1.78,0.0249,21,M09,PE/EVOH/PE coextruded film,60,252,,synthetic_rule_physics_model
SCN01935,C033,Frozen chicken,frozen,frozen,S07,-20.8,87.0,S11,6,-20.8,1.0,135,70,5.0,6.0,0.99,,829.9,3813.3,M02,HDPE film,60,666.7,2.87,28,good,conventional (no gas modification),,,,,,N,173,Y,1.03,0.0162,77,M14,PBAT / starch compostable film,55,136,,synthetic_rule_physics_model
SCN01936,C033,Frozen chicken,frozen,frozen,S07,-19.1,86.0,S11,48,-19.1,0.5,270,70,5.0,6.0,0.99,,50,1122.5,M08,PVDC-coated BOPP,25,15,5,120,good,vacuum,0,0,0,,,Y,406,Y,1.41,0.0198,21,M09,PE/EVOH/PE coextruded film,60,411,,synthetic_rule_physics_model
SCN01937,C033,Frozen chicken,frozen,frozen,S07,-17.5,95.0,S11,24,-17.5,0.1,540,70,5.0,6.0,0.99,,50,738.4,M08,PVDC-coated BOPP,25,15,5,120,good,vacuum,0,0,0,,,Y,350,N,2.41,0.0337,21,M09,PE/EVOH/PE coextruded film,60,340,,synthetic_rule_physics_model
SCN01938,C033,Frozen chicken,frozen,frozen,S07,-16.3,86.0,S11,6,-16.3,0.5,202,70,5.0,6.0,0.99,,314.3,937.5,M08,PVDC-coated BOPP,25,15,5,120,good,conventional (no gas modification),,,,,,N,228,Y,1.41,0.0198,21,M09,PE/EVOH/PE coextruded film,60,208,,synthetic_rule_physics_model
SCN01939,C033,Frozen chicken,frozen,frozen,S07,-17.0,95.0,S11,48,-17.0,0.25,270,70,5.0,6.0,0.99,,50,1865.0,M08,PVDC-coated BOPP,25,15,5,120,good,vacuum,0,0,0,,,Y,305,Y,1.78,0.0249,21,M09,PE/EVOH/PE coextruded film,60,328,,synthetic_rule_physics_model
SCN01940,C033,Frozen chicken,frozen,frozen,S07,-20.2,87.0,S11,6,-20.2,0.25,135,70,5.0,6.0,0.99,,499.8,2205.0,M08,PVDC-coated BOPP,25,15,5,120,good,conventional (no gas modification),,,,,,N,349,Y,1.78,0.0249,21,M09,PE/EVOH/PE coextruded film,60,339,,synthetic_rule_physics_model
SCN01941,C033,Frozen chicken,frozen,frozen,S07,-18.5,85.0,S11,48,-18.5,1.0,405,70,5.0,6.0,0.99,,50,788.8,M08,PVDC-coated BOPP,25,15,5,120,good,vacuum,0,0,0,,,Y,358,N,1.12,0.0158,21,M09,PE/EVOH/PE coextruded film,60,360,,synthetic_rule_physics_model
SCN01942,C033,Frozen chicken,frozen,frozen,S07,-18.8,91.0,S11,6,-18.8,0.5,270,70,5.0,6.0,0.99,,50,1664.6,M08,PVDC-coated BOPP,25,15,5,120,good,vacuum,0,0,0,,,Y,379,Y,1.41,0.0198,21,M09,PE/EVOH/PE coextruded film,60,377,,synthetic_rule_physics_model
SCN01943,C033,Frozen chicken,frozen,frozen,S07,-18.7,94.0,S11,24,-18.7,1.0,135,70,5.0,6.0,0.99,,706.2,6127.6,M02,HDPE film,60,666.7,2.87,28,good,conventional (no gas modification),,,,,,N,146,Y,1.03,0.0162,77,,,,,,synthetic_rule_physics_model
SCN01944,C033,Frozen chicken,frozen,frozen,S07,-20.0,86.0,S11,24,-20.0,0.1,540,70,5.0,6.0,0.99,,50,362.1,M08,PVDC-coated BOPP,25,15,5,120,good,vacuum,0,0,0,,,Y,476,N,2.41,0.0337,21,M09,PE/EVOH/PE coextruded film,60,420,,synthetic_rule_physics_model
SCN01945,C033,Frozen chicken,frozen,frozen,S07,-19.9,86.0,S11,24,-19.8,0.25,270,70,5.0,6.0,0.99,,50,957.7,M08,PVDC-coated BOPP,25,15,5,120,good,vacuum,0,0,0,,,Y,414,Y,1.78,0.0249,21,M09,PE/EVOH/PE coextruded film,60,422,,synthetic_rule_physics_model
SCN01946,C033,Frozen chicken,frozen,frozen,S07,-20.7,94.0,S11,6,-20.7,0.5,202,70,5.0,6.0,0.99,,437.9,4420.6,M08,PVDC-coated BOPP,25,15,5,120,good,conventional (no gas modification),,,,,,N,349,Y,1.41,0.0198,21,M09,PE/EVOH/PE coextruded film,60,381,,synthetic_rule_physics_model
SCN01947,C033,Frozen chicken,frozen,frozen,S07,-20.1,89.0,S11,48,-20.1,0.5,540,70,5.0,6.0,0.99,,50,814.0,M08,PVDC-coated BOPP,25,15,5,120,good,vacuum,0,0,0,,,Y,455,N,1.41,0.0198,21,M09,PE/EVOH/PE coextruded film,60,474,,synthetic_rule_physics_model
SCN01948,C033,Frozen chicken,frozen,frozen,S07,-19.1,86.0,S11,24,-19.1,0.25,135,70,5.0,6.0,0.99,,460.3,1740.8,M08,PVDC-coated BOPP,25,15,5,120,good,conventional (no gas modification),,,,,,N,296,Y,1.78,0.0249,21,M09,PE/EVOH/PE coextruded film,60,300,,synthetic_rule_physics_model
SCN01949,C033,Frozen chicken,frozen,frozen,S07,-20.4,95.0,S11,48,-20.4,0.1,405,70,5.0,6.0,0.99,,50,1541.6,M08,PVDC-coated BOPP,25,15,5,120,good,vacuum,0,0,0,,,Y,476,Y,2.41,0.0337,21,M09,PE/EVOH/PE coextruded film,60,421,,synthetic_rule_physics_model
SCN01950,C033,Frozen chicken,frozen,frozen,S07,-21.2,89.0,S11,6,-21.2,0.5,270,70,5.0,6.0,0.99,,50,1872.5,M08,PVDC-coated BOPP,25,15,5,120,good,vacuum,0,0,0,,,Y,506,Y,1.41,0.0198,21,M09,PE/EVOH/PE coextruded film,60,532,,synthetic_rule_physics_model
SCN01951,C033,Frozen chicken,frozen,frozen,S07,-16.8,87.0,S11,24,-16.8,1.0,270,70,5.0,6.0,0.99,,50,1032.0,M08,PVDC-coated BOPP,25,15,5,120,good,vacuum,0,0,0,,,Y,319,Y,1.12,0.0158,21,M09,PE/EVOH/PE coextruded film,60,294,,synthetic_rule_physics_model
SCN01952,C033,Frozen chicken,frozen,frozen,S07,-21.7,90.0,S11,24,-21.7,0.1,540,70,5.0,6.0,0.99,,50,679.3,M08,PVDC-coated BOPP,25,15,5,120,good,vacuum,0,0,0,,,Y,537,Y,2.41,0.0337,21,M09,PE/EVOH/PE coextruded film,60,484,,synthetic_rule_physics_model
SCN01953,C033,Frozen chicken,frozen,frozen,S07,-20.4,89.0,S11,24,-20.4,1.0,270,70,5.0,6.0,0.99,,50,2274.3,M08,PVDC-coated BOPP,25,15,5,120,good,vacuum,0,0,0,,,Y,466,Y,1.12,0.0158,21,M09,PE/EVOH/PE coextruded film,60,478,,synthetic_rule_physics_model
SCN01954,C033,Frozen chicken,frozen,frozen,S07,-15.6,91.0,S11,24,-15.6,0.5,202,70,5.0,6.0,0.99,,300.3,1490.0,M08,PVDC-coated BOPP,25,15,5,120,good,conventional (no gas modification),,,,,,N,211,Y,1.41,0.0198,21,M09,PE/EVOH/PE coextruded film,60,207,,synthetic_rule_physics_model
SCN01955,C033,Frozen chicken,frozen,frozen,S07,-19.4,91.0,S11,24,-19.4,0.1,202,70,5.0,6.0,0.99,,233.7,1554.8,M08,PVDC-coated BOPP,25,15,5,120,good,conventional (no gas modification),,,,,,N,321,Y,2.41,0.0337,21,M09,PE/EVOH/PE coextruded film,60,310,,synthetic_rule_physics_model
SCN01956,C033,Frozen chicken,frozen,frozen,S07,-19.8,88.0,S11,6,-19.8,0.1,405,70,5.0,6.0,0.99,,50,572.4,M08,PVDC-coated BOPP,25,15,5,120,good,vacuum,0,0,0,,,Y,420,Y,2.41,0.0337,21,M09,PE/EVOH/PE coextruded film,60,422,,synthetic_rule_physics_model
SCN01957,C033,Frozen chicken,frozen,frozen,S07,-16.5,93.0,S11,6,-16.5,0.1,405,70,5.0,6.0,0.99,,50,590.8,M08,PVDC-coated BOPP,25,15,5,120,good,vacuum,0,0,0,,,Y,303,N,2.41,0.0337,21,M09,PE/EVOH/PE coextruded film,60,292,,synthetic_rule_physics_model
SCN01958,C033,Frozen chicken,frozen,frozen,S07,-17.6,89.0,S11,48,-17.6,0.25,135,70,5.0,6.0,0.99,,413.7,1715.6,M08,PVDC-coated BOPP,25,15,5,120,good,conventional (no gas modification),,,,,,N,251,Y,1.78,0.0249,21,M09,PE/EVOH/PE coextruded film,60,248,,synthetic_rule_physics_model
SCN01959,C033,Frozen chicken,frozen,frozen,S07,-18.6,87.0,S11,6,-18.6,0.5,202,70,5.0,6.0,0.99,,373.7,1518.1,M08,PVDC-coated BOPP,25,15,5,120,good,conventional (no gas modification),,,,,,N,293,Y,1.41,0.0198,21,M09,PE/EVOH/PE coextruded film,60,294,,synthetic_rule_physics_model
SCN01960,C033,Frozen chicken,frozen,frozen,S07,-16.3,87.0,S11,24,-16.3,0.25,135,70,5.0,6.0,0.99,,375.2,1258.0,M08,PVDC-coated BOPP,25,15,5,120,good,conventional (no gas modification),,,,,,N,217,Y,1.78,0.0249,21,M09,PE/EVOH/PE coextruded film,60,232,,synthetic_rule_physics_model
SCN01961,C033,Frozen chicken,frozen,frozen,S07,-15.7,93.0,S11,24,-15.8,0.25,405,70,5.0,6.0,0.99,,50,798.9,M08,PVDC-coated BOPP,25,15,5,120,good,vacuum,0,0,0,,,Y,283,N,1.78,0.0249,21,M09,PE/EVOH/PE coextruded film,60,279,,synthetic_rule_physics_model
SCN01962,C033,Frozen chicken,frozen,frozen,S07,-19.2,94.0,S11,48,-19.2,0.25,405,70,5.0,6.0,0.99,,50,1547.0,M08,PVDC-coated BOPP,25,15,5,120,good,vacuum,0,0,0,,,Y,361,N,1.78,0.0249,21,M09,PE/EVOH/PE coextruded film,60,402,,synthetic_rule_physics_model
SCN01963,C033,Frozen chicken,frozen,frozen,S07,-16.4,93.0,S11,6,-16.4,0.1,405,70,5.0,6.0,0.99,,50,643.4,M08,PVDC-coated BOPP,25,15,5,120,good,vacuum,0,0,0,,,Y,296,N,2.41,0.0337,21,M09,PE/EVOH/PE coextruded film,60,297,,synthetic_rule_physics_model
SCN01964,C033,Frozen chicken,frozen,frozen,S07,-15.3,95.0,S11,24,-15.3,0.25,135,70,5.0,6.0,0.99,,349.9,3054.3,M08,PVDC-coated BOPP,25,15,5,120,good,conventional (no gas modification),,,,,,N,194,Y,1.78,0.0249,21,M09,PE/EVOH/PE coextruded film,60,188,,synthetic_rule_physics_model
SCN01965,C033,Frozen chicken,frozen,frozen,S07,-17.0,88.0,S11,24,-17.0,1.0,202,70,5.0,6.0,0.99,,418.6,1531.3,M08,PVDC-coated BOPP,25,15,5,120,good,conventional (no gas modification),,,,,,N,236,Y,1.12,0.0158,21,M09,PE/EVOH/PE coextruded film,60,246,,synthetic_rule_physics_model
SCN01966,C033,Frozen chicken,frozen,frozen,S07,-15.1,95.0,S11,48,-15.1,0.25,202,70,5.0,6.0,0.99,,230.6,1910.2,M08,PVDC-coated BOPP,25,15,5,120,good,conventional (no gas modification),,,,,,N,186,N,1.78,0.0249,21,M09,PE/EVOH/PE coextruded film,60,197,,synthetic_rule_physics_model
SCN01967,C033,Frozen chicken,frozen,frozen,S07,-20.0,95.0,S11,6,-19.9,0.25,202,70,5.0,6.0,0.99,,328.6,4238.0,M08,PVDC-coated BOPP,25,15,5,120,good,conventional (no gas modification),,,,,,N,333,Y,1.78,0.0249,21,M09,PE/EVOH/PE coextruded film,60,322,,synthetic_rule_physics_model
SCN01968,C033,Frozen chicken,frozen,frozen,S07,-20.7,94.0,S11,24,-20.7,0.5,135,70,5.0,6.0,0.99,,654.5,7050.7,M02,HDPE film,65,615.4,2.65,28,good,conventional (no gas modification),,,,,,N,144,Y,1.4,0.0221,77,,,,,,synthetic_rule_physics_model
SCN01969,C033,Frozen chicken,frozen,frozen,S07,-18.6,93.0,S11,24,-18.6,0.1,270,70,5.0,6.0,0.99,,50,1288.4,M08,PVDC-coated BOPP,25,15,5,120,good,vacuum,0,0,0,,,Y,409,Y,2.41,0.0337,21,M09,PE/EVOH/PE coextruded film,60,370,,synthetic_rule_physics_model
SCN01970,C033,Frozen chicken,frozen,frozen,S07,-20.3,90.0,S11,48,-20.3,0.5,135,70,5.0,6.0,0.99,,633.7,3693.9,M02,HDPE film,65,615.4,2.65,28,good,conventional (no gas modification),,,,,,N,133,Y,1.4,0.0221,77,,,,,,synthetic_rule_physics_model
SCN01971,C033,Frozen chicken,frozen,frozen,S07,-21.0,94.0,S11,48,-20.9,0.25,405,70,5.0,6.0,0.99,,50,1936.4,M08,PVDC-coated BOPP,25,15,5,120,good,vacuum,0,0,0,,,Y,517,Y,1.78,0.0249,21,M09,PE/EVOH/PE coextruded film,60,497,,synthetic_rule_physics_model
SCN01972,C033,Frozen chicken,frozen,frozen,S07,-20.4,93.0,S11,48,-20.4,0.1,270,70,5.0,6.0,0.99,,50,1765.1,M08,PVDC-coated BOPP,25,15,5,120,good,vacuum,0,0,0,,,Y,453,Y,2.41,0.0337,21,M09,PE/EVOH/PE coextruded film,60,477,,synthetic_rule_physics_model
SCN01973,C033,Frozen chicken,frozen,frozen,S07,-20.2,86.0,S11,6,-20.2,0.1,270,70,5.0,6.0,0.99,,50,743.1,M08,PVDC-coated BOPP,25,15,5,120,good,vacuum,0,0,0,,,Y,423,Y,2.41,0.0337,21,M09,PE/EVOH/PE coextruded film,60,461,,synthetic_rule_physics_model
SCN01974,C033,Frozen chicken,frozen,frozen,S07,-18.0,94.0,S11,48,-18.0,0.1,540,70,5.0,6.0,0.99,,50,734.3,M08,PVDC-coated BOPP,25,15,5,120,good,vacuum,0,0,0,,,Y,371,N,2.41,0.0337,21,M09,PE/EVOH/PE coextruded film,60,365,,synthetic_rule_physics_model
SCN01975,C033,Frozen chicken,frozen,frozen,S07,-20.5,88.0,S11,24,-20.5,0.25,135,70,5.0,6.0,0.99,,512.9,2579.7,M02,HDPE film,80,500.0,2.15,28,good,conventional (no gas modification),,,,,,N,142,Y,2.16,0.0342,77,,,,,,synthetic_rule_physics_model
SCN01976,C033,Frozen chicken,frozen,frozen,S07,-20.8,95.0,S11,6,-20.8,1.0,135,70,5.0,6.0,0.99,,829.5,10884.3,M02,HDPE film,60,666.7,2.87,28,good,conventional (no gas modification),,,,,,N,156,Y,1.03,0.0162,77,M14,PBAT / starch compostable film,55,137,,synthetic_rule_physics_model
SCN01977,C033,Frozen chicken,frozen,frozen,S07,-15.4,91.0,S11,48,-15.4,1.0,405,70,5.0,6.0,0.99,,50,826.4,M08,PVDC-coated BOPP,25,15,5,120,good,vacuum,0,0,0,,,Y,260,N,1.12,0.0158,21,M09,PE/EVOH/PE coextruded film,60,254,,synthetic_rule_physics_model
SCN01978,C033,Frozen chicken,frozen,frozen,S07,-15.3,90.0,S11,6,-15.3,1.0,202,70,5.0,6.0,0.99,,369.1,1459.1,M08,PVDC-coated BOPP,25,15,5,120,good,conventional (no gas modification),,,,,,N,198,Y,1.12,0.0158,21,M09,PE/EVOH/PE coextruded film,60,208,,synthetic_rule_physics_model
SCN01979,C033,Frozen chicken,frozen,frozen,S07,-18.9,89.0,S11,48,-18.9,0.5,540,70,5.0,6.0,0.99,,50,681.1,M08,PVDC-coated BOPP,25,15,5,120,good,vacuum,0,0,0,,,Y,346,N,1.41,0.0198,21,M09,PE/EVOH/PE coextruded film,60,372,,synthetic_rule_physics_model
SCN01980,C033,Frozen chicken,frozen,frozen,S07,-19.5,93.0,S11,6,-19.5,0.5,202,70,5.0,6.0,0.99,,400.2,3598.7,M08,PVDC-coated BOPP,25,15,5,120,good,conventional (no gas modification),,,,,,N,316,Y,1.41,0.0198,21,M09,PE/EVOH/PE coextruded film,60,305,,synthetic_rule_physics_model
SCN01981,C034,Banana (green),fresh_produce_fruit,cool,S06,9.9,88.0,S12,6,9.9,1.0,10,75,0.3,5.0,0.99,18.8,18583.0,,M18,Micro-perforated LDPE (breathable),30,60000,30,14,good,Passive MAP - micro-perforated,3.5,3.5,93.0,,,Y,19,Y,0.75,0.0091,75,,,,,MAP window not reachable with single film at this temperature/pack; use tuned micro-perforation or ventilated pack,synthetic_rule_physics_model
SCN01982,C034,Banana (green),fresh_produce_fruit,cool,S06,8.3,89.0,S12,24,8.5,1.0,21,75,0.3,5.0,0.99,16.6,17779.0,,M18,Micro-perforated LDPE (breathable),30,60000,30,14,good,Passive MAP - micro-perforated,3.5,3.5,93.0,,,Y,21,Y,0.75,0.0091,75,,,,,MAP window not reachable with single film at this temperature/pack; use tuned micro-perforation or ventilated pack,synthetic_rule_physics_model
SCN01983,C034,Banana (green),fresh_produce_fruit,cool,S06,12.8,90.0,S12,48,12.4,0.5,21,75,0.3,5.0,0.99,23.6,15995.0,,M18,Micro-perforated LDPE (breathable),30,60000,30,14,good,Passive MAP - micro-perforated,3.5,3.5,93.0,,,Y,15,N,0.94,0.0114,75,,,,,MAP window not reachable with single film at this temperature/pack; use tuned micro-perforation or ventilated pack,synthetic_rule_physics_model
SCN01984,C034,Banana (green),fresh_produce_fruit,cool,S06,9.8,92.0,S09,24,10.7,1.0,28,75,0.3,5.0,0.99,20.2,19040.0,,M18,Micro-perforated LDPE (breathable),30,60000,30,14,good,Passive MAP - micro-perforated,3.5,3.5,93.0,,,Y,17,N,0.75,0.0091,75,,,,,MAP window not reachable with single film at this temperature/pack; use tuned micro-perforation or ventilated pack,synthetic_rule_physics_model
SCN01985,C034,Banana (green),fresh_produce_fruit,ambient,S02,28.7,91.0,S12,24,27.4,0.25,14,75,0.3,5.0,0.99,93.4,21702.0,,M18,Micro-perforated LDPE (breathable),30,60000,30,14,good,Passive MAP - micro-perforated,3.5,3.5,93.0,,,Y,3,N,1.18,0.0144,75,,,,,MAP window not reachable with single film at this temperature/pack; use tuned micro-perforation or ventilated pack,synthetic_rule_physics_model
SCN01986,C034,Banana (green),fresh_produce_fruit,cool,S06,10.4,90.0,S12,48,10.5,0.25,28,75,0.3,5.0,0.99,19.8,11969.0,,M18,Micro-perforated LDPE (breathable),30,60000,30,14,good,Passive MAP - micro-perforated,3.5,3.5,93.0,,,Y,18,N,1.18,0.0144,75,,,,,MAP window not reachable with single film at this temperature/pack; use tuned micro-perforation or ventilated pack,synthetic_rule_physics_model
SCN01987,C034,Banana (green),fresh_produce_fruit,cool,S06,9.1,91.0,S12,48,10.0,1.0,10,75,0.3,5.0,0.99,18.9,18606.0,,M18,Micro-perforated LDPE (breathable),30,60000,30,14,good,Passive MAP - micro-perforated,3.5,3.5,93.0,,,Y,20,Y,0.75,0.0091,75,,,,,MAP window not reachable with single film at this temperature/pack; use tuned micro-perforation or ventilated pack,synthetic_rule_physics_model
SCN01988,C034,Banana (green),fresh_produce_fruit,ambient,S01,22.7,45.0,S12,24,21.6,0.25,10,75,0.3,5.0,0.99,54.8,17466.0,,M18,Micro-perforated LDPE (breathable),30,60000,30,14,good,Passive MAP - micro-perforated,3.5,3.5,93.0,,,Y,5,N,1.18,0.0144,75,,,,,MAP window not reachable with single film at this temperature/pack; use tuned micro-perforation or ventilated pack,synthetic_rule_physics_model
SCN01989,C034,Banana (green),fresh_produce_fruit,cool,S06,10.5,89.0,S12,24,10.6,1.0,28,75,0.3,5.0,0.99,20.1,18994.0,,M18,Micro-perforated LDPE (breathable),30,60000,30,14,good,Passive MAP - micro-perforated,3.5,3.5,93.0,,,Y,19,N,0.75,0.0091,75,,,,,MAP window not reachable with single film at this temperature/pack; use tuned micro-perforation or ventilated pack,synthetic_rule_physics_model
SCN01990,C034,Banana (green),fresh_produce_fruit,ambient,S02,33.0,86.0,S12,24,31.3,2.0,14,75,0.3,5.0,0.99,134.0,50283.0,,M18,Micro-perforated LDPE (breathable),30,60000,30,14,good,Passive MAP - micro-perforated,3.5,3.5,93.0,,,Y,2,N,0.59,0.0072,75,,,,,MAP window not reachable with single film at this temperature/pack; use tuned micro-perforation or ventilated pack,synthetic_rule_physics_model
SCN01991,C034,Banana (green),fresh_produce_fruit,cool,S06,10.0,90.0,S09,48,14.4,0.5,14,75,0.3,5.0,0.99,28.3,17088.0,,M18,Micro-perforated LDPE (breathable),30,60000,30,14,good,Passive MAP - micro-perforated,3.5,3.5,93.0,,,Y,12,N,0.94,0.0114,75,,,,,MAP window not reachable with single film at this temperature/pack; use tuned micro-perforation or ventilated pack,synthetic_rule_physics_model
SCN01992,C034,Banana (green),fresh_produce_fruit,cool,S06,8.4,94.0,S12,6,8.5,0.5,28,75,0.3,5.0,0.99,16.5,14124.0,,M18,Micro-perforated LDPE (breathable),30,60000,30,14,good,Passive MAP - micro-perforated,3.5,3.5,93.0,,,Y,22,N,0.94,0.0114,75,,,,,MAP window not reachable with single film at this temperature/pack; use tuned micro-perforation or ventilated pack,synthetic_rule_physics_model
SCN01993,C034,Banana (green),fresh_produce_fruit,cool,S06,11.5,90.0,S12,6,11.4,2.0,14,75,0.3,5.0,0.99,21.7,24521.0,,M18,Micro-perforated LDPE (breathable),30,60000,30,14,good,Passive MAP - micro-perforated,3.5,3.5,93.0,,,Y,15,Y,0.59,0.0072,75,,,,,MAP window not reachable with single film at this temperature/pack; use tuned micro-perforation or ventilated pack,synthetic_rule_physics_model
SCN01994,C034,Banana (green),fresh_produce_fruit,cool,S06,12.1,93.0,S12,24,11.9,0.25,28,75,0.3,5.0,0.99,22.7,12550.0,,M18,Micro-perforated LDPE (breathable),30,60000,30,14,good,Passive MAP - micro-perforated,3.5,3.5,93.0,,,Y,15,N,1.18,0.0144,75,,,,,MAP window not reachable with single film at this temperature/pack; use tuned micro-perforation or ventilated pack,synthetic_rule_physics_model
SCN01995,C034,Banana (green),fresh_produce_fruit,ambient,S01,28.7,45.0,S12,6,28.1,1.0,7,75,0.3,5.0,0.99,99.9,35278.0,,M18,Micro-perforated LDPE (breathable),30,60000,30,14,good,Passive MAP - micro-perforated,3.5,3.5,93.0,,,Y,3,N,0.75,0.0091,75,,,,,MAP window not reachable with single film at this temperature/pack; use tuned micro-perforation or ventilated pack,synthetic_rule_physics_model
SCN01996,C034,Banana (green),fresh_produce_fruit,cool,S06,13.8,95.0,S09,6,14.3,0.25,10,75,0.3,5.0,0.99,28.1,13550.0,,M18,Micro-perforated LDPE (breathable),30,60000,30,14,good,Passive MAP - micro-perforated,3.5,3.5,93.0,,,Y,13,Y,1.18,0.0144,75,,,,,MAP window not reachable with single film at this temperature/pack; use tuned micro-perforation or ventilated pack,synthetic_rule_physics_model
SCN01997,C034,Banana (green),fresh_produce_fruit,cool,S06,9.8,94.0,S12,24,9.8,2.0,14,75,0.3,5.0,0.99,18.7,23276.0,,M18,Micro-perforated LDPE (breathable),30,60000,30,14,good,Passive MAP - micro-perforated,3.5,3.5,93.0,,,Y,19,Y,0.59,0.0072,75,,,,,MAP window not reachable with single film at this temperature/pack; use tuned micro-perforation or ventilated pack,synthetic_rule_physics_model
SCN01998,C034,Banana (green),fresh_produce_fruit,cool,S06,11.5,94.0,S12,24,11.4,0.25,14,75,0.3,5.0,0.99,21.5,12318.0,,M18,Micro-perforated LDPE (breathable),30,60000,30,14,good,Passive MAP - micro-perforated,3.5,3.5,93.0,,,Y,16,Y,1.18,0.0144,75,,,,,MAP window not reachable with single film at this temperature/pack; use tuned micro-perforation or ventilated pack,synthetic_rule_physics_model
SCN01999,C034,Banana (green),fresh_produce_fruit,cool,S06,8.4,93.0,S12,48,8.4,0.25,10,75,0.3,5.0,0.99,16.4,11208.0,,M18,Micro-perforated LDPE (breathable),30,60000,30,14,good,Passive MAP - micro-perforated,3.5,3.5,93.0,,,Y,20,Y,1.18,0.0144,75,,,,,MAP window not reachable with single film at this temperature/pack; use tuned micro-perforation or ventilated pack,synthetic_rule_physics_model
SCN02000,C034,Banana (green),fresh_produce_fruit,ambient,S02,28.9,91.0,S12,24,28.1,1.0,21,75,0.3,5.0,0.99,99.8,35261.0,,M18,Micro-perforated LDPE (breathable),30,60000,30,14,good,Passive MAP - micro-perforated,3.5,3.5,93.0,,,Y,3,N,0.75,0.0091,75,,,,,MAP window not reachable with single film at this temperature/pack; use tuned micro-perforation or ventilated pack,synthetic_rule_physics_model
SCN02001,C034,Banana (green),fresh_produce_fruit,cool,S06,11.5,92.0,S09,48,20.0,2.0,7,75,0.3,5.0,0.99,47.6,32838.0,,M18,Micro-perforated LDPE (breathable),30,60000,30,14,good,Passive MAP - micro-perforated,3.5,3.5,93.0,,,Y,6,N,0.59,0.0072,75,,,,,MAP window not reachable with single film at this temperature/pack; use tuned micro-perforation or ventilated pack,synthetic_rule_physics_model
SCN02002,C034,Banana (green),fresh_produce_fruit,cool,S06,13.7,90.0,S12,24,13.4,1.0,14,75,0.3,5.0,0.99,25.9,20791.0,,M18,Micro-perforated LDPE (breathable),30,60000,30,14,good,Passive MAP - micro-perforated,3.5,3.5,93.0,,,Y,13,N,0.75,0.0091,75,,,,,MAP window not reachable with single film at this temperature/pack; use tuned micro-perforation or ventilated pack,synthetic_rule_physics_model
SCN02003,C034,Banana (green),fresh_produce_fruit,cool,S06,11.3,91.0,S09,24,13.1,0.5,10,75,0.3,5.0,0.99,25.3,16400.0,,M18,Micro-perforated LDPE (breathable),30,60000,30,14,good,Passive MAP - micro-perforated,3.5,3.5,93.0,,,Y,14,Y,0.94,0.0114,75,,,,,MAP window not reachable with single film at this temperature/pack; use tuned micro-perforation or ventilated pack,synthetic_rule_physics_model
SCN02004,C034,Banana (green),fresh_produce_fruit,cool,S06,12.0,89.0,S09,6,12.3,2.0,14,75,0.3,5.0,0.99,23.5,25230.0,,M18,Micro-perforated LDPE (breathable),30,60000,30,14,good,Passive MAP - micro-perforated,3.5,3.5,93.0,,,Y,15,Y,0.59,0.0072,75,,,,,MAP window not reachable with single film at this temperature/pack; use tuned micro-perforation or ventilated pack,synthetic_rule_physics_model
SCN02005,C034,Banana (green),fresh_produce_fruit,cool,S06,9.8,93.0,S12,6,9.8,2.0,28,75,0.3,5.0,0.99,18.7,23285.0,,M18,Micro-perforated LDPE (breathable),30,60000,30,14,good,Passive MAP - micro-perforated,3.5,3.5,93.0,,,Y,20,N,0.59,0.0072,75,,,,,MAP window not reachable with single film at this temperature/pack; use tuned micro-perforation or ventilated pack,synthetic_rule_physics_model
SCN02006,C034,Banana (green),fresh_produce_fruit,cool,S06,12.7,95.0,S12,24,12.7,0.5,28,75,0.3,5.0,0.99,24.4,16186.0,,M18,Micro-perforated LDPE (breathable),30,60000,30,14,good,Passive MAP - micro-perforated,3.5,3.5,93.0,,,Y,14,N,0.94,0.0114,75,,,,,MAP window not reachable with single film at this temperature/pack; use tuned micro-perforation or ventilated pack,synthetic_rule_physics_model
SCN02007,C034,Banana (green),fresh_produce_fruit,cool,S06,13.3,93.0,S12,6,13.3,2.0,14,75,0.3,5.0,0.99,25.8,26080.0,,M18,Micro-perforated LDPE (breathable),30,60000,30,14,good,Passive MAP - micro-perforated,3.5,3.5,93.0,,,Y,14,Y,0.59,0.0072,75,,,,,MAP window not reachable with single film at this temperature/pack; use tuned micro-perforation or ventilated pack,synthetic_rule_physics_model
SCN02008,C034,Banana (green),fresh_produce_fruit,cool,S06,9.1,88.0,S12,48,9.3,0.5,10,75,0.3,5.0,0.99,17.8,14494.0,,M18,Micro-perforated LDPE (breathable),30,60000,30,14,good,Passive MAP - micro-perforated,3.5,3.5,93.0,,,Y,21,Y,0.94,0.0114,75,,,,,MAP window not reachable with single film at this temperature/pack; use tuned micro-perforation or ventilated pack,synthetic_rule_physics_model
SCN02009,C034,Banana (green),fresh_produce_fruit,ambient,S02,29.3,91.0,S12,6,29.0,2.0,14,75,0.3,5.0,0.99,107.9,45808.0,,M18,Micro-perforated LDPE (breathable),30,60000,30,14,good,Passive MAP - micro-perforated,3.5,3.5,93.0,,,Y,2,N,0.59,0.0072,75,,,,,MAP window not reachable with single film at this temperature/pack; use tuned micro-perforation or ventilated pack,synthetic_rule_physics_model
SCN02010,C034,Banana (green),fresh_produce_fruit,cool,S06,10.0,94.0,S09,48,13.6,0.5,10,75,0.3,5.0,0.99,26.3,16633.0,,M18,Micro-perforated LDPE (breathable),30,60000,30,14,good,Passive MAP - micro-perforated,3.5,3.5,93.0,,,Y,14,Y,0.94,0.0114,75,,,,,MAP window not reachable with single film at this temperature/pack; use tuned micro-perforation or ventilated pack,synthetic_rule_physics_model
SCN02011,C034,Banana (green),fresh_produce_fruit,cool,S06,8.8,89.0,S12,6,8.9,0.5,10,75,0.3,5.0,0.99,17.2,14341.0,,M18,Micro-perforated LDPE (breathable),30,60000,30,14,good,Passive MAP - micro-perforated,3.5,3.5,93.0,,,Y,21,Y,0.94,0.0114,75,,,,,MAP window not reachable with single film at this temperature/pack; use tuned micro-perforation or ventilated pack,synthetic_rule_physics_model
SCN02012,C034,Banana (green),fresh_produce_fruit,cool,S06,9.3,90.0,S12,24,9.3,0.25,21,75,0.3,5.0,0.99,17.8,11526.0,,M18,Micro-perforated LDPE (breathable),30,60000,30,14,good,Passive MAP - micro-perforated,3.5,3.5,93.0,,,Y,20,N,1.18,0.0144,75,,,,,MAP window not reachable with single film at this temperature/pack; use tuned micro-perforation or ventilated pack,synthetic_rule_physics_model
SCN02013,C034,Banana (green),fresh_produce_fruit,cool,S06,10.6,93.0,S12,48,10.5,1.0,10,75,0.3,5.0,0.99,19.8,18911.0,,M18,Micro-perforated LDPE (breathable),30,60000,30,14,good,Passive MAP - micro-perforated,3.5,3.5,93.0,,,Y,20,Y,0.75,0.0091,75,,,,,MAP window not reachable with single film at this temperature/pack; use tuned micro-perforation or ventilated pack,synthetic_rule_physics_model
SCN02014,C034,Banana (green),fresh_produce_fruit,cool,S06,9.7,91.0,S12,48,10.5,0.5,10,75,0.3,5.0,0.99,19.8,15043.0,,M18,Micro-perforated LDPE (breathable),30,60000,30,14,good,Passive MAP - micro-perforated,3.5,3.5,93.0,,,Y,17,Y,0.94,0.0114,75,,,,,MAP window not reachable with single film at this temperature/pack; use tuned micro-perforation or ventilated pack,synthetic_rule_physics_model
SCN02015,C034,Banana (green),fresh_produce_fruit,ambient,S01,22.0,41.0,S12,6,21.7,0.5,7,75,0.3,5.0,0.99,55.7,22100.0,,M18,Micro-perforated LDPE (breathable),30,60000,30,14,good,Passive MAP - micro-perforated,3.5,3.5,93.0,,,Y,5,N,0.94,0.0114,75,,,,,MAP window not reachable with single film at this temperature/pack; use tuned micro-perforation or ventilated pack,synthetic_rule_physics_model
SCN02016,C034,Banana (green),fresh_produce_fruit,cool,S06,10.8,95.0,S09,24,14.8,0.25,7,75,0.3,5.0,0.99,29.4,13769.0,,M18,Micro-perforated LDPE (breathable),30,60000,30,14,good,Passive MAP - micro-perforated,3.5,3.5,93.0,,,Y,11,Y,1.18,0.0144,75,,,,,MAP window not reachable with single film at this temperature/pack; use tuned micro-perforation or ventilated pack,synthetic_rule_physics_model
SCN02017,C034,Banana (green),fresh_produce_fruit,ambient,S01,21.6,41.0,S12,48,20.0,2.0,14,75,0.3,5.0,0.99,47.6,32826.0,,M18,Micro-perforated LDPE (breathable),30,60000,30,14,good,Passive MAP - micro-perforated,3.5,3.5,93.0,,,Y,6,N,0.59,0.0072,75,,,,,MAP window not reachable with single film at this temperature/pack; use tuned micro-perforation or ventilated pack,synthetic_rule_physics_model
SCN02018,C034,Banana (green),fresh_produce_fruit,ambient,S02,31.7,91.0,S12,24,30.4,2.0,14,75,0.3,5.0,0.99,123.1,48474.0,,M18,Micro-perforated LDPE (breathable),30,60000,30,14,good,Passive MAP - micro-perforated,3.5,3.5,93.0,,,Y,2,N,0.59,0.0072,75,,,,,MAP window not reachable with single film at this temperature/pack; use tuned micro-perforation or ventilated pack,synthetic_rule_physics_model
SCN02019,C034,Banana (green),fresh_produce_fruit,ambient,S01,31.2,45.0,S12,24,30.5,0.5,28,75,0.3,5.0,0.99,124.1,30776.0,,M18,Micro-perforated LDPE (breathable),30,60000,30,14,good,Passive MAP - micro-perforated,3.5,3.5,93.0,,,Y,2,N,0.94,0.0114,75,,,,,MAP window not reachable with single film at this temperature/pack; use tuned micro-perforation or ventilated pack,synthetic_rule_physics_model
SCN02020,C034,Banana (green),fresh_produce_fruit,cool,S06,12.1,92.0,S12,6,12.1,0.25,10,75,0.3,5.0,0.99,23.0,12612.0,,M18,Micro-perforated LDPE (breathable),30,60000,30,14,good,Passive MAP - micro-perforated,3.5,3.5,93.0,,,Y,15,Y,1.18,0.0144,75,,,,,MAP window not reachable with single film at this temperature/pack; use tuned micro-perforation or ventilated pack,synthetic_rule_physics_model
SCN02021,C034,Banana (green),fresh_produce_fruit,ambient,S02,34.3,82.0,S12,48,32.6,1.0,28,75,0.3,5.0,0.99,150.7,42105.0,,M18,Micro-perforated LDPE (breathable),30,60000,30,14,good,Passive MAP - micro-perforated,3.5,3.5,93.0,,,Y,2,N,0.75,0.0091,75,,,,,MAP window not reachable with single film at this temperature/pack; use tuned micro-perforation or ventilated pack,synthetic_rule_physics_model
SCN02022,C034,Banana (green),fresh_produce_fruit,ambient,S01,31.4,52.0,S12,6,30.8,0.25,10,75,0.3,5.0,0.99,128.3,24842.0,,M18,Micro-perforated LDPE (breathable),30,60000,30,14,good,Passive MAP - micro-perforated,3.5,3.5,93.0,,,Y,2,N,1.18,0.0144,75,,,,,MAP window not reachable with single film at this temperature/pack; use tuned micro-perforation or ventilated pack,synthetic_rule_physics_model
SCN02023,C034,Banana (green),fresh_produce_fruit,cool,S06,11.2,95.0,S12,6,11.2,2.0,28,75,0.3,5.0,0.99,21.2,24331.0,,M18,Micro-perforated LDPE (breathable),30,60000,30,14,good,Passive MAP - micro-perforated,3.5,3.5,93.0,,,Y,17,N,0.59,0.0072,75,,,,,MAP window not reachable with single film at this temperature/pack; use tuned micro-perforation or ventilated pack,synthetic_rule_physics_model
SCN02024,C034,Banana (green),fresh_produce_fruit,ambient,S01,30.7,62.0,S12,48,27.5,2.0,14,75,0.3,5.0,0.99,94.3,43286.0,,M18,Micro-perforated LDPE (breathable),30,60000,30,14,good,Passive MAP - micro-perforated,3.5,3.5,93.0,,,Y,3,N,0.59,0.0072,75,,,,,MAP window not reachable with single film at this temperature/pack; use tuned micro-perforation or ventilated pack,synthetic_rule_physics_model
SCN02025,C034,Banana (green),fresh_produce_fruit,cool,S06,8.9,89.0,S09,48,14.2,1.0,10,75,0.3,5.0,0.99,28.0,21375.0,,M18,Micro-perforated LDPE (breathable),30,60000,30,14,good,Passive MAP - micro-perforated,3.5,3.5,93.0,,,Y,12,Y,0.75,0.0091,75,,,,,MAP window not reachable with single film at this temperature/pack; use tuned micro-perforation or ventilated pack,synthetic_rule_physics_model
SCN02026,C034,Banana (green),fresh_produce_fruit,cool,S06,13.3,93.0,S12,24,13.1,0.5,21,75,0.3,5.0,0.99,25.3,16389.0,,M18,Micro-perforated LDPE (breathable),30,60000,30,14,good,Passive MAP - micro-perforated,3.5,3.5,93.0,,,Y,14,N,0.94,0.0114,75,,,,,MAP window not reachable with single film at this temperature/pack; use tuned micro-perforation or ventilated pack,synthetic_rule_physics_model
SCN02027,C034,Banana (green),fresh_produce_fruit,cool,S06,9.1,88.0,S09,6,9.3,0.25,21,75,0.3,5.0,0.99,17.8,11539.0,,M18,Micro-perforated LDPE (breathable),30,60000,30,14,good,Passive MAP - micro-perforated,3.5,3.5,93.0,,,Y,20,N,1.18,0.0144,75,,,,,MAP window not reachable with single film at this temperature/pack; use tuned micro-perforation or ventilated pack,synthetic_rule_physics_model
SCN02028,C034,Banana (green),fresh_produce_fruit,cool,S06,9.9,94.0,S12,48,10.3,0.5,10,75,0.3,5.0,0.99,19.5,14971.0,,M18,Micro-perforated LDPE (breathable),30,60000,30,14,good,Passive MAP - micro-perforated,3.5,3.5,93.0,,,Y,19,Y,0.94,0.0114,75,,,,,MAP window not reachable with single film at this temperature/pack; use tuned micro-perforation or ventilated pack,synthetic_rule_physics_model
SCN02029,C034,Banana (green),fresh_produce_fruit,ambient,S01,22.4,47.0,S12,48,21.1,0.25,14,75,0.3,5.0,0.99,52.6,17189.0,,M18,Micro-perforated LDPE (breathable),30,60000,30,14,good,Passive MAP - micro-perforated,3.5,3.5,93.0,,,Y,5,N,1.18,0.0144,75,,,,,MAP window not reachable with single film at this temperature/pack; use tuned micro-perforation or ventilated pack,synthetic_rule_physics_model
SCN02030,C034,Banana (green),fresh_produce_fruit,ambient,S01,26.0,55.0,S09,6,26.0,2.0,7,75,0.3,5.0,0.99,82.0,40832.0,,M18,Micro-perforated LDPE (breathable),30,60000,30,14,good,Passive MAP - micro-perforated,3.5,3.5,93.0,,,Y,4,N,0.59,0.0072,75,,,,,MAP window not reachable with single film at this temperature/pack; use tuned micro-perforation or ventilated pack,synthetic_rule_physics_model
SCN02031,C034,Banana (green),fresh_produce_fruit,ambient,S01,29.2,57.0,S12,48,25.9,1.0,10,75,0.3,5.0,0.99,81.3,32375.0,,M18,Micro-perforated LDPE (breathable),30,60000,30,14,good,Passive MAP - micro-perforated,3.5,3.5,93.0,,,Y,3,N,0.75,0.0091,75,,,,,MAP window not reachable with single film at this temperature/pack; use tuned micro-perforation or ventilated pack,synthetic_rule_physics_model
SCN02032,C034,Banana (green),fresh_produce_fruit,cool,S06,9.5,93.0,S12,48,9.7,0.5,10,75,0.3,5.0,0.99,18.6,14706.0,,M18,Micro-perforated LDPE (breathable),30,60000,30,14,good,Passive MAP - micro-perforated,3.5,3.5,93.0,,,Y,20,Y,0.94,0.0114,75,,,,,MAP window not reachable with single film at this temperature/pack; use tuned micro-perforation or ventilated pack,synthetic_rule_physics_model
SCN02033,C034,Banana (green),fresh_produce_fruit,cool,S06,10.7,91.0,S12,6,10.7,1.0,28,75,0.3,5.0,0.99,20.2,19052.0,,M18,Micro-perforated LDPE (breathable),30,60000,30,14,good,Passive MAP - micro-perforated,3.5,3.5,93.0,,,Y,17,N,0.75,0.0091,75,,,,,MAP window not reachable with single film at this temperature/pack; use tuned micro-perforation or ventilated pack,synthetic_rule_physics_model
SCN02034,C034,Banana (green),fresh_produce_fruit,cool,S06,8.5,91.0,S12,48,8.6,0.5,7,75,0.3,5.0,0.99,16.7,14182.0,,M18,Micro-perforated LDPE (breathable),30,60000,30,14,good,Passive MAP - micro-perforated,3.5,3.5,93.0,,,Y,20,Y,0.94,0.0114,75,,,,,MAP window not reachable with single film at this temperature/pack; use tuned micro-perforation or ventilated pack,synthetic_rule_physics_model
SCN02035,C034,Banana (green),fresh_produce_fruit,cool,S06,11.6,89.0,S12,6,11.6,2.0,10,75,0.3,5.0,0.99,22.0,24648.0,,M18,Micro-perforated LDPE (breathable),30,60000,30,14,good,Passive MAP - micro-perforated,3.5,3.5,93.0,,,Y,17,Y,0.59,0.0072,75,,,,,MAP window not reachable with single film at this temperature/pack; use tuned micro-perforation or ventilated pack,synthetic_rule_physics_model
SCN02036,C034,Banana (green),fresh_produce_fruit,cool,S06,9.9,93.0,S12,24,10.0,2.0,10,75,0.3,5.0,0.99,18.9,23390.0,,M18,Micro-perforated LDPE (breathable),30,60000,30,14,good,Passive MAP - micro-perforated,3.5,3.5,93.0,,,Y,19,Y,0.59,0.0072,75,,,,,MAP window not reachable with single film at this temperature/pack; use tuned micro-perforation or ventilated pack,synthetic_rule_physics_model
SCN02037,C034,Banana (green),fresh_produce_fruit,cool,S06,9.0,92.0,S12,24,9.5,0.5,7,75,0.3,5.0,0.99,18.2,14611.0,,M18,Micro-perforated LDPE (breathable),30,60000,30,14,good,Passive MAP - micro-perforated,3.5,3.5,93.0,,,Y,19,Y,0.94,0.0114,75,,,,,MAP window not reachable with single film at this temperature/pack; use tuned micro-perforation or ventilated pack,synthetic_rule_physics_model
SCN02038,C034,Banana (green),fresh_produce_fruit,cool,S06,10.0,90.0,S12,6,10.1,1.0,7,75,0.3,5.0,0.99,19.1,18679.0,,M18,Micro-perforated LDPE (breathable),30,60000,30,14,good,Passive MAP - micro-perforated,3.5,3.5,93.0,,,Y,19,Y,0.75,0.0091,75,,,,,MAP window not reachable with single film at this temperature/pack; use tuned micro-perforation or ventilated pack,synthetic_rule_physics_model
SCN02039,C034,Banana (green),fresh_produce_fruit,ambient,S01,29.1,41.0,S12,6,28.7,0.5,10,75,0.3,5.0,0.99,105.1,28676.0,,M18,Micro-perforated LDPE (breathable),30,60000,30,14,good,Passive MAP - micro-perforated,3.5,3.5,93.0,,,Y,3,N,0.94,0.0114,75,,,,,MAP window not reachable with single film at this temperature/pack; use tuned micro-perforation or ventilated pack,synthetic_rule_physics_model
SCN02040,C034,Banana (green),fresh_produce_fruit,ambient,S01,21.0,61.0,S12,48,19.9,0.25,14,75,0.3,5.0,0.99,46.9,16429.0,,M18,Micro-perforated LDPE (breathable),30,60000,30,14,good,Passive MAP - micro-perforated,3.5,3.5,93.0,,,Y,6,N,1.18,0.0144,75,,,,,MAP window not reachable with single film at this temperature/pack; use tuned micro-perforation or ventilated pack,synthetic_rule_physics_model
SCN02041,C035,Apple,fresh_produce_fruit,ambient,S02,33.7,86.0,S09,24,33.7,2.0,135,86,0.2,3.5,0.99,100.1,30606.0,,M18,Micro-perforated LDPE (breathable),30,60000,30,14,good,Passive MAP - micro-perforated,2.0,2.0,96.0,,,Y,2,N,0.59,0.0072,75,,,,,MAP window not reachable with single film at this temperature/pack; use tuned micro-perforation or ventilated pack,synthetic_rule_physics_model
SCN02042,C035,Apple,fresh_produce_fruit,ambient,S02,28.8,87.0,S10,24,28.6,0.25,135,86,0.2,3.5,0.99,61.7,12359.0,,M18,Micro-perforated LDPE (breathable),30,60000,30,14,good,Passive MAP - micro-perforated,2.0,2.0,96.0,,,Y,4,N,1.18,0.0144,75,,,,,MAP window not reachable with single film at this temperature/pack; use tuned micro-perforation or ventilated pack,synthetic_rule_physics_model
SCN02043,C035,Apple,fresh_produce_fruit,ambient,S01,28.1,41.0,S10,48,27.7,2.0,135,86,0.2,3.5,0.99,56.6,23627.0,,M18,Micro-perforated LDPE (breathable),30,60000,30,14,good,Passive MAP - micro-perforated,2.0,2.0,96.0,,,Y,4,N,0.59,0.0072,75,,,,,MAP window not reachable with single film at this temperature/pack; use tuned micro-perforation or ventilated pack,synthetic_rule_physics_model
SCN02044,C035,Apple,fresh_produce_fruit,chilled,S05,4.2,76.0,S10,24,4.2,2.0,135,86,0.2,3.5,0.99,6.0,9694.0,,M18,Micro-perforated LDPE (breathable),30,60000,30,14,good,Passive MAP - micro-perforated,2.0,2.0,96.0,,,Y,59,N,0.59,0.0072,75,,,,,MAP window not reachable with single film at this temperature/pack; use tuned micro-perforation or ventilated pack,synthetic_rule_physics_model
SCN02045,C035,Apple,fresh_produce_fruit,chilled,S04,3.0,91.0,S10,48,2.9,0.5,45,86,0.2,3.5,0.99,5.3,5878.0,,M01,LDPE film,30,5833.3,15.0,16,good,Passive MAP (equilibrium),2.0,2.0,96.0,1.9,4.3,Y,97,Y,0.68,0.0109,76,,,,,,synthetic_rule_physics_model
SCN02046,C035,Apple,fresh_produce_fruit,chilled,S04,3.7,93.0,S10,48,3.7,0.25,90,86,0.2,3.5,0.99,5.7,4791.0,,M18,Micro-perforated LDPE (breathable),30,60000,30,14,good,Passive MAP - micro-perforated,2.0,2.0,96.0,,,Y,62,N,1.18,0.0144,75,,,,,MAP window not reachable with single film at this temperature/pack; use tuned micro-perforation or ventilated pack,synthetic_rule_physics_model
SCN02047,C035,Apple,fresh_produce_fruit,chilled,S05,5.7,86.0,S10,24,5.7,0.25,45,86,0.2,3.5,0.99,6.9,5119.0,,M01,LDPE film,35,5000.0,12.86,16,good,Passive MAP (equilibrium),2.0,2.0,96.0,1.5,4.3,Y,73,Y,0.99,0.016,76,,,,,,synthetic_rule_physics_model
SCN02048,C035,Apple,fresh_produce_fruit,ambient,S02,31.6,92.0,S10,48,31.3,1.0,180,86,0.2,3.5,0.99,79.4,21888.0,,M18,Micro-perforated LDPE (breathable),30,60000,30,14,good,Passive MAP - micro-perforated,2.0,2.0,96.0,,,Y,3,N,0.75,0.0091,75,,,,,MAP window not reachable with single film at this temperature/pack; use tuned micro-perforation or ventilated pack,synthetic_rule_physics_model
SCN02049,C035,Apple,fresh_produce_fruit,chilled,S05,4.0,85.0,S10,24,4.0,2.0,135,86,0.2,3.5,0.99,5.9,9613.0,,M18,Micro-perforated LDPE (breathable),30,60000,30,14,good,Passive MAP - micro-perforated,2.0,2.0,96.0,,,Y,58,N,0.59,0.0072,75,,,,,MAP window not reachable with single film at this temperature/pack; use tuned micro-perforation or ventilated pack,synthetic_rule_physics_model
SCN02050,C035,Apple,fresh_produce_fruit,chilled,S04,2.8,87.0,S10,48,2.7,0.5,68,86,0.2,3.5,0.99,5.2,5830.0,,M18,Micro-perforated LDPE (breathable),30,60000,30,14,good,Passive MAP - micro-perforated,2.0,2.0,96.0,,,Y,65,N,0.94,0.0114,75,,,,,MAP window not reachable with single film at this temperature/pack; use tuned micro-perforation or ventilated pack,synthetic_rule_physics_model
SCN02051,C035,Apple,fresh_produce_fruit,chilled,S04,0.4,88.0,S10,48,0.6,1.0,68,86,0.2,3.5,0.99,4.2,6853.0,,M18,Micro-perforated LDPE (breathable),30,60000,30,14,good,Passive MAP - micro-perforated,2.0,2.0,96.0,,,Y,88,Y,0.75,0.0091,75,,,,,MAP window not reachable with single film at this temperature/pack; use tuned micro-perforation or ventilated pack,synthetic_rule_physics_model
SCN02052,C035,Apple,fresh_produce_fruit,ambient,S02,32.4,75.0,S10,6,32.4,2.0,180,86,0.2,3.5,0.99,88.1,28854.0,,M18,Micro-perforated LDPE (breathable),30,60000,30,14,good,Passive MAP - micro-perforated,2.0,2.0,96.0,,,Y,3,N,0.59,0.0072,75,,,,,MAP window not reachable with single film at this temperature/pack; use tuned micro-perforation or ventilated pack,synthetic_rule_physics_model
SCN02053,C035,Apple,fresh_produce_fruit,chilled,S05,3.3,78.0,S10,6,3.3,2.0,135,86,0.2,3.5,0.99,5.5,9400.0,,M18,Micro-perforated LDPE (breathable),30,60000,30,14,good,Passive MAP - micro-perforated,2.0,2.0,96.0,,,Y,60,N,0.59,0.0072,75,,,,,MAP window not reachable with single film at this temperature/pack; use tuned micro-perforation or ventilated pack,synthetic_rule_physics_model
SCN02054,C035,Apple,fresh_produce_fruit,ambient,S02,29.4,86.0,S09,6,29.5,2.0,68,86,0.2,3.5,0.99,66.8,25429.0,,M18,Micro-perforated LDPE (breathable),30,60000,30,14,good,Passive MAP - micro-perforated,2.0,2.0,96.0,,,Y,4,N,0.59,0.0072,75,,,,,MAP window not reachable with single film at this temperature/pack; use tuned micro-perforation or ventilated pack,synthetic_rule_physics_model
SCN02055,C035,Apple,fresh_produce_fruit,ambient,S01,26.1,56.0,S09,24,26.3,2.0,68,86,0.2,3.5,0.99,49.3,22232.0,,M18,Micro-perforated LDPE (breathable),30,60000,30,14,good,Passive MAP - micro-perforated,2.0,2.0,96.0,,,Y,5,N,0.59,0.0072,75,,,,,MAP window not reachable with single film at this temperature/pack; use tuned micro-perforation or ventilated pack,synthetic_rule_physics_model
SCN02056,C035,Apple,fresh_produce_fruit,chilled,S04,1.0,91.0,S09,6,1.1,0.25,68,86,0.2,3.5,0.99,4.4,4409.0,,M01,LDPE film,40,4375.0,11.25,16,good,Passive MAP (equilibrium),2.0,2.0,96.0,1.9,4.3,Y,115,Y,1.13,0.0183,76,,,,,,synthetic_rule_physics_model
SCN02057,C035,Apple,fresh_produce_fruit,chilled,S04,0.9,91.0,S10,6,0.9,0.5,90,86,0.2,3.5,0.99,4.4,5512.0,,M18,Micro-perforated LDPE (breathable),30,60000,30,14,good,Passive MAP - micro-perforated,2.0,2.0,96.0,,,Y,76,N,0.94,0.0114,75,,,,,MAP window not reachable with single film at this temperature/pack; use tuned micro-perforation or ventilated pack,synthetic_rule_physics_model
SCN02058,C035,Apple,fresh_produce_fruit,chilled,S04,2.4,94.0,S10,24,2.4,0.25,135,86,0.2,3.5,0.99,5.0,4598.0,,M01,LDPE film,40,4375.0,11.25,16,good,Passive MAP (equilibrium),2.0,2.0,96.0,1.0,4.4,Y,102,N,1.13,0.0183,76,,,,,,synthetic_rule_physics_model
SCN02059,C035,Apple,fresh_produce_fruit,chilled,S04,3.0,92.0,S09,6,3.1,0.25,90,86,0.2,3.5,0.99,5.4,4701.0,,M01,LDPE film,40,4375.0,11.25,16,good,Passive MAP (equilibrium),2.0,2.0,96.0,0.6,4.5,Y,96,Y,1.13,0.0183,76,,,,,,synthetic_rule_physics_model
SCN02060,C035,Apple,fresh_produce_fruit,ambient,S01,27.5,52.0,S10,48,27.2,2.0,180,86,0.2,3.5,0.99,53.7,23083.0,,M18,Micro-perforated LDPE (breathable),30,60000,30,14,good,Passive MAP - micro-perforated,2.0,2.0,96.0,,,Y,5,N,0.59,0.0072,75,,,,,MAP window not reachable with single film at this temperature/pack; use tuned micro-perforation or ventilated pack,synthetic_rule_physics_model
SCN02061,C035,Apple,fresh_produce_fruit,chilled,S04,3.4,91.0,S10,48,3.4,2.0,68,86,0.2,3.5,0.99,5.5,9427.0,,M18,Micro-perforated LDPE (breathable),30,60000,30,14,good,Passive MAP - micro-perforated,2.0,2.0,96.0,,,Y,66,N,0.59,0.0072,75,,,,,MAP window not reachable with single film at this temperature/pack; use tuned micro-perforation or ventilated pack,synthetic_rule_physics_model
SCN02062,C035,Apple,fresh_produce_fruit,ambient,S01,31.9,61.0,S10,48,31.5,1.0,135,86,0.2,3.5,0.99,80.8,22067.0,,M18,Micro-perforated LDPE (breathable),30,60000,30,14,good,Passive MAP - micro-perforated,2.0,2.0,96.0,,,Y,3,N,0.75,0.0091,75,,,,,MAP window not reachable with single film at this temperature/pack; use tuned micro-perforation or ventilated pack,synthetic_rule_physics_model
SCN02063,C035,Apple,fresh_produce_fruit,ambient,S02,32.6,77.0,S10,24,32.3,0.5,90,86,0.2,3.5,0.99,87.2,18175.0,,M18,Micro-perforated LDPE (breathable),30,60000,30,14,good,Passive MAP - micro-perforated,2.0,2.0,96.0,,,Y,3,N,0.94,0.0114,75,,,,,MAP window not reachable with single film at this temperature/pack; use tuned micro-perforation or ventilated pack,synthetic_rule_physics_model
SCN02064,C035,Apple,fresh_produce_fruit,chilled,S04,1.1,89.0,S10,48,1.2,1.0,68,86,0.2,3.5,0.99,4.5,7000.0,,M01,LDPE film,25,7000.0,18.0,16,good,Passive MAP (equilibrium),2.0,2.0,96.0,2.0,4.2,Y,118,Y,0.45,0.0072,76,,,,,,synthetic_rule_physics_model
SCN02065,C035,Apple,fresh_produce_fruit,chilled,S04,1.9,93.0,S10,24,2.0,1.0,45,86,0.2,3.5,0.99,4.8,7163.0,,M01,LDPE film,25,7000.0,18.0,16,good,Passive MAP (equilibrium),2.0,2.0,96.0,1.6,4.3,Y,108,Y,0.45,0.0072,76,,,,,,synthetic_rule_physics_model
SCN02066,C035,Apple,fresh_produce_fruit,chilled,S05,5.0,70.0,S10,48,5.0,2.0,90,86,0.2,3.5,0.99,6.5,9947.0,,M18,Micro-perforated LDPE (breathable),30,60000,30,14,good,Passive MAP - micro-perforated,2.0,2.0,96.0,,,Y,51,N,0.59,0.0072,75,,,,,MAP window not reachable with single film at this temperature/pack; use tuned micro-perforation or ventilated pack,synthetic_rule_physics_model
SCN02067,C035,Apple,fresh_produce_fruit,chilled,S04,2.5,91.0,S10,48,2.5,0.5,180,86,0.2,3.5,0.99,5.1,5788.0,,M18,Micro-perforated LDPE (breathable),30,60000,30,14,good,Passive MAP - micro-perforated,2.0,2.0,96.0,,,Y,67,N,0.94,0.0114,75,,,,,MAP window not reachable with single film at this temperature/pack; use tuned micro-perforation or ventilated pack,synthetic_rule_physics_model
SCN02068,C035,Apple,fresh_produce_fruit,ambient,S01,21.4,52.0,S10,24,21.1,1.0,68,86,0.2,3.5,0.99,30.0,14293.0,,M18,Micro-perforated LDPE (breathable),30,60000,30,14,good,Passive MAP - micro-perforated,2.0,2.0,96.0,,,Y,9,N,0.75,0.0091,75,,,,,MAP window not reachable with single film at this temperature/pack; use tuned micro-perforation or ventilated pack,synthetic_rule_physics_model
SCN02069,C035,Apple,fresh_produce_fruit,chilled,S05,8.0,76.0,S10,6,8.0,1.0,90,86,0.2,3.5,0.99,8.6,8750.0,,M18,Micro-perforated LDPE (breathable),30,60000,30,14,good,Passive MAP - micro-perforated,2.0,2.0,96.0,,,Y,36,N,0.75,0.0091,75,,,,,MAP window not reachable with single film at this temperature/pack; use tuned micro-perforation or ventilated pack,synthetic_rule_physics_model
SCN02070,C035,Apple,fresh_produce_fruit,ambient,S01,22.0,56.0,S09,6,22.1,1.0,68,86,0.2,3.5,0.99,32.9,14864.0,,M18,Micro-perforated LDPE (breathable),30,60000,30,14,good,Passive MAP - micro-perforated,2.0,2.0,96.0,,,Y,8,N,0.75,0.0091,75,,,,,MAP window not reachable with single film at this temperature/pack; use tuned micro-perforation or ventilated pack,synthetic_rule_physics_model
SCN02071,C035,Apple,fresh_produce_fruit,chilled,S04,0.6,90.0,S10,48,0.6,0.25,45,86,0.2,3.5,0.99,4.3,4347.0,,M18,Micro-perforated LDPE (breathable),30,60000,30,14,good,Passive MAP - micro-perforated,2.0,2.0,96.0,,,Y,75,Y,1.18,0.0144,75,,,,,MAP window not reachable with single film at this temperature/pack; use tuned micro-perforation or ventilated pack,synthetic_rule_physics_model
SCN02072,C035,Apple,fresh_produce_fruit,chilled,S04,2.1,88.0,S10,48,2.2,0.25,180,86,0.2,3.5,0.99,4.9,4566.0,,M01,LDPE film,40,4375.0,11.25,16,good,Passive MAP (equilibrium),2.0,2.0,96.0,1.2,4.4,Y,104,N,1.13,0.0183,76,,,,,,synthetic_rule_physics_model
SCN02073,C035,Apple,fresh_produce_fruit,ambient,S01,20.5,52.0,S10,48,20.3,0.5,180,86,0.2,3.5,0.99,27.9,11025.0,,M18,Micro-perforated LDPE (breathable),30,60000,30,14,good,Passive MAP - micro-perforated,2.0,2.0,96.0,,,Y,10,N,0.94,0.0114,75,,,,,MAP window not reachable with single film at this temperature/pack; use tuned micro-perforation or ventilated pack,synthetic_rule_physics_model
SCN02074,C035,Apple,fresh_produce_fruit,ambient,S01,23.1,61.0,S09,6,23.2,2.0,68,86,0.2,3.5,0.99,36.7,19552.0,,M18,Micro-perforated LDPE (breathable),30,60000,30,14,good,Passive MAP - micro-perforated,2.0,2.0,96.0,,,Y,7,N,0.59,0.0072,75,,,,,MAP window not reachable with single film at this temperature/pack; use tuned micro-perforation or ventilated pack,synthetic_rule_physics_model
SCN02075,C035,Apple,fresh_produce_fruit,ambient,S01,31.0,41.0,S10,6,30.9,2.0,135,86,0.2,3.5,0.99,76.9,27108.0,,M18,Micro-perforated LDPE (breathable),30,60000,30,14,good,Passive MAP - micro-perforated,2.0,2.0,96.0,,,Y,3,N,0.59,0.0072,75,,,,,MAP window not reachable with single film at this temperature/pack; use tuned micro-perforation or ventilated pack,synthetic_rule_physics_model
SCN02076,C035,Apple,fresh_produce_fruit,chilled,S05,7.3,82.0,S10,24,7.3,1.0,135,86,0.2,3.5,0.99,8.0,8550.0,,M18,Micro-perforated LDPE (breathable),30,60000,30,14,good,Passive MAP - micro-perforated,2.0,2.0,96.0,,,Y,41,N,0.75,0.0091,75,,,,,MAP window not reachable with single film at this temperature/pack; use tuned micro-perforation or ventilated pack,synthetic_rule_physics_model
SCN02077,C035,Apple,fresh_produce_fruit,chilled,S05,7.1,90.0,S10,24,7.1,1.0,135,86,0.2,3.5,0.99,7.9,8501.0,,M18,Micro-perforated LDPE (breathable),30,60000,30,14,good,Passive MAP - micro-perforated,2.0,2.0,96.0,,,Y,42,N,0.75,0.0091,75,,,,,MAP window not reachable with single film at this temperature/pack; use tuned micro-perforation or ventilated pack,synthetic_rule_physics_model
SCN02078,C035,Apple,fresh_produce_fruit,chilled,S05,5.5,80.0,S10,24,5.5,0.25,180,86,0.2,3.5,0.99,6.8,5088.0,,M01,LDPE film,35,5000.0,12.86,16,good,Passive MAP (equilibrium),2.0,2.0,96.0,1.7,4.3,Y,77,N,0.99,0.016,76,,,,,,synthetic_rule_physics_model
SCN02079,C035,Apple,fresh_produce_fruit,ambient,S01,20.4,56.0,S10,6,20.3,0.25,45,86,0.2,3.5,0.99,27.8,8758.0,,M18,Micro-perforated LDPE (breathable),30,60000,30,14,good,Passive MAP - micro-perforated,2.0,2.0,96.0,,,Y,10,N,1.18,0.0144,75,,,,,MAP window not reachable with single film at this temperature/pack; use tuned micro-perforation or ventilated pack,synthetic_rule_physics_model
SCN02080,C035,Apple,fresh_produce_fruit,chilled,S04,1.2,94.0,S10,24,1.2,0.25,135,86,0.2,3.5,0.99,4.5,4426.0,,M01,LDPE film,40,4375.0,11.25,16,good,Passive MAP (equilibrium),2.0,2.0,96.0,1.8,4.3,Y,118,N,1.13,0.0183,76,,,,,,synthetic_rule_physics_model
SCN02081,C035,Apple,fresh_produce_fruit,chilled,S04,3.6,89.0,S09,6,3.7,0.25,135,86,0.2,3.5,0.99,5.7,4789.0,,M18,Micro-perforated LDPE (breathable),30,60000,30,14,good,Passive MAP - micro-perforated,2.0,2.0,96.0,,,Y,62,N,1.18,0.0144,75,,,,,MAP window not reachable with single film at this temperature/pack; use tuned micro-perforation or ventilated pack,synthetic_rule_physics_model
SCN02082,C035,Apple,fresh_produce_fruit,ambient,S01,21.5,48.0,S10,24,21.3,2.0,68,86,0.2,3.5,0.99,30.5,18094.0,,M18,Micro-perforated LDPE (breathable),30,60000,30,14,good,Passive MAP - micro-perforated,2.0,2.0,96.0,,,Y,9,N,0.59,0.0072,75,,,,,MAP window not reachable with single film at this temperature/pack; use tuned micro-perforation or ventilated pack,synthetic_rule_physics_model
SCN02083,C035,Apple,fresh_produce_fruit,chilled,S04,3.4,86.0,S10,6,3.4,1.0,135,86,0.2,3.5,0.99,5.5,7508.0,,M01,LDPE film,25,7000.0,18.0,16,good,Passive MAP (equilibrium),2.0,2.0,96.0,0.6,4.5,Y,90,N,0.45,0.0072,76,,,,,,synthetic_rule_physics_model
SCN02084,C035,Apple,fresh_produce_fruit,chilled,S04,1.2,94.0,S10,48,1.3,1.0,90,86,0.2,3.5,0.99,4.5,7003.0,,M01,LDPE film,25,7000.0,18.0,16,good,Passive MAP (equilibrium),2.0,2.0,96.0,2.0,4.2,Y,118,Y,0.45,0.0072,76,,,,,,synthetic_rule_physics_model
SCN02085,C035,Apple,fresh_produce_fruit,chilled,S04,3.4,93.0,S10,6,3.4,2.0,45,86,0.2,3.5,0.99,5.5,9428.0,,M18,Micro-perforated LDPE (breathable),30,60000,30,14,good,Passive MAP - micro-perforated,2.0,2.0,96.0,,,Y,65,Y,0.59,0.0072,75,,,,,MAP window not reachable with single film at this temperature/pack; use tuned micro-perforation or ventilated pack,synthetic_rule_physics_model
SCN02086,C035,Apple,fresh_produce_fruit,chilled,S04,2.9,87.0,S10,48,3.1,0.25,45,86,0.2,3.5,0.99,5.4,4700.0,,M01,LDPE film,40,4375.0,11.25,16,good,Passive MAP (equilibrium),2.0,2.0,96.0,0.6,4.5,Y,96,Y,1.13,0.0183,76,,,,,,synthetic_rule_physics_model
SCN02087,C035,Apple,fresh_produce_fruit,chilled,S04,0.4,94.0,S09,48,1.5,0.5,68,86,0.2,3.5,0.99,4.6,5611.0,,M18,Micro-perforated LDPE (breathable),30,60000,30,14,good,Passive MAP - micro-perforated,2.0,2.0,96.0,,,Y,78,Y,0.94,0.0114,75,,,,,MAP window not reachable with single film at this temperature/pack; use tuned micro-perforation or ventilated pack,synthetic_rule_physics_model
SCN02088,C035,Apple,fresh_produce_fruit,ambient,S02,32.0,84.0,S10,24,31.8,0.5,180,86,0.2,3.5,0.99,83.6,17823.0,,M18,Micro-perforated LDPE (breathable),30,60000,30,14,good,Passive MAP - micro-perforated,2.0,2.0,96.0,,,Y,3,N,0.94,0.0114,75,,,,,MAP window not reachable with single film at this temperature/pack; use tuned micro-perforation or ventilated pack,synthetic_rule_physics_model
SCN02089,C035,Apple,fresh_produce_fruit,chilled,S04,1.3,87.0,S10,48,1.3,1.0,68,86,0.2,3.5,0.99,4.5,7014.0,,M01,LDPE film,25,7000.0,18.0,16,good,Passive MAP (equilibrium),2.0,2.0,96.0,2.0,4.2,Y,114,Y,0.45,0.0072,76,,,,,,synthetic_rule_physics_model
SCN02090,C035,Apple,fresh_produce_fruit,ambient,S02,28.8,77.0,S10,6,28.8,0.25,135,86,0.2,3.5,0.99,62.5,12428.0,,M18,Micro-perforated LDPE (breathable),30,60000,30,14,good,Passive MAP - micro-perforated,2.0,2.0,96.0,,,Y,4,N,1.18,0.0144,75,,,,,MAP window not reachable with single film at this temperature/pack; use tuned micro-perforation or ventilated pack,synthetic_rule_physics_model
SCN02091,C035,Apple,fresh_produce_fruit,chilled,S05,6.2,77.0,S10,24,6.1,2.0,90,86,0.2,3.5,0.99,7.2,10332.0,,M18,Micro-perforated LDPE (breathable),30,60000,30,14,good,Passive MAP - micro-perforated,2.0,2.0,96.0,,,Y,47,N,0.59,0.0072,75,,,,,MAP window not reachable with single film at this temperature/pack; use tuned micro-perforation or ventilated pack,synthetic_rule_physics_model
SCN02092,C035,Apple,fresh_produce_fruit,chilled,S04,3.1,91.0,S10,48,3.0,2.0,180,86,0.2,3.5,0.99,5.3,9322.0,,M18,Micro-perforated LDPE (breathable),30,60000,30,14,good,Passive MAP - micro-perforated,2.0,2.0,96.0,,,Y,64,N,0.59,0.0072,75,,,,,MAP window not reachable with single film at this temperature/pack; use tuned micro-perforation or ventilated pack,synthetic_rule_physics_model
SCN02093,C035,Apple,fresh_produce_fruit,chilled,S04,3.2,90.0,S10,24,3.1,2.0,68,86,0.2,3.5,0.99,5.4,9355.0,,M18,Micro-perforated LDPE (breathable),30,60000,30,14,good,Passive MAP - micro-perforated,2.0,2.0,96.0,,,Y,60,N,0.59,0.0072,75,,,,,MAP window not reachable with single film at this temperature/pack; use tuned micro-perforation or ventilated pack,synthetic_rule_physics_model
SCN02094,C035,Apple,fresh_produce_fruit,chilled,S04,3.6,87.0,S10,6,3.6,0.25,68,86,0.2,3.5,0.99,5.6,4781.0,,M18,Micro-perforated LDPE (breathable),30,60000,30,14,good,Passive MAP - micro-perforated,2.0,2.0,96.0,,,Y,62,N,1.18,0.0144,75,,,,,MAP window not reachable with single film at this temperature/pack; use tuned micro-perforation or ventilated pack,synthetic_rule_physics_model
SCN02095,C035,Apple,fresh_produce_fruit,chilled,S04,3.2,92.0,S10,6,3.2,0.5,135,86,0.2,3.5,0.99,5.4,5922.0,,M01,LDPE film,30,5833.3,15.0,16,good,Passive MAP (equilibrium),2.0,2.0,96.0,1.7,4.3,Y,97,N,0.68,0.0109,76,,,,,,synthetic_rule_physics_model
SCN02096,C035,Apple,fresh_produce_fruit,chilled,S05,5.5,88.0,S09,24,6.0,1.0,68,86,0.2,3.5,0.99,7.1,8169.0,,M18,Micro-perforated LDPE (breathable),30,60000,30,14,good,Passive MAP - micro-perforated,2.0,2.0,96.0,,,Y,46,N,0.75,0.0091,75,,,,,MAP window not reachable with single film at this temperature/pack; use tuned micro-perforation or ventilated pack,synthetic_rule_physics_model
SCN02097,C035,Apple,fresh_produce_fruit,chilled,S04,2.2,87.0,S10,48,2.2,0.25,135,86,0.2,3.5,0.99,4.9,4571.0,,M01,LDPE film,40,4375.0,11.25,16,good,Passive MAP (equilibrium),2.0,2.0,96.0,1.1,4.4,Y,105,N,1.13,0.0183,76,,,,,,synthetic_rule_physics_model
SCN02098,C035,Apple,fresh_produce_fruit,chilled,S04,1.3,92.0,S09,6,1.4,2.0,180,86,0.2,3.5,0.99,4.6,8832.0,,M18,Micro-perforated LDPE (breathable),30,60000,30,14,good,Passive MAP - micro-perforated,2.0,2.0,96.0,,,Y,81,N,0.59,0.0072,75,,,,,MAP window not reachable with single film at this temperature/pack; use tuned micro-perforation or ventilated pack,synthetic_rule_physics_model
SCN02099,C035,Apple,fresh_produce_fruit,chilled,S04,1.7,90.0,S10,48,1.9,2.0,45,86,0.2,3.5,0.99,4.8,8996.0,,M18,Micro-perforated LDPE (breathable),30,60000,30,14,good,Passive MAP - micro-perforated,2.0,2.0,96.0,,,Y,75,Y,0.59,0.0072,75,,,,,MAP window not reachable with single film at this temperature/pack; use tuned micro-perforation or ventilated pack,synthetic_rule_physics_model
SCN02100,C035,Apple,fresh_produce_fruit,chilled,S04,3.0,94.0,S10,6,3.0,0.25,90,86,0.2,3.5,0.99,5.3,4683.0,,M01,LDPE film,40,4375.0,11.25,16,good,Passive MAP (equilibrium),2.0,2.0,96.0,0.7,4.5,Y,98,Y,1.13,0.0183,76,,,,,,synthetic_rule_physics_model
SCN02101,C036,Mango,fresh_produce_fruit,cool,S06,11.5,94.0,S12,48,11.2,1.0,7,82,0.4,4.0,0.99,21.2,19932.0,,M18,Micro-perforated LDPE (breathable),30,60000,30,14,good,Passive MAP - micro-perforated,4.0,6.5,89.5,,,Y,18,Y,0.75,0.0091,75,,,,,MAP window not reachable with single film at this temperature/pack; use tuned micro-perforation or ventilated pack,synthetic_rule_physics_model
SCN02102,C036,Mango,fresh_produce_fruit,cool,S06,11.5,88.0,S12,6,11.5,1.0,21,82,0.4,4.0,0.99,21.7,20107.0,,M18,Micro-perforated LDPE (breathable),30,60000,30,14,good,Passive MAP - micro-perforated,4.0,6.5,89.5,,,Y,16,N,0.75,0.0091,75,,,,,MAP window not reachable with single film at this temperature/pack; use tuned micro-perforation or ventilated pack,synthetic_rule_physics_model
SCN02103,C036,Mango,fresh_produce_fruit,cool,S06,13.6,93.0,S12,24,13.5,2.0,28,82,0.4,4.0,0.99,26.3,27036.0,,M18,Micro-perforated LDPE (breathable),30,60000,30,14,good,Passive MAP - micro-perforated,4.0,6.5,89.5,,,Y,13,N,0.59,0.0072,75,,,,,MAP window not reachable with single film at this temperature/pack; use tuned micro-perforation or ventilated pack,synthetic_rule_physics_model
SCN02104,C036,Mango,fresh_produce_fruit,ambient,S02,29.4,81.0,S12,48,28.2,1.0,28,82,0.4,4.0,0.99,101.0,36483.0,,M18,Micro-perforated LDPE (breathable),30,60000,30,14,good,Passive MAP - micro-perforated,4.0,6.5,89.5,,,Y,3,N,0.75,0.0091,75,,,,,MAP window not reachable with single film at this temperature/pack; use tuned micro-perforation or ventilated pack,synthetic_rule_physics_model
SCN02105,C036,Mango,fresh_produce_fruit,cool,S06,9.0,94.0,S12,48,9.5,2.0,14,82,0.4,4.0,0.99,18.2,23766.0,,M18,Micro-perforated LDPE (breathable),30,60000,30,14,good,Passive MAP - micro-perforated,4.0,6.5,89.5,,,Y,20,Y,0.59,0.0072,75,,,,,MAP window not reachable with single film at this temperature/pack; use tuned micro-perforation or ventilated pack,synthetic_rule_physics_model
SCN02106,C036,Mango,fresh_produce_fruit,ambient,S01,24.2,53.0,S09,6,24.5,0.25,10,82,0.4,4.0,0.99,71.8,20046.0,,M18,Micro-perforated LDPE (breathable),30,60000,30,14,good,Passive MAP - micro-perforated,4.0,6.5,89.5,,,Y,4,N,1.18,0.0144,75,,,,,MAP window not reachable with single film at this temperature/pack; use tuned micro-perforation or ventilated pack,synthetic_rule_physics_model
SCN02107,C036,Mango,fresh_produce_fruit,cool,S06,11.2,93.0,S12,24,11.3,0.25,10,82,0.4,4.0,0.99,21.4,12649.0,,M18,Micro-perforated LDPE (breathable),30,60000,30,14,good,Passive MAP - micro-perforated,4.0,6.5,89.5,,,Y,17,Y,1.18,0.0144,75,,,,,MAP window not reachable with single film at this temperature/pack; use tuned micro-perforation or ventilated pack,synthetic_rule_physics_model
SCN02108,C036,Mango,fresh_produce_fruit,cool,S06,9.1,92.0,S09,24,13.6,2.0,7,82,0.4,4.0,0.99,26.4,27069.0,,M18,Micro-perforated LDPE (breathable),30,60000,30,14,good,Passive MAP - micro-perforated,4.0,6.5,89.5,,,Y,13,Y,0.59,0.0072,75,,,,,MAP window not reachable with single film at this temperature/pack; use tuned micro-perforation or ventilated pack,synthetic_rule_physics_model
SCN02109,C036,Mango,fresh_produce_fruit,ambient,S02,30.1,82.0,S12,24,29.1,0.5,21,82,0.4,4.0,0.99,109.6,30040.0,,M18,Micro-perforated LDPE (breathable),30,60000,30,14,good,Passive MAP - micro-perforated,4.0,6.5,89.5,,,Y,2,N,0.94,0.0114,75,,,,,MAP window not reachable with single film at this temperature/pack; use tuned micro-perforation or ventilated pack,synthetic_rule_physics_model
SCN02110,C036,Mango,fresh_produce_fruit,ambient,S01,21.9,65.0,S09,48,22.9,0.5,10,82,0.4,4.0,0.99,61.9,23724.0,,M18,Micro-perforated LDPE (breathable),30,60000,30,14,good,Passive MAP - micro-perforated,4.0,6.5,89.5,,,Y,5,N,0.94,0.0114,75,,,,,MAP window not reachable with single film at this temperature/pack; use tuned micro-perforation or ventilated pack,synthetic_rule_physics_model
SCN02111,C036,Mango,fresh_produce_fruit,cool,S06,10.6,92.0,S09,6,10.8,2.0,28,82,0.4,4.0,0.99,20.5,24750.0,,M18,Micro-perforated LDPE (breathable),30,60000,30,14,good,Passive MAP - micro-perforated,4.0,6.5,89.5,,,Y,18,N,0.59,0.0072,75,,,,,MAP window not reachable with single film at this temperature/pack; use tuned micro-perforation or ventilated pack,synthetic_rule_physics_model
SCN02112,C036,Mango,fresh_produce_fruit,cool,S06,13.5,92.0,S09,24,15.2,0.5,7,82,0.4,4.0,0.99,30.6,18086.0,,M18,Micro-perforated LDPE (breathable),30,60000,30,14,good,Passive MAP - micro-perforated,4.0,6.5,89.5,,,Y,11,Y,0.94,0.0114,75,,,,,MAP window not reachable with single film at this temperature/pack; use tuned micro-perforation or ventilated pack,synthetic_rule_physics_model
SCN02113,C036,Mango,fresh_produce_fruit,cool,S06,11.4,91.0,S12,48,10.8,1.0,7,82,0.4,4.0,0.99,20.4,19648.0,,M18,Micro-perforated LDPE (breathable),30,60000,30,14,good,Passive MAP - micro-perforated,4.0,6.5,89.5,,,Y,18,Y,0.75,0.0091,75,,,,,MAP window not reachable with single film at this temperature/pack; use tuned micro-perforation or ventilated pack,synthetic_rule_physics_model
SCN02114,C036,Mango,fresh_produce_fruit,ambient,S01,23.8,53.0,S09,48,27.8,2.0,7,82,0.4,4.0,0.99,96.8,45051.0,,M18,Micro-perforated LDPE (breathable),30,60000,30,14,good,Passive MAP - micro-perforated,4.0,6.5,89.5,,,Y,3,N,0.59,0.0072,75,,,,,MAP window not reachable with single film at this temperature/pack; use tuned micro-perforation or ventilated pack,synthetic_rule_physics_model
SCN02115,C036,Mango,fresh_produce_fruit,cool,S06,12.5,89.0,S12,6,12.5,0.25,7,82,0.4,4.0,0.99,23.8,13149.0,,M18,Micro-perforated LDPE (breathable),30,60000,30,14,good,Passive MAP - micro-perforated,4.0,6.5,89.5,,,Y,15,Y,1.18,0.0144,75,,,,,MAP window not reachable with single film at this temperature/pack; use tuned micro-perforation or ventilated pack,synthetic_rule_physics_model
SCN02116,C036,Mango,fresh_produce_fruit,ambient,S02,32.3,92.0,S09,6,32.2,1.0,14,82,0.4,4.0,0.99,145.5,42680.0,,M18,Micro-perforated LDPE (breathable),30,60000,30,14,good,Passive MAP - micro-perforated,4.0,6.5,89.5,,,Y,2,N,0.75,0.0091,75,,,,,MAP window not reachable with single film at this temperature/pack; use tuned micro-perforation or ventilated pack,synthetic_rule_physics_model
SCN02117,C036,Mango,fresh_produce_fruit,cool,S06,12.1,90.0,S12,24,11.6,0.25,7,82,0.4,4.0,0.99,22.1,12791.0,,M18,Micro-perforated LDPE (breathable),30,60000,30,14,good,Passive MAP - micro-perforated,4.0,6.5,89.5,,,Y,17,Y,1.18,0.0144,75,,,,,MAP window not reachable with single film at this temperature/pack; use tuned micro-perforation or ventilated pack,synthetic_rule_physics_model
SCN02118,C036,Mango,fresh_produce_fruit,cool,S06,13.3,90.0,S12,48,12.7,0.25,14,82,0.4,4.0,0.99,24.3,13241.0,,M18,Micro-perforated LDPE (breathable),30,60000,30,14,good,Passive MAP - micro-perforated,4.0,6.5,89.5,,,Y,15,Y,1.18,0.0144,75,,,,,MAP window not reachable with single film at this temperature/pack; use tuned micro-perforation or ventilated pack,synthetic_rule_physics_model
SCN02119,C036,Mango,fresh_produce_fruit,cool,S06,12.5,89.0,S12,48,12.3,1.0,28,82,0.4,4.0,0.99,23.5,20660.0,,M18,Micro-perforated LDPE (breathable),30,60000,30,14,good,Passive MAP - micro-perforated,4.0,6.5,89.5,,,Y,14,N,0.75,0.0091,75,,,,,MAP window not reachable with single film at this temperature/pack; use tuned micro-perforation or ventilated pack,synthetic_rule_physics_model
SCN02120,C036,Mango,fresh_produce_fruit,cool,S06,11.4,89.0,S12,48,11.5,0.25,14,82,0.4,4.0,0.99,21.7,12716.0,,M18,Micro-perforated LDPE (breathable),30,60000,30,14,good,Passive MAP - micro-perforated,4.0,6.5,89.5,,,Y,16,Y,1.18,0.0144,75,,,,,MAP window not reachable with single film at this temperature/pack; use tuned micro-perforation or ventilated pack,synthetic_rule_physics_model
SCN02121,C036,Mango,fresh_produce_fruit,ambient,S01,31.7,42.0,S12,48,25.4,0.5,7,82,0.4,4.0,0.99,77.8,26039.0,,M18,Micro-perforated LDPE (breathable),30,60000,30,14,good,Passive MAP - micro-perforated,4.0,6.5,89.5,,,Y,4,N,0.94,0.0114,75,,,,,MAP window not reachable with single film at this temperature/pack; use tuned micro-perforation or ventilated pack,synthetic_rule_physics_model
SCN02122,C036,Mango,fresh_produce_fruit,cool,S06,10.3,91.0,S12,6,10.3,1.0,14,82,0.4,4.0,0.99,19.6,19386.0,,M18,Micro-perforated LDPE (breathable),30,60000,30,14,good,Passive MAP - micro-perforated,4.0,6.5,89.5,,,Y,19,Y,0.75,0.0091,75,,,,,MAP window not reachable with single film at this temperature/pack; use tuned micro-perforation or ventilated pack,synthetic_rule_physics_model
SCN02123,C036,Mango,fresh_produce_fruit,cool,S06,12.1,88.0,S12,24,12.0,0.5,21,82,0.4,4.0,0.99,22.9,16282.0,,M18,Micro-perforated LDPE (breathable),30,60000,30,14,good,Passive MAP - micro-perforated,4.0,6.5,89.5,,,Y,16,N,0.94,0.0114,75,,,,,MAP window not reachable with single film at this temperature/pack; use tuned micro-perforation or ventilated pack,synthetic_rule_physics_model
SCN02124,C036,Mango,fresh_produce_fruit,cool,S06,8.2,89.0,S12,6,8.2,2.0,21,82,0.4,4.0,0.99,16.2,22820.0,,M18,Micro-perforated LDPE (breathable),30,60000,30,14,good,Passive MAP - micro-perforated,4.0,6.5,89.5,,,Y,21,Y,0.59,0.0072,75,,,,,MAP window not reachable with single film at this temperature/pack; use tuned micro-perforation or ventilated pack,synthetic_rule_physics_model
SCN02125,C036,Mango,fresh_produce_fruit,cool,S06,8.5,94.0,S12,6,8.7,2.0,7,82,0.4,4.0,0.99,16.8,23113.0,,M18,Micro-perforated LDPE (breathable),30,60000,30,14,good,Passive MAP - micro-perforated,4.0,6.5,89.5,,,Y,22,Y,0.59,0.0072,75,,,,,MAP window not reachable with single film at this temperature/pack; use tuned micro-perforation or ventilated pack,synthetic_rule_physics_model
SCN02126,C036,Mango,fresh_produce_fruit,ambient,S02,33.0,89.0,S09,48,32.6,0.5,14,82,0.4,4.0,0.99,151.1,34513.0,,M18,Micro-perforated LDPE (breathable),30,60000,30,14,good,Passive MAP - micro-perforated,4.0,6.5,89.5,,,Y,2,N,0.94,0.0114,75,,,,,MAP window not reachable with single film at this temperature/pack; use tuned micro-perforation or ventilated pack,synthetic_rule_physics_model
SCN02127,C036,Mango,fresh_produce_fruit,cool,S06,13.0,88.0,S12,48,12.7,0.5,28,82,0.4,4.0,0.99,24.3,16627.0,,M18,Micro-perforated LDPE (breathable),30,60000,30,14,good,Passive MAP - micro-perforated,4.0,6.5,89.5,,,Y,14,N,0.94,0.0114,75,,,,,MAP window not reachable with single film at this temperature/pack; use tuned micro-perforation or ventilated pack,synthetic_rule_physics_model
SCN02128,C036,Mango,fresh_produce_fruit,cool,S06,10.9,89.0,S12,6,10.9,0.5,21,82,0.4,4.0,0.99,20.7,15724.0,,M18,Micro-perforated LDPE (breathable),30,60000,30,14,good,Passive MAP - micro-perforated,4.0,6.5,89.5,,,Y,18,N,0.94,0.0114,75,,,,,MAP window not reachable with single film at this temperature/pack; use tuned micro-perforation or ventilated pack,synthetic_rule_physics_model
SCN02129,C036,Mango,fresh_produce_fruit,cool,S06,11.8,93.0,S12,24,11.8,0.5,28,82,0.4,4.0,0.99,22.4,16154.0,,M18,Micro-perforated LDPE (breathable),30,60000,30,14,good,Passive MAP - micro-perforated,4.0,6.5,89.5,,,Y,16,N,0.94,0.0114,75,,,,,MAP window not reachable with single film at this temperature/pack; use tuned micro-perforation or ventilated pack,synthetic_rule_physics_model
SCN02130,C036,Mango,fresh_produce_fruit,ambient,S01,31.1,54.0,S12,24,30.0,2.0,21,82,0.4,4.0,0.99,119.0,49178.0,,M18,Micro-perforated LDPE (breathable),30,60000,30,14,good,Passive MAP - micro-perforated,4.0,6.5,89.5,,,Y,2,N,0.59,0.0072,75,,,,,MAP window not reachable with single film at this temperature/pack; use tuned micro-perforation or ventilated pack,synthetic_rule_physics_model
SCN02131,C036,Mango,fresh_produce_fruit,ambient,S01,27.3,64.0,S09,48,27.8,0.5,28,82,0.4,4.0,0.99,97.1,28549.0,,M18,Micro-perforated LDPE (breathable),30,60000,30,14,good,Passive MAP - micro-perforated,4.0,6.5,89.5,,,Y,3,N,0.94,0.0114,75,,,,,MAP window not reachable with single film at this temperature/pack; use tuned micro-perforation or ventilated pack,synthetic_rule_physics_model
SCN02132,C036,Mango,fresh_produce_fruit,ambient,S01,23.3,55.0,S12,6,23.1,1.0,14,82,0.4,4.0,0.99,63.0,30044.0,,M18,Micro-perforated LDPE (breathable),30,60000,30,14,good,Passive MAP - micro-perforated,4.0,6.5,89.5,,,Y,5,N,0.75,0.0091,75,,,,,MAP window not reachable with single film at this temperature/pack; use tuned micro-perforation or ventilated pack,synthetic_rule_physics_model
SCN02133,C036,Mango,fresh_produce_fruit,ambient,S01,23.9,59.0,S12,24,23.4,0.25,21,82,0.4,4.0,0.99,65.0,19249.0,,M18,Micro-perforated LDPE (breathable),30,60000,30,14,good,Passive MAP - micro-perforated,4.0,6.5,89.5,,,Y,4,N,1.18,0.0144,75,,,,,MAP window not reachable with single film at this temperature/pack; use tuned micro-perforation or ventilated pack,synthetic_rule_physics_model
SCN02134,C036,Mango,fresh_produce_fruit,ambient,S02,28.2,94.0,S09,24,30.0,0.25,7,82,0.4,4.0,0.99,119.2,24777.0,,M18,Micro-perforated LDPE (breathable),30,60000,30,14,good,Passive MAP - micro-perforated,4.0,6.5,89.5,,,Y,2,N,1.18,0.0144,75,,,,,MAP window not reachable with single film at this temperature/pack; use tuned micro-perforation or ventilated pack,synthetic_rule_physics_model
SCN02135,C036,Mango,fresh_produce_fruit,ambient,S01,29.2,41.0,S12,24,28.5,0.25,28,82,0.4,4.0,0.99,103.2,23303.0,,M18,Micro-perforated LDPE (breathable),30,60000,30,14,good,Passive MAP - micro-perforated,4.0,6.5,89.5,,,Y,2,N,1.18,0.0144,75,,,,,MAP window not reachable with single film at this temperature/pack; use tuned micro-perforation or ventilated pack,synthetic_rule_physics_model
SCN02136,C036,Mango,fresh_produce_fruit,cool,S06,10.8,93.0,S12,24,10.8,0.5,10,82,0.4,4.0,0.99,20.5,15675.0,,M18,Micro-perforated LDPE (breathable),30,60000,30,14,good,Passive MAP - micro-perforated,4.0,6.5,89.5,,,Y,18,Y,0.94,0.0114,75,,,,,MAP window not reachable with single film at this temperature/pack; use tuned micro-perforation or ventilated pack,synthetic_rule_physics_model
SCN02137,C036,Mango,fresh_produce_fruit,cool,S06,9.5,90.0,S12,6,9.5,0.25,14,82,0.4,4.0,0.99,18.1,11942.0,,M18,Micro-perforated LDPE (breathable),30,60000,30,14,good,Passive MAP - micro-perforated,4.0,6.5,89.5,,,Y,22,Y,1.18,0.0144,75,,,,,MAP window not reachable with single film at this temperature/pack; use tuned micro-perforation or ventilated pack,synthetic_rule_physics_model
SCN02138,C036,Mango,fresh_produce_fruit,cool,S06,11.8,91.0,S12,24,11.8,2.0,10,82,0.4,4.0,0.99,22.3,25513.0,,M18,Micro-perforated LDPE (breathable),30,60000,30,14,good,Passive MAP - micro-perforated,4.0,6.5,89.5,,,Y,16,Y,0.59,0.0072,75,,,,,MAP window not reachable with single film at this temperature/pack; use tuned micro-perforation or ventilated pack,synthetic_rule_physics_model
SCN02139,C036,Mango,fresh_produce_fruit,cool,S06,9.6,93.0,S12,6,9.6,0.25,28,82,0.4,4.0,0.99,18.3,11989.0,,M18,Micro-perforated LDPE (breathable),30,60000,30,14,good,Passive MAP - micro-perforated,4.0,6.5,89.5,,,Y,21,N,1.18,0.0144,75,,,,,MAP window not reachable with single film at this temperature/pack; use tuned micro-perforation or ventilated pack,synthetic_rule_physics_model
SCN02140,C036,Mango,fresh_produce_fruit,ambient,S01,24.3,52.0,S12,6,23.9,0.25,7,82,0.4,4.0,0.99,67.6,19557.0,,M18,Micro-perforated LDPE (breathable),30,60000,30,14,good,Passive MAP - micro-perforated,4.0,6.5,89.5,,,Y,4,N,1.18,0.0144,75,,,,,MAP window not reachable with single film at this temperature/pack; use tuned micro-perforation or ventilated pack,synthetic_rule_physics_model
SCN02141,C036,Mango,fresh_produce_fruit,cool,S06,12.2,89.0,S12,48,12.0,0.5,28,82,0.4,4.0,0.99,22.9,16290.0,,M18,Micro-perforated LDPE (breathable),30,60000,30,14,good,Passive MAP - micro-perforated,4.0,6.5,89.5,,,Y,15,N,0.94,0.0114,75,,,,,MAP window not reachable with single film at this temperature/pack; use tuned micro-perforation or ventilated pack,synthetic_rule_physics_model
SCN02142,C036,Mango,fresh_produce_fruit,cool,S06,11.7,93.0,S12,24,11.9,0.5,10,82,0.4,4.0,0.99,22.7,16231.0,,M18,Micro-perforated LDPE (breathable),30,60000,30,14,good,Passive MAP - micro-perforated,4.0,6.5,89.5,,,Y,15,Y,0.94,0.0114,75,,,,,MAP window not reachable with single film at this temperature/pack; use tuned micro-perforation or ventilated pack,synthetic_rule_physics_model
SCN02143,C036,Mango,fresh_produce_fruit,cool,S06,12.4,91.0,S12,6,12.4,2.0,10,82,0.4,4.0,0.99,23.8,26085.0,,M18,Micro-perforated LDPE (breathable),30,60000,30,14,good,Passive MAP - micro-perforated,4.0,6.5,89.5,,,Y,15,Y,0.59,0.0072,75,,,,,MAP window not reachable with single film at this temperature/pack; use tuned micro-perforation or ventilated pack,synthetic_rule_physics_model
SCN02144,C036,Mango,fresh_produce_fruit,cool,S06,8.5,91.0,S12,24,8.5,1.0,7,82,0.4,4.0,0.99,16.6,18316.0,,M18,Micro-perforated LDPE (breathable),30,60000,30,14,good,Passive MAP - micro-perforated,4.0,6.5,89.5,,,Y,22,Y,0.75,0.0091,75,,,,,MAP window not reachable with single film at this temperature/pack; use tuned micro-perforation or ventilated pack,synthetic_rule_physics_model
SCN02145,C036,Mango,fresh_produce_fruit,ambient,S01,22.1,42.0,S12,24,21.0,0.25,10,82,0.4,4.0,0.99,52.2,17641.0,,M18,Micro-perforated LDPE (breathable),30,60000,30,14,good,Passive MAP - micro-perforated,4.0,6.5,89.5,,,Y,5,N,1.18,0.0144,75,,,,,MAP window not reachable with single film at this temperature/pack; use tuned micro-perforation or ventilated pack,synthetic_rule_physics_model
SCN02146,C036,Mango,fresh_produce_fruit,cool,S06,10.6,93.0,S12,24,10.6,0.5,28,82,0.4,4.0,0.99,20.1,15552.0,,M18,Micro-perforated LDPE (breathable),30,60000,30,14,good,Passive MAP - micro-perforated,4.0,6.5,89.5,,,Y,17,N,0.94,0.0114,75,,,,,MAP window not reachable with single film at this temperature/pack; use tuned micro-perforation or ventilated pack,synthetic_rule_physics_model
SCN02147,C036,Mango,fresh_produce_fruit,cool,S06,13.6,93.0,S12,24,13.4,0.5,21,82,0.4,4.0,0.99,26.0,17038.0,,M18,Micro-perforated LDPE (breathable),30,60000,30,14,good,Passive MAP - micro-perforated,4.0,6.5,89.5,,,Y,14,N,0.94,0.0114,75,,,,,MAP window not reachable with single film at this temperature/pack; use tuned micro-perforation or ventilated pack,synthetic_rule_physics_model
SCN02148,C036,Mango,fresh_produce_fruit,ambient,S01,20.8,49.0,S12,24,19.5,0.25,7,82,0.4,4.0,0.99,45.2,16683.0,,M18,Micro-perforated LDPE (breathable),30,60000,30,14,good,Passive MAP - micro-perforated,4.0,6.5,89.5,,,Y,7,Y,1.18,0.0144,75,,,,,MAP window not reachable with single film at this temperature/pack; use tuned micro-perforation or ventilated pack,synthetic_rule_physics_model
SCN02149,C036,Mango,fresh_produce_fruit,cool,S06,8.6,90.0,S12,24,9.2,0.25,7,82,0.4,4.0,0.99,17.6,11829.0,,M18,Micro-perforated LDPE (breathable),30,60000,30,14,good,Passive MAP - micro-perforated,4.0,6.5,89.5,,,Y,21,Y,1.18,0.0144,75,,,,,MAP window not reachable with single film at this temperature/pack; use tuned micro-perforation or ventilated pack,synthetic_rule_physics_model
SCN02150,C036,Mango,fresh_produce_fruit,cool,S06,10.8,89.0,S09,6,11.4,0.5,10,82,0.4,4.0,0.99,21.6,15958.0,,M18,Micro-perforated LDPE (breathable),30,60000,30,14,good,Passive MAP - micro-perforated,4.0,6.5,89.5,,,Y,17,Y,0.94,0.0114,75,,,,,MAP window not reachable with single film at this temperature/pack; use tuned micro-perforation or ventilated pack,synthetic_rule_physics_model
SCN02151,C036,Mango,fresh_produce_fruit,cool,S06,8.2,92.0,S09,6,8.9,2.0,10,82,0.4,4.0,0.99,17.2,23325.0,,M18,Micro-perforated LDPE (breathable),30,60000,30,14,good,Passive MAP - micro-perforated,4.0,6.5,89.5,,,Y,22,Y,0.59,0.0072,75,,,,,MAP window not reachable with single film at this temperature/pack; use tuned micro-perforation or ventilated pack,synthetic_rule_physics_model
SCN02152,C036,Mango,fresh_produce_fruit,cool,S06,12.8,90.0,S09,6,13.1,1.0,21,82,0.4,4.0,0.99,25.3,21209.0,,M18,Micro-perforated LDPE (breathable),30,60000,30,14,good,Passive MAP - micro-perforated,4.0,6.5,89.5,,,Y,14,N,0.75,0.0091,75,,,,,MAP window not reachable with single film at this temperature/pack; use tuned micro-perforation or ventilated pack,synthetic_rule_physics_model
SCN02153,C036,Mango,fresh_produce_fruit,cool,S06,12.8,95.0,S12,6,12.8,1.0,14,82,0.4,4.0,0.99,24.5,20964.0,,M18,Micro-perforated LDPE (breathable),30,60000,30,14,good,Passive MAP - micro-perforated,4.0,6.5,89.5,,,Y,14,Y,0.75,0.0091,75,,,,,MAP window not reachable with single film at this temperature/pack; use tuned micro-perforation or ventilated pack,synthetic_rule_physics_model
SCN02154,C036,Mango,fresh_produce_fruit,cool,S06,13.9,89.0,S12,24,13.5,0.5,10,82,0.4,4.0,0.99,26.1,17083.0,,M18,Micro-perforated LDPE (breathable),30,60000,30,14,good,Passive MAP - micro-perforated,4.0,6.5,89.5,,,Y,14,Y,0.94,0.0114,75,,,,,MAP window not reachable with single film at this temperature/pack; use tuned micro-perforation or ventilated pack,synthetic_rule_physics_model
SCN02155,C036,Mango,fresh_produce_fruit,cool,S06,10.1,90.0,S12,48,10.8,0.5,7,82,0.4,4.0,0.99,20.4,15633.0,,M18,Micro-perforated LDPE (breathable),30,60000,30,14,good,Passive MAP - micro-perforated,4.0,6.5,89.5,,,Y,19,Y,0.94,0.0114,75,,,,,MAP window not reachable with single film at this temperature/pack; use tuned micro-perforation or ventilated pack,synthetic_rule_physics_model
SCN02156,C036,Mango,fresh_produce_fruit,cool,S06,12.5,91.0,S09,6,12.7,2.0,28,82,0.4,4.0,0.99,24.3,26298.0,,M18,Micro-perforated LDPE (breathable),30,60000,30,14,good,Passive MAP - micro-perforated,4.0,6.5,89.5,,,Y,15,N,0.59,0.0072,75,,,,,MAP window not reachable with single film at this temperature/pack; use tuned micro-perforation or ventilated pack,synthetic_rule_physics_model
SCN02157,C036,Mango,fresh_produce_fruit,cool,S06,10.1,89.0,S09,48,12.3,0.25,21,82,0.4,4.0,0.99,23.4,13069.0,,M18,Micro-perforated LDPE (breathable),30,60000,30,14,good,Passive MAP - micro-perforated,4.0,6.5,89.5,,,Y,15,N,1.18,0.0144,75,,,,,MAP window not reachable with single film at this temperature/pack; use tuned micro-perforation or ventilated pack,synthetic_rule_physics_model
SCN02158,C036,Mango,fresh_produce_fruit,ambient,S01,28.6,41.0,S09,48,28.4,1.0,14,82,0.4,4.0,0.99,103.0,36780.0,,M18,Micro-perforated LDPE (breathable),30,60000,30,14,good,Passive MAP - micro-perforated,4.0,6.5,89.5,,,Y,3,N,0.75,0.0091,75,,,,,MAP window not reachable with single film at this temperature/pack; use tuned micro-perforation or ventilated pack,synthetic_rule_physics_model
SCN02159,C036,Mango,fresh_produce_fruit,cool,S06,8.6,92.0,S12,24,9.1,0.25,10,82,0.4,4.0,0.99,17.6,11817.0,,M18,Micro-perforated LDPE (breathable),30,60000,30,14,good,Passive MAP - micro-perforated,4.0,6.5,89.5,,,Y,21,Y,1.18,0.0144,75,,,,,MAP window not reachable with single film at this temperature/pack; use tuned micro-perforation or ventilated pack,synthetic_rule_physics_model
SCN02160,C036,Mango,fresh_produce_fruit,cool,S06,10.4,93.0,S12,24,10.5,2.0,14,82,0.4,4.0,0.99,19.9,24508.0,,M18,Micro-perforated LDPE (breathable),30,60000,30,14,good,Passive MAP - micro-perforated,4.0,6.5,89.5,,,Y,17,Y,0.59,0.0072,75,,,,,MAP window not reachable with single film at this temperature/pack; use tuned micro-perforation or ventilated pack,synthetic_rule_physics_model
SCN02161,C037,Papaya,fresh_produce_fruit,ambient,S02,32.1,83.0,S12,48,24.8,0.25,6,88,0.3,5.5,0.99,64.8,17275.0,,M18,Micro-perforated LDPE (breathable),30,60000,30,14,good,Passive MAP - micro-perforated,3.5,6.5,90.0,,,Y,3,N,1.18,0.0144,75,,,,,MAP window not reachable with single film at this temperature/pack; use tuned micro-perforation or ventilated pack,synthetic_rule_physics_model
SCN02162,C037,Papaya,fresh_produce_fruit,cool,S06,9.9,90.0,S12,6,9.9,0.25,24,88,0.3,5.5,0.99,16.4,10296.0,,M18,Micro-perforated LDPE (breathable),30,60000,30,14,good,Passive MAP - micro-perforated,3.5,6.5,90.0,,,Y,15,N,1.18,0.0144,75,,,,,MAP window not reachable with single film at this temperature/pack; use tuned micro-perforation or ventilated pack,synthetic_rule_physics_model
SCN02163,C037,Papaya,fresh_produce_fruit,cool,S06,11.4,89.0,S12,48,11.1,0.5,18,88,0.3,5.5,0.99,18.3,13442.0,,M18,Micro-perforated LDPE (breathable),30,60000,30,14,good,Passive MAP - micro-perforated,3.5,6.5,90.0,,,Y,13,N,0.94,0.0114,75,,,,,MAP window not reachable with single film at this temperature/pack; use tuned micro-perforation or ventilated pack,synthetic_rule_physics_model
SCN02164,C037,Papaya,fresh_produce_fruit,ambient,S02,33.0,92.0,S09,24,33.4,1.0,24,88,0.3,5.5,0.99,141.6,38055.0,,M18,Micro-perforated LDPE (breathable),30,60000,30,14,good,Passive MAP - micro-perforated,3.5,6.5,90.0,,,Y,1,N,0.75,0.0091,75,,,,,MAP window not reachable with single film at this temperature/pack; use tuned micro-perforation or ventilated pack,synthetic_rule_physics_model
SCN02165,C037,Papaya,fresh_produce_fruit,ambient,S02,28.3,78.0,S12,24,27.1,2.0,12,88,0.3,5.5,0.99,79.8,37390.0,,M18,Micro-perforated LDPE (breathable),30,60000,30,14,good,Passive MAP - micro-perforated,3.5,6.5,90.0,,,Y,2,N,0.59,0.0072,75,,,,,MAP window not reachable with single film at this temperature/pack; use tuned micro-perforation or ventilated pack,synthetic_rule_physics_model
SCN02166,C037,Papaya,fresh_produce_fruit,cool,S06,8.9,94.0,S12,48,9.5,0.5,18,88,0.3,5.5,0.99,15.8,12775.0,,M18,Micro-perforated LDPE (breathable),30,60000,30,14,good,Passive MAP - micro-perforated,3.5,6.5,90.0,,,Y,16,N,0.94,0.0114,75,,,,,MAP window not reachable with single film at this temperature/pack; use tuned micro-perforation or ventilated pack,synthetic_rule_physics_model
SCN02167,C037,Papaya,fresh_produce_fruit,cool,S06,13.4,88.0,S12,6,13.2,0.25,6,88,0.3,5.5,0.99,22.4,11482.0,,M18,Micro-perforated LDPE (breathable),30,60000,30,14,good,Passive MAP - micro-perforated,3.5,6.5,90.0,,,Y,10,Y,1.18,0.0144,75,,,,,MAP window not reachable with single film at this temperature/pack; use tuned micro-perforation or ventilated pack,synthetic_rule_physics_model
SCN02168,C037,Papaya,fresh_produce_fruit,cool,S06,10.3,94.0,S12,48,11.1,2.0,9,88,0.3,5.5,0.99,18.4,21257.0,,M18,Micro-perforated LDPE (breathable),30,60000,30,14,good,Passive MAP - micro-perforated,3.5,6.5,90.0,,,Y,13,Y,0.59,0.0072,75,,,,,MAP window not reachable with single film at this temperature/pack; use tuned micro-perforation or ventilated pack,synthetic_rule_physics_model
SCN02169,C037,Papaya,fresh_produce_fruit,cool,S06,11.4,93.0,S09,6,11.6,0.25,18,88,0.3,5.5,0.99,19.4,10898.0,,M18,Micro-perforated LDPE (breathable),30,60000,30,14,good,Passive MAP - micro-perforated,3.5,6.5,90.0,,,Y,13,N,1.18,0.0144,75,,,,,MAP window not reachable with single film at this temperature/pack; use tuned micro-perforation or ventilated pack,synthetic_rule_physics_model
SCN02170,C037,Papaya,fresh_produce_fruit,cool,S06,13.7,94.0,S12,6,13.7,0.5,9,88,0.3,5.5,0.99,23.4,14650.0,,M18,Micro-perforated LDPE (breathable),30,60000,30,14,good,Passive MAP - micro-perforated,3.5,6.5,90.0,,,Y,10,Y,0.94,0.0114,75,,,,,MAP window not reachable with single film at this temperature/pack; use tuned micro-perforation or ventilated pack,synthetic_rule_physics_model
SCN02171,C037,Papaya,fresh_produce_fruit,cool,S06,13.0,93.0,S09,6,13.2,2.0,24,88,0.3,5.5,0.99,22.4,22784.0,,M18,Micro-perforated LDPE (breathable),30,60000,30,14,good,Passive MAP - micro-perforated,3.5,6.5,90.0,,,Y,10,N,0.59,0.0072,75,,,,,MAP window not reachable with single film at this temperature/pack; use tuned micro-perforation or ventilated pack,synthetic_rule_physics_model
SCN02172,C037,Papaya,fresh_produce_fruit,cool,S06,11.3,93.0,S12,24,11.4,0.25,24,88,0.3,5.5,0.99,18.9,10799.0,,M18,Micro-perforated LDPE (breathable),30,60000,30,14,good,Passive MAP - micro-perforated,3.5,6.5,90.0,,,Y,12,N,1.18,0.0144,75,,,,,MAP window not reachable with single film at this temperature/pack; use tuned micro-perforation or ventilated pack,synthetic_rule_physics_model
SCN02173,C037,Papaya,fresh_produce_fruit,cool,S06,8.3,94.0,S09,6,9.2,1.0,9,88,0.3,5.5,0.99,15.5,15944.0,,M18,Micro-perforated LDPE (breathable),30,60000,30,14,good,Passive MAP - micro-perforated,3.5,6.5,90.0,,,Y,16,Y,0.75,0.0091,75,,,,,MAP window not reachable with single film at this temperature/pack; use tuned micro-perforation or ventilated pack,synthetic_rule_physics_model
SCN02174,C037,Papaya,fresh_produce_fruit,cool,S06,13.3,93.0,S12,6,13.3,0.25,24,88,0.3,5.5,0.99,22.6,11508.0,,M18,Micro-perforated LDPE (breathable),30,60000,30,14,good,Passive MAP - micro-perforated,3.5,6.5,90.0,,,Y,10,N,1.18,0.0144,75,,,,,MAP window not reachable with single film at this temperature/pack; use tuned micro-perforation or ventilated pack,synthetic_rule_physics_model
SCN02175,C037,Papaya,fresh_produce_fruit,cool,S06,10.2,90.0,S12,6,10.3,1.0,9,88,0.3,5.5,0.99,17.1,16483.0,,M18,Micro-perforated LDPE (breathable),30,60000,30,14,good,Passive MAP - micro-perforated,3.5,6.5,90.0,,,Y,15,Y,0.75,0.0091,75,,,,,MAP window not reachable with single film at this temperature/pack; use tuned micro-perforation or ventilated pack,synthetic_rule_physics_model
SCN02176,C037,Papaya,fresh_produce_fruit,cool,S06,9.6,94.0,S12,24,9.6,1.0,9,88,0.3,5.5,0.99,16.1,16146.0,,M18,Micro-perforated LDPE (breathable),30,60000,30,14,good,Passive MAP - micro-perforated,3.5,6.5,90.0,,,Y,15,Y,0.75,0.0091,75,,,,,MAP window not reachable with single film at this temperature/pack; use tuned micro-perforation or ventilated pack,synthetic_rule_physics_model
SCN02177,C037,Papaya,fresh_produce_fruit,cool,S06,13.7,92.0,S12,24,13.5,1.0,18,88,0.3,5.5,0.99,23.0,18320.0,,M18,Micro-perforated LDPE (breathable),30,60000,30,14,good,Passive MAP - micro-perforated,3.5,6.5,90.0,,,Y,10,N,0.75,0.0091,75,,,,,MAP window not reachable with single film at this temperature/pack; use tuned micro-perforation or ventilated pack,synthetic_rule_physics_model
SCN02178,C037,Papaya,fresh_produce_fruit,cool,S06,12.3,89.0,S12,48,11.7,0.25,9,88,0.3,5.5,0.99,19.5,10916.0,,M18,Micro-perforated LDPE (breathable),30,60000,30,14,good,Passive MAP - micro-perforated,3.5,6.5,90.0,,,Y,13,Y,1.18,0.0144,75,,,,,MAP window not reachable with single film at this temperature/pack; use tuned micro-perforation or ventilated pack,synthetic_rule_physics_model
SCN02179,C037,Papaya,fresh_produce_fruit,ambient,S01,21.8,43.0,S12,6,21.4,1.0,6,88,0.3,5.5,0.99,47.2,24023.0,,M18,Micro-perforated LDPE (breathable),30,60000,30,14,good,Passive MAP - micro-perforated,3.5,6.5,90.0,,,Y,4,N,0.75,0.0091,75,,,,,MAP window not reachable with single film at this temperature/pack; use tuned micro-perforation or ventilated pack,synthetic_rule_physics_model
SCN02180,C037,Papaya,fresh_produce_fruit,ambient,S02,31.1,76.0,S12,48,28.2,2.0,12,88,0.3,5.5,0.99,87.9,38943.0,,M18,Micro-perforated LDPE (breathable),30,60000,30,14,good,Passive MAP - micro-perforated,3.5,6.5,90.0,,,Y,2,N,0.59,0.0072,75,,,,,MAP window not reachable with single film at this temperature/pack; use tuned micro-perforation or ventilated pack,synthetic_rule_physics_model
SCN02181,C037,Papaya,fresh_produce_fruit,cool,S06,13.5,92.0,S12,24,13.2,0.5,12,88,0.3,5.5,0.99,22.3,14400.0,,M18,Micro-perforated LDPE (breathable),30,60000,30,14,good,Passive MAP - micro-perforated,3.5,6.5,90.0,,,Y,11,N,0.94,0.0114,75,,,,,MAP window not reachable with single film at this temperature/pack; use tuned micro-perforation or ventilated pack,synthetic_rule_physics_model
SCN02182,C037,Papaya,fresh_produce_fruit,cool,S06,9.8,89.0,S12,48,10.0,0.5,24,88,0.3,5.5,0.99,16.7,12999.0,,M18,Micro-perforated LDPE (breathable),30,60000,30,14,good,Passive MAP - micro-perforated,3.5,6.5,90.0,,,Y,15,N,0.94,0.0114,75,,,,,MAP window not reachable with single film at this temperature/pack; use tuned micro-perforation or ventilated pack,synthetic_rule_physics_model
SCN02183,C037,Papaya,fresh_produce_fruit,ambient,S01,31.3,56.0,S09,6,31.4,1.0,24,88,0.3,5.5,0.99,118.0,35128.0,,M18,Micro-perforated LDPE (breathable),30,60000,30,14,good,Passive MAP - micro-perforated,3.5,6.5,90.0,,,Y,1,N,0.75,0.0091,75,,,,,MAP window not reachable with single film at this temperature/pack; use tuned micro-perforation or ventilated pack,synthetic_rule_physics_model
SCN02184,C037,Papaya,fresh_produce_fruit,cool,S06,13.2,91.0,S09,6,13.6,0.5,9,88,0.3,5.5,0.99,23.1,14581.0,,M18,Micro-perforated LDPE (breathable),30,60000,30,14,good,Passive MAP - micro-perforated,3.5,6.5,90.0,,,Y,10,Y,0.94,0.0114,75,,,,,MAP window not reachable with single film at this temperature/pack; use tuned micro-perforation or ventilated pack,synthetic_rule_physics_model
SCN02185,C037,Papaya,fresh_produce_fruit,cool,S06,8.8,90.0,S12,6,8.8,0.25,9,88,0.3,5.5,0.99,14.9,9945.0,,M18,Micro-perforated LDPE (breathable),30,60000,30,14,good,Passive MAP - micro-perforated,3.5,6.5,90.0,,,Y,18,Y,1.18,0.0144,75,,,,,MAP window not reachable with single film at this temperature/pack; use tuned micro-perforation or ventilated pack,synthetic_rule_physics_model
SCN02186,C037,Papaya,fresh_produce_fruit,ambient,S02,29.0,90.0,S09,6,29.2,1.0,6,88,0.3,5.5,0.99,96.3,32196.0,,M18,Micro-perforated LDPE (breathable),30,60000,30,14,good,Passive MAP - micro-perforated,3.5,6.5,90.0,,,Y,2,N,0.75,0.0091,75,,,,,MAP window not reachable with single film at this temperature/pack; use tuned micro-perforation or ventilated pack,synthetic_rule_physics_model
SCN02187,C037,Papaya,fresh_produce_fruit,ambient,S02,33.7,75.0,S12,48,28.6,1.0,9,88,0.3,5.5,0.99,91.4,31496.0,,M18,Micro-perforated LDPE (breathable),30,60000,30,14,good,Passive MAP - micro-perforated,3.5,6.5,90.0,,,Y,2,N,0.75,0.0091,75,,,,,MAP window not reachable with single film at this temperature/pack; use tuned micro-perforation or ventilated pack,synthetic_rule_physics_model
SCN02188,C037,Papaya,fresh_produce_fruit,ambient,S02,34.0,81.0,S12,6,33.5,1.0,9,88,0.3,5.5,0.99,143.0,38220.0,,M18,Micro-perforated LDPE (breathable),30,60000,30,14,good,Passive MAP - micro-perforated,3.5,6.5,90.0,,,Y,1,N,0.75,0.0091,75,,,,,MAP window not reachable with single film at this temperature/pack; use tuned micro-perforation or ventilated pack,synthetic_rule_physics_model
SCN02189,C037,Papaya,fresh_produce_fruit,cool,S06,11.8,91.0,S09,6,12.1,0.25,12,88,0.3,5.5,0.99,20.2,11065.0,,M18,Micro-perforated LDPE (breathable),30,60000,30,14,good,Passive MAP - micro-perforated,3.5,6.5,90.0,,,Y,12,Y,1.18,0.0144,75,,,,,MAP window not reachable with single film at this temperature/pack; use tuned micro-perforation or ventilated pack,synthetic_rule_physics_model
SCN02190,C037,Papaya,fresh_produce_fruit,cool,S06,11.0,93.0,S12,6,11.0,1.0,18,88,0.3,5.5,0.99,18.2,16850.0,,M18,Micro-perforated LDPE (breathable),30,60000,30,14,good,Passive MAP - micro-perforated,3.5,6.5,90.0,,,Y,13,N,0.75,0.0091,75,,,,,MAP window not reachable with single film at this temperature/pack; use tuned micro-perforation or ventilated pack,synthetic_rule_physics_model
SCN02191,C037,Papaya,fresh_produce_fruit,ambient,S02,28.7,95.0,S12,48,22.1,1.0,6,88,0.3,5.5,0.99,50.5,24677.0,,M18,Micro-perforated LDPE (breathable),30,60000,30,14,good,Passive MAP - micro-perforated,3.5,6.5,90.0,,,Y,4,N,0.75,0.0091,75,,,,,MAP window not reachable with single film at this temperature/pack; use tuned micro-perforation or ventilated pack,synthetic_rule_physics_model
SCN02192,C037,Papaya,fresh_produce_fruit,ambient,S01,29.9,57.0,S12,24,29.1,0.25,24,88,0.3,5.5,0.99,95.9,20345.0,,M18,Micro-perforated LDPE (breathable),30,60000,30,14,good,Passive MAP - micro-perforated,3.5,6.5,90.0,,,Y,2,N,1.18,0.0144,75,,,,,MAP window not reachable with single film at this temperature/pack; use tuned micro-perforation or ventilated pack,synthetic_rule_physics_model
SCN02193,C037,Papaya,fresh_produce_fruit,cool,S06,10.1,93.0,S12,6,10.1,0.5,12,88,0.3,5.5,0.99,16.8,13030.0,,M18,Micro-perforated LDPE (breathable),30,60000,30,14,good,Passive MAP - micro-perforated,3.5,6.5,90.0,,,Y,14,Y,0.94,0.0114,75,,,,,MAP window not reachable with single film at this temperature/pack; use tuned micro-perforation or ventilated pack,synthetic_rule_physics_model
SCN02194,C037,Papaya,fresh_produce_fruit,ambient,S02,33.0,84.0,S09,24,33.2,2.0,24,88,0.3,5.5,0.99,140.1,47604.0,,M18,Micro-perforated LDPE (breathable),30,60000,30,14,good,Passive MAP - micro-perforated,3.5,6.5,90.0,,,Y,1,N,0.59,0.0072,75,,,,,MAP window not reachable with single film at this temperature/pack; use tuned micro-perforation or ventilated pack,synthetic_rule_physics_model
SCN02195,C037,Papaya,fresh_produce_fruit,cool,S06,8.5,89.0,S12,24,8.6,0.25,6,88,0.3,5.5,0.99,14.7,9899.0,,M18,Micro-perforated LDPE (breathable),30,60000,30,14,good,Passive MAP - micro-perforated,3.5,6.5,90.0,,,Y,17,Y,1.18,0.0144,75,,,,,MAP window not reachable with single film at this temperature/pack; use tuned micro-perforation or ventilated pack,synthetic_rule_physics_model
SCN02196,C037,Papaya,fresh_produce_fruit,ambient,S02,28.9,85.0,S12,6,28.4,1.0,9,88,0.3,5.5,0.99,89.6,31234.0,,M18,Micro-perforated LDPE (breathable),30,60000,30,14,good,Passive MAP - micro-perforated,3.5,6.5,90.0,,,Y,2,N,0.75,0.0091,75,,,,,MAP window not reachable with single film at this temperature/pack; use tuned micro-perforation or ventilated pack,synthetic_rule_physics_model
SCN02197,C037,Papaya,fresh_produce_fruit,ambient,S01,23.7,48.0,S12,6,23.6,2.0,24,88,0.3,5.5,0.99,57.8,32741.0,,M18,Micro-perforated LDPE (breathable),30,60000,30,14,good,Passive MAP - micro-perforated,3.5,6.5,90.0,,,Y,4,N,0.59,0.0072,75,,,,,MAP window not reachable with single film at this temperature/pack; use tuned micro-perforation or ventilated pack,synthetic_rule_physics_model
SCN02198,C037,Papaya,fresh_produce_fruit,ambient,S02,29.2,82.0,S12,24,27.4,1.0,9,88,0.3,5.5,0.99,82.1,30101.0,,M18,Micro-perforated LDPE (breathable),30,60000,30,14,good,Passive MAP - micro-perforated,3.5,6.5,90.0,,,Y,2,N,0.75,0.0091,75,,,,,MAP window not reachable with single film at this temperature/pack; use tuned micro-perforation or ventilated pack,synthetic_rule_physics_model
SCN02199,C037,Papaya,fresh_produce_fruit,cool,S06,10.4,93.0,S09,6,11.5,0.25,6,88,0.3,5.5,0.99,19.0,10833.0,,M18,Micro-perforated LDPE (breathable),30,60000,30,14,good,Passive MAP - micro-perforated,3.5,6.5,90.0,,,Y,14,Y,1.18,0.0144,75,,,,,MAP window not reachable with single film at this temperature/pack; use tuned micro-perforation or ventilated pack,synthetic_rule_physics_model
SCN02200,C037,Papaya,fresh_produce_fruit,ambient,S01,27.3,59.0,S12,6,27.1,0.5,18,88,0.3,5.5,0.99,79.7,23650.0,,M18,Micro-perforated LDPE (breathable),30,60000,30,14,good,Passive MAP - micro-perforated,3.5,6.5,90.0,,,Y,2,N,0.94,0.0114,75,,,,,MAP window not reachable with single film at this temperature/pack; use tuned micro-perforation or ventilated pack,synthetic_rule_physics_model
SCN02201,C037,Papaya,fresh_produce_fruit,cool,S06,9.4,93.0,S09,48,17.4,0.5,6,88,0.3,5.5,0.99,32.8,16612.0,,M18,Micro-perforated LDPE (breathable),30,60000,30,14,good,Passive MAP - micro-perforated,3.5,6.5,90.0,,,Y,7,Y,0.94,0.0114,75,,,,,MAP window not reachable with single film at this temperature/pack; use tuned micro-perforation or ventilated pack,synthetic_rule_physics_model
SCN02202,C037,Papaya,fresh_produce_fruit,cool,S06,11.5,91.0,S12,24,11.3,1.0,6,88,0.3,5.5,0.99,18.8,17050.0,,M18,Micro-perforated LDPE (breathable),30,60000,30,14,good,Passive MAP - micro-perforated,3.5,6.5,90.0,,,Y,13,Y,0.75,0.0091,75,,,,,MAP window not reachable with single film at this temperature/pack; use tuned micro-perforation or ventilated pack,synthetic_rule_physics_model
SCN02203,C037,Papaya,fresh_produce_fruit,ambient,S02,29.5,78.0,S09,48,29.7,1.0,6,88,0.3,5.5,0.99,101.5,32933.0,,M18,Micro-perforated LDPE (breathable),30,60000,30,14,good,Passive MAP - micro-perforated,3.5,6.5,90.0,,,Y,2,N,0.75,0.0091,75,,,,,MAP window not reachable with single film at this temperature/pack; use tuned micro-perforation or ventilated pack,synthetic_rule_physics_model
SCN02204,C037,Papaya,fresh_produce_fruit,cool,S06,13.2,89.0,S12,6,13.0,2.0,6,88,0.3,5.5,0.99,22.0,22652.0,,M18,Micro-perforated LDPE (breathable),30,60000,30,14,good,Passive MAP - micro-perforated,3.5,6.5,90.0,,,Y,11,Y,0.59,0.0072,75,,,,,MAP window not reachable with single film at this temperature/pack; use tuned micro-perforation or ventilated pack,synthetic_rule_physics_model
SCN02205,C037,Papaya,fresh_produce_fruit,ambient,S01,30.5,50.0,S09,6,30.4,0.25,9,88,0.3,5.5,0.99,108.1,21407.0,,M18,Micro-perforated LDPE (breathable),30,60000,30,14,good,Passive MAP - micro-perforated,3.5,6.5,90.0,,,Y,2,N,1.18,0.0144,75,,,,,MAP window not reachable with single film at this temperature/pack; use tuned micro-perforation or ventilated pack,synthetic_rule_physics_model
SCN02206,C037,Papaya,fresh_produce_fruit,cool,S06,11.3,92.0,S12,24,11.7,0.25,6,88,0.3,5.5,0.99,19.5,10921.0,,M18,Micro-perforated LDPE (breathable),30,60000,30,14,good,Passive MAP - micro-perforated,3.5,6.5,90.0,,,Y,12,Y,1.18,0.0144,75,,,,,MAP window not reachable with single film at this temperature/pack; use tuned micro-perforation or ventilated pack,synthetic_rule_physics_model
SCN02207,C037,Papaya,fresh_produce_fruit,cool,S06,13.6,94.0,S12,48,13.2,2.0,6,88,0.3,5.5,0.99,22.4,22807.0,,M18,Micro-perforated LDPE (breathable),30,60000,30,14,good,Passive MAP - micro-perforated,3.5,6.5,90.0,,,Y,10,Y,0.59,0.0072,75,,,,,MAP window not reachable with single film at this temperature/pack; use tuned micro-perforation or ventilated pack,synthetic_rule_physics_model
SCN02208,C037,Papaya,fresh_produce_fruit,ambient,S01,29.1,54.0,S12,24,27.3,2.0,9,88,0.3,5.5,0.99,81.2,37664.0,,M18,Micro-perforated LDPE (breathable),30,60000,30,14,good,Passive MAP - micro-perforated,3.5,6.5,90.0,,,Y,2,N,0.59,0.0072,75,,,,,MAP window not reachable with single film at this temperature/pack; use tuned micro-perforation or ventilated pack,synthetic_rule_physics_model
SCN02209,C037,Papaya,fresh_produce_fruit,ambient,S01,20.6,53.0,S12,24,20.2,2.0,24,88,0.3,5.5,0.99,42.6,29011.0,,M18,Micro-perforated LDPE (breathable),30,60000,30,14,good,Passive MAP - micro-perforated,3.5,6.5,90.0,,,Y,5,N,0.59,0.0072,75,,,,,MAP window not reachable with single film at this temperature/pack; use tuned micro-perforation or ventilated pack,synthetic_rule_physics_model
SCN02210,C037,Papaya,fresh_produce_fruit,ambient,S02,35.4,88.0,S12,24,33.0,1.0,9,88,0.3,5.5,0.99,136.6,37453.0,,M18,Micro-perforated LDPE (breathable),30,60000,30,14,good,Passive MAP - micro-perforated,3.5,6.5,90.0,,,Y,1,N,0.75,0.0091,75,,,,,MAP window not reachable with single film at this temperature/pack; use tuned micro-perforation or ventilated pack,synthetic_rule_physics_model
SCN02211,C037,Papaya,fresh_produce_fruit,cool,S06,13.5,92.0,S12,6,13.5,0.25,18,88,0.3,5.5,0.99,23.0,11590.0,,M18,Micro-perforated LDPE (breathable),30,60000,30,14,good,Passive MAP - micro-perforated,3.5,6.5,90.0,,,Y,10,N,1.18,0.0144,75,,,,,MAP window not reachable with single film at this temperature/pack; use tuned micro-perforation or ventilated pack,synthetic_rule_physics_model
SCN02212,C037,Papaya,fresh_produce_fruit,ambient,S01,27.2,41.0,S12,24,24.1,2.0,6,88,0.3,5.5,0.99,60.6,33386.0,,M18,Micro-perforated LDPE (breathable),30,60000,30,14,good,Passive MAP - micro-perforated,3.5,6.5,90.0,,,Y,3,N,0.59,0.0072,75,,,,,MAP window not reachable with single film at this temperature/pack; use tuned micro-perforation or ventilated pack,synthetic_rule_physics_model
SCN02213,C037,Papaya,fresh_produce_fruit,cool,S06,11.7,95.0,S12,24,11.8,2.0,12,88,0.3,5.5,0.99,19.7,21776.0,,M18,Micro-perforated LDPE (breathable),30,60000,30,14,good,Passive MAP - micro-perforated,3.5,6.5,90.0,,,Y,12,Y,0.59,0.0072,75,,,,,MAP window not reachable with single film at this temperature/pack; use tuned micro-perforation or ventilated pack,synthetic_rule_physics_model
SCN02214,C037,Papaya,fresh_produce_fruit,cool,S06,8.7,89.0,S12,48,8.8,2.0,18,88,0.3,5.5,0.99,14.9,19774.0,,M18,Micro-perforated LDPE (breathable),30,60000,30,14,good,Passive MAP - micro-perforated,3.5,6.5,90.0,,,Y,18,Y,0.59,0.0072,75,,,,,MAP window not reachable with single film at this temperature/pack; use tuned micro-perforation or ventilated pack,synthetic_rule_physics_model
SCN02215,C037,Papaya,fresh_produce_fruit,cool,S06,12.8,92.0,S12,24,12.7,1.0,12,88,0.3,5.5,0.99,21.4,17849.0,,M18,Micro-perforated LDPE (breathable),30,60000,30,14,good,Passive MAP - micro-perforated,3.5,6.5,90.0,,,Y,10,N,0.75,0.0091,75,,,,,MAP window not reachable with single film at this temperature/pack; use tuned micro-perforation or ventilated pack,synthetic_rule_physics_model
SCN02216,C037,Papaya,fresh_produce_fruit,ambient,S02,32.0,75.0,S12,6,31.4,1.0,9,88,0.3,5.5,0.99,118.8,35243.0,,M18,Micro-perforated LDPE (breathable),30,60000,30,14,good,Passive MAP - micro-perforated,3.5,6.5,90.0,,,Y,1,N,0.75,0.0091,75,,,,,MAP window not reachable with single film at this temperature/pack; use tuned micro-perforation or ventilated pack,synthetic_rule_physics_model
SCN02217,C037,Papaya,fresh_produce_fruit,cool,S06,13.8,89.0,S12,48,13.7,2.0,24,88,0.3,5.5,0.99,23.4,23175.0,,M18,Micro-perforated LDPE (breathable),30,60000,30,14,good,Passive MAP - micro-perforated,3.5,6.5,90.0,,,Y,10,N,0.59,0.0072,75,,,,,MAP window not reachable with single film at this temperature/pack; use tuned micro-perforation or ventilated pack,synthetic_rule_physics_model
SCN02218,C037,Papaya,fresh_produce_fruit,ambient,S01,26.6,61.0,S12,24,25.8,0.25,18,88,0.3,5.5,0.99,70.9,17919.0,,M18,Micro-perforated LDPE (breathable),30,60000,30,14,good,Passive MAP - micro-perforated,3.5,6.5,90.0,,,Y,3,N,1.18,0.0144,75,,,,,MAP window not reachable with single film at this temperature/pack; use tuned micro-perforation or ventilated pack,synthetic_rule_physics_model
SCN02219,C037,Papaya,fresh_produce_fruit,cool,S06,12.1,90.0,S09,6,12.9,1.0,9,88,0.3,5.5,0.99,21.8,17955.0,,M18,Micro-perforated LDPE (breathable),30,60000,30,14,good,Passive MAP - micro-perforated,3.5,6.5,90.0,,,Y,10,Y,0.75,0.0091,75,,,,,MAP window not reachable with single film at this temperature/pack; use tuned micro-perforation or ventilated pack,synthetic_rule_physics_model
SCN02220,C037,Papaya,fresh_produce_fruit,cool,S06,12.4,94.0,S09,6,13.5,2.0,6,88,0.3,5.5,0.99,23.0,23015.0,,M18,Micro-perforated LDPE (breathable),30,60000,30,14,good,Passive MAP - micro-perforated,3.5,6.5,90.0,,,Y,10,Y,0.59,0.0072,75,,,,,MAP window not reachable with single film at this temperature/pack; use tuned micro-perforation or ventilated pack,synthetic_rule_physics_model
SCN02221,C038,Strawberry,fresh_produce_fruit,chilled,S04,0.2,94.0,S09,24,6.9,1.0,5,91,0.3,3.4,0.99,16.3,25016.0,,M18,Micro-perforated LDPE (breathable),30,25015.6,30,14,good,Passive MAP - micro-perforated,7.5,17.5,75.0,7.5,13.5,Y,6,Y,0.75,0.0091,75,,,,,,synthetic_rule_physics_model
SCN02222,C038,Strawberry,fresh_produce_fruit,ambient,S01,28.4,57.0,S10,48,22.3,0.5,7,91,0.3,3.4,0.99,79.4,39618.0,,M18,Micro-perforated LDPE (breathable),30,39618.3,30,14,good,Passive MAP - micro-perforated,7.5,17.5,75.0,7.5,13.5,Y,1,N,0.94,0.0114,75,,,,,,synthetic_rule_physics_model
SCN02223,C038,Strawberry,fresh_produce_fruit,chilled,S04,0.0,94.0,S10,24,1.2,0.25,4,91,0.3,3.4,0.99,9.1,12582.0,,M18,Micro-perforated LDPE (breathable),30,12581.8,30,14,good,Passive MAP - micro-perforated,7.5,17.5,75.0,7.5,13.5,Y,12,Y,1.18,0.0144,75,,,,,,synthetic_rule_physics_model
SCN02224,C038,Strawberry,fresh_produce_fruit,ambient,S02,28.4,77.0,S09,24,28.6,1.0,14,91,0.3,3.4,0.99,151.9,67818.0,,M18,Micro-perforated LDPE (breathable),30,60000,30,14,good,Passive MAP - micro-perforated,7.5,17.5,75.0,5.7,15.3,Y,1,N,0.75,0.0091,75,,,,,,synthetic_rule_physics_model
SCN02225,C038,Strawberry,fresh_produce_fruit,ambient,S01,22.8,62.0,S10,6,22.4,1.0,14,91,0.3,3.4,0.99,80.4,50099.0,,M18,Micro-perforated LDPE (breathable),30,50099.4,30,14,good,Passive MAP - micro-perforated,7.5,17.5,75.0,7.5,13.5,Y,1,N,0.75,0.0091,75,,,,,,synthetic_rule_physics_model
SCN02226,C038,Strawberry,fresh_produce_fruit,chilled,S04,1.3,93.0,S09,24,4.1,2.0,10,91,0.3,3.4,0.99,12.3,28053.0,,M18,Micro-perforated LDPE (breathable),30,28052.9,30,14,good,Passive MAP - micro-perforated,7.5,17.5,75.0,7.5,13.5,Y,8,N,0.59,0.0072,75,,,,,,synthetic_rule_physics_model
SCN02227,C038,Strawberry,fresh_produce_fruit,chilled,S05,7.0,86.0,S09,48,15.1,2.0,5,91,0.3,3.4,0.99,37.7,44736.0,,M18,Micro-perforated LDPE (breathable),30,44736.4,30,14,good,Passive MAP - micro-perforated,7.5,17.5,75.0,7.5,13.5,Y,2,N,0.59,0.0072,75,,,,,,synthetic_rule_physics_model
SCN02228,C038,Strawberry,fresh_produce_fruit,chilled,S04,3.0,94.0,S10,24,3.1,0.25,10,91,0.3,3.4,0.99,11.0,13554.0,,M18,Micro-perforated LDPE (breathable),30,13554.1,30,14,good,Passive MAP - micro-perforated,7.5,17.5,75.0,7.5,13.5,Y,9,N,1.18,0.0144,75,,,,,,synthetic_rule_physics_model
SCN02229,C038,Strawberry,fresh_produce_fruit,chilled,S04,1.5,91.0,S10,24,1.7,1.0,5,91,0.3,3.4,0.99,9.6,20277.0,,M18,Micro-perforated LDPE (breathable),30,20277.5,30,14,good,Passive MAP - micro-perforated,7.5,17.5,75.0,7.5,13.5,Y,11,Y,0.75,0.0091,75,,,,,,synthetic_rule_physics_model
SCN02230,C038,Strawberry,fresh_produce_fruit,ambient,S02,33.1,90.0,S09,6,33.1,0.5,10,91,0.3,3.4,0.99,241.9,67900.0,,M18,Micro-perforated LDPE (breathable),30,60000,30,14,good,Passive MAP - micro-perforated,7.5,17.5,75.0,5.7,15.3,Y,1,N,0.94,0.0114,75,,,,,,synthetic_rule_physics_model
SCN02231,C038,Strawberry,fresh_produce_fruit,chilled,S04,3.0,95.0,S09,6,3.7,2.0,10,91,0.3,3.4,0.99,11.7,27539.0,,M18,Micro-perforated LDPE (breathable),30,27538.9,30,14,good,Passive MAP - micro-perforated,7.5,17.5,75.0,7.5,13.5,Y,9,N,0.59,0.0072,75,,,,,,synthetic_rule_physics_model
SCN02232,C038,Strawberry,fresh_produce_fruit,chilled,S04,0.3,86.0,S10,24,0.3,2.0,4,91,0.3,3.4,0.99,8.3,24117.0,,M18,Micro-perforated LDPE (breathable),30,24116.5,30,14,good,Passive MAP - micro-perforated,7.5,17.5,75.0,7.5,13.5,Y,13,Y,0.59,0.0072,75,,,,,,synthetic_rule_physics_model
SCN02233,C038,Strawberry,fresh_produce_fruit,ambient,S01,26.4,56.0,S10,6,25.3,0.25,5,91,0.3,3.4,0.99,108.5,36509.0,,M18,Micro-perforated LDPE (breathable),30,36508.7,30,14,good,Passive MAP - micro-perforated,7.5,17.5,75.0,7.5,13.5,Y,1,N,1.18,0.0144,75,,,,,,synthetic_rule_physics_model
SCN02234,C038,Strawberry,fresh_produce_fruit,chilled,S04,1.2,87.0,S10,6,1.2,2.0,7,91,0.3,3.4,0.99,9.1,24994.0,,M18,Micro-perforated LDPE (breathable),30,24994.5,30,14,good,Passive MAP - micro-perforated,7.5,17.5,75.0,7.5,13.5,Y,12,Y,0.59,0.0072,75,,,,,,synthetic_rule_physics_model
SCN02235,C038,Strawberry,fresh_produce_fruit,chilled,S04,1.8,87.0,S10,24,2.2,1.0,7,91,0.3,3.4,0.99,10.1,20664.0,,M18,Micro-perforated LDPE (breathable),30,20664.5,30,14,good,Passive MAP - micro-perforated,7.5,17.5,75.0,7.5,13.5,Y,10,Y,0.75,0.0091,75,,,,,,synthetic_rule_physics_model
SCN02236,C038,Strawberry,fresh_produce_fruit,ambient,S01,24.8,44.0,S10,24,19.7,1.0,4,91,0.3,3.4,0.99,61.0,44129.0,,M18,Micro-perforated LDPE (breathable),30,44128.7,30,14,good,Passive MAP - micro-perforated,7.5,17.5,75.0,7.5,13.5,Y,1,N,0.75,0.0091,75,,,,,,synthetic_rule_physics_model
SCN02237,C038,Strawberry,fresh_produce_fruit,chilled,S04,2.6,89.0,S10,24,2.9,0.25,5,91,0.3,3.4,0.99,10.7,13413.0,,M18,Micro-perforated LDPE (breathable),30,13412.7,30,14,good,Passive MAP - micro-perforated,7.5,17.5,75.0,7.5,13.5,Y,10,Y,1.18,0.0144,75,,,,,,synthetic_rule_physics_model
SCN02238,C038,Strawberry,fresh_produce_fruit,chilled,S04,2.2,94.0,S10,6,2.3,1.0,14,91,0.3,3.4,0.99,10.1,20695.0,,M18,Micro-perforated LDPE (breathable),30,20694.5,30,14,good,Passive MAP - micro-perforated,7.5,17.5,75.0,7.5,13.5,Y,11,N,0.75,0.0091,75,,,,,,synthetic_rule_physics_model
SCN02239,C038,Strawberry,fresh_produce_fruit,ambient,S01,30.0,55.0,S10,48,23.0,0.25,7,91,0.3,3.4,0.99,85.3,32590.0,,M18,Micro-perforated LDPE (breathable),30,32590.3,30,14,good,Passive MAP - micro-perforated,7.5,17.5,75.0,7.5,13.5,Y,1,N,1.18,0.0144,75,,,,,,synthetic_rule_physics_model
SCN02240,C038,Strawberry,fresh_produce_fruit,ambient,S02,32.2,83.0,S10,6,31.1,1.0,7,91,0.3,3.4,0.99,196.4,76938.0,,M18,Micro-perforated LDPE (breathable),30,60000,30,14,good,Passive MAP - micro-perforated,7.5,17.5,75.0,,,Y,1,N,0.75,0.0091,75,,,,,MAP window not reachable with single film at this temperature/pack; use tuned micro-perforation or ventilated pack,synthetic_rule_physics_model
SCN02241,C038,Strawberry,fresh_produce_fruit,chilled,S04,2.1,93.0,S09,24,9.8,2.0,4,91,0.3,3.4,0.99,22.0,35566.0,,M18,Micro-perforated LDPE (breathable),30,35566.4,30,14,good,Passive MAP - micro-perforated,7.5,17.5,75.0,7.5,13.5,Y,4,Y,0.59,0.0072,75,,,,,,synthetic_rule_physics_model
SCN02242,C038,Strawberry,fresh_produce_fruit,chilled,S05,5.2,89.0,S09,24,7.8,1.0,10,91,0.3,3.4,0.99,17.8,25900.0,,M18,Micro-perforated LDPE (breathable),30,25899.8,30,14,good,Passive MAP - micro-perforated,7.5,17.5,75.0,7.5,13.5,Y,6,N,0.75,0.0091,75,,,,,,synthetic_rule_physics_model
SCN02243,C038,Strawberry,fresh_produce_fruit,chilled,S05,5.3,84.0,S10,48,4.7,0.25,14,91,0.3,3.4,0.99,13.0,14469.0,,M18,Micro-perforated LDPE (breathable),30,14469.5,30,14,good,Passive MAP - micro-perforated,7.5,17.5,75.0,7.5,13.5,Y,8,N,1.18,0.0144,75,,,,,,synthetic_rule_physics_model
SCN02244,C038,Strawberry,fresh_produce_fruit,ambient,S02,29.9,91.0,S10,24,25.3,2.0,5,91,0.3,3.4,0.99,108.2,72408.0,,M18,Micro-perforated LDPE (breathable),30,60000,30,14,good,Passive MAP - micro-perforated,7.5,17.5,75.0,4.7,16.3,Y,1,N,0.59,0.0072,75,,,,,,synthetic_rule_physics_model
SCN02245,C038,Strawberry,fresh_produce_fruit,ambient,S01,22.2,58.0,S10,6,21.1,2.0,4,91,0.3,3.4,0.99,70.2,59155.0,,M18,Micro-perforated LDPE (breathable),30,59154.6,30,14,good,Passive MAP - micro-perforated,7.5,17.5,75.0,7.5,13.5,Y,1,N,0.59,0.0072,75,,,,,,synthetic_rule_physics_model
SCN02246,C038,Strawberry,fresh_produce_fruit,ambient,S01,30.0,61.0,S10,6,29.4,0.25,10,91,0.3,3.4,0.99,164.7,44651.0,,M18,Micro-perforated LDPE (breathable),30,44651.5,30,14,good,Passive MAP - micro-perforated,7.5,17.5,75.0,7.5,13.5,Y,1,N,1.18,0.0144,75,,,,,,synthetic_rule_physics_model
SCN02247,C038,Strawberry,fresh_produce_fruit,chilled,S04,2.5,90.0,S10,48,2.4,2.0,14,91,0.3,3.4,0.99,10.3,26186.0,,M18,Micro-perforated LDPE (breathable),30,26186.4,30,14,good,Passive MAP - micro-perforated,7.5,17.5,75.0,7.5,13.5,Y,10,N,0.59,0.0072,75,,,,,,synthetic_rule_physics_model
SCN02248,C038,Strawberry,fresh_produce_fruit,chilled,S04,1.5,94.0,S09,48,17.4,0.25,5,91,0.3,3.4,0.99,48.0,25054.0,,M18,Micro-perforated LDPE (breathable),30,25053.7,30,14,good,Passive MAP - micro-perforated,7.5,17.5,75.0,7.5,13.5,Y,2,N,1.18,0.0144,75,,,,,,synthetic_rule_physics_model
SCN02249,C038,Strawberry,fresh_produce_fruit,chilled,S04,0.7,89.0,S09,24,9.2,0.25,4,91,0.3,3.4,0.99,20.6,17429.0,,M18,Micro-perforated LDPE (breathable),30,17428.9,30,14,good,Passive MAP - micro-perforated,7.5,17.5,75.0,7.5,13.5,Y,4,Y,1.18,0.0144,75,,,,,,synthetic_rule_physics_model
SCN02250,C038,Strawberry,fresh_produce_fruit,chilled,S04,1.6,90.0,S10,24,2.0,0.25,4,91,0.3,3.4,0.99,9.9,12986.0,,M18,Micro-perforated LDPE (breathable),30,12985.7,30,14,good,Passive MAP - micro-perforated,7.5,17.5,75.0,7.5,13.5,Y,10,Y,1.18,0.0144,75,,,,,,synthetic_rule_physics_model
SCN02251,C038,Strawberry,fresh_produce_fruit,chilled,S04,0.9,95.0,S10,48,1.1,0.25,7,91,0.3,3.4,0.99,8.9,12498.0,,M18,Micro-perforated LDPE (breathable),30,12498.0,30,14,good,Passive MAP - micro-perforated,7.5,17.5,75.0,7.5,13.5,Y,12,Y,1.18,0.0144,75,,,,,,synthetic_rule_physics_model
SCN02252,C038,Strawberry,fresh_produce_fruit,chilled,S04,0.1,91.0,S10,24,0.8,2.0,5,91,0.3,3.4,0.99,8.7,24541.0,,M18,Micro-perforated LDPE (breathable),30,24540.8,30,14,good,Passive MAP - micro-perforated,7.5,17.5,75.0,7.5,13.5,Y,13,Y,0.59,0.0072,75,,,,,,synthetic_rule_physics_model
SCN02253,C038,Strawberry,fresh_produce_fruit,chilled,S04,0.5,93.0,S10,6,0.5,2.0,10,91,0.3,3.4,0.99,8.4,24286.0,,M18,Micro-perforated LDPE (breathable),30,24285.6,30,14,good,Passive MAP - micro-perforated,7.5,17.5,75.0,7.5,13.5,Y,13,Y,0.59,0.0072,75,,,,,,synthetic_rule_physics_model
SCN02254,C038,Strawberry,fresh_produce_fruit,ambient,S02,28.0,79.0,S10,6,27.3,1.0,7,91,0.3,3.4,0.99,132.4,63437.0,,M18,Micro-perforated LDPE (breathable),30,60000,30,14,good,Passive MAP - micro-perforated,7.5,17.5,75.0,6.7,14.3,Y,1,N,0.75,0.0091,75,,,,,,synthetic_rule_physics_model
SCN02255,C038,Strawberry,fresh_produce_fruit,ambient,S01,29.8,54.0,S10,24,24.8,0.5,5,91,0.3,3.4,0.99,103.0,44761.0,,M18,Micro-perforated LDPE (breathable),30,44761.0,30,14,good,Passive MAP - micro-perforated,7.5,17.5,75.0,7.5,13.5,Y,1,N,0.94,0.0114,75,,,,,,synthetic_rule_physics_model
SCN02256,C038,Strawberry,fresh_produce_fruit,ambient,S01,31.9,52.0,S10,6,31.1,0.25,10,91,0.3,3.4,0.99,197.0,48763.0,,M18,Micro-perforated LDPE (breathable),30,48762.7,30,14,good,Passive MAP - micro-perforated,7.5,17.5,75.0,7.5,13.5,Y,1,N,1.18,0.0144,75,,,,,,synthetic_rule_physics_model
SCN02257,C038,Strawberry,fresh_produce_fruit,ambient,S02,32.5,84.0,S10,24,29.6,2.0,10,91,0.3,3.4,0.99,168.5,89681.0,,M18,Micro-perforated LDPE (breathable),30,60000,30,14,good,Passive MAP - micro-perforated,7.5,17.5,75.0,,,Y,1,N,0.59,0.0072,75,,,,,MAP window not reachable with single film at this temperature/pack; use tuned micro-perforation or ventilated pack,synthetic_rule_physics_model
SCN02258,C038,Strawberry,fresh_produce_fruit,chilled,S05,7.1,79.0,S10,48,6.3,1.0,5,91,0.3,3.4,0.99,15.4,24410.0,,M18,Micro-perforated LDPE (breathable),30,24409.5,30,14,good,Passive MAP - micro-perforated,7.5,17.5,75.0,7.5,13.5,Y,6,Y,0.75,0.0091,75,,,,,,synthetic_rule_physics_model
SCN02259,C038,Strawberry,fresh_produce_fruit,chilled,S05,4.9,79.0,S10,6,4.9,2.0,7,91,0.3,3.4,0.99,13.3,28975.0,,M18,Micro-perforated LDPE (breathable),30,28975.2,30,14,good,Passive MAP - micro-perforated,7.5,17.5,75.0,7.5,13.5,Y,8,Y,0.59,0.0072,75,,,,,,synthetic_rule_physics_model
SCN02260,C038,Strawberry,fresh_produce_fruit,chilled,S04,2.0,89.0,S10,48,4.0,0.5,4,91,0.3,3.4,0.99,12.0,17635.0,,M18,Micro-perforated LDPE (breathable),30,17635.0,30,14,good,Passive MAP - micro-perforated,7.5,17.5,75.0,7.5,13.5,Y,9,Y,0.94,0.0114,75,,,,,,synthetic_rule_physics_model
SCN02261,C038,Strawberry,fresh_produce_fruit,chilled,S04,3.8,93.0,S10,24,3.5,0.25,7,91,0.3,3.4,0.99,11.4,13753.0,,M18,Micro-perforated LDPE (breathable),30,13752.7,30,14,good,Passive MAP - micro-perforated,7.5,17.5,75.0,7.5,13.5,Y,9,Y,1.18,0.0144,75,,,,,,synthetic_rule_physics_model
SCN02262,C038,Strawberry,fresh_produce_fruit,ambient,S02,29.9,76.0,S10,6,29.5,0.25,14,91,0.3,3.4,0.99,166.0,44821.0,,M18,Micro-perforated LDPE (breathable),30,44820.8,30,14,good,Passive MAP - micro-perforated,7.5,17.5,75.0,7.5,13.5,Y,1,N,1.18,0.0144,75,,,,,,synthetic_rule_physics_model
SCN02263,C038,Strawberry,fresh_produce_fruit,ambient,S02,30.0,78.0,S09,6,29.9,0.25,4,91,0.3,3.4,0.99,174.3,45906.0,,M18,Micro-perforated LDPE (breathable),30,45905.8,30,14,good,Passive MAP - micro-perforated,7.5,17.5,75.0,7.5,13.5,Y,1,N,1.18,0.0144,75,,,,,,synthetic_rule_physics_model
SCN02264,C038,Strawberry,fresh_produce_fruit,ambient,S01,30.9,60.0,S10,48,27.6,0.25,14,91,0.3,3.4,0.99,136.8,40792.0,,M18,Micro-perforated LDPE (breathable),30,40791.5,30,14,good,Passive MAP - micro-perforated,7.5,17.5,75.0,7.5,13.5,Y,1,N,1.18,0.0144,75,,,,,,synthetic_rule_physics_model
SCN02265,C038,Strawberry,fresh_produce_fruit,chilled,S04,2.9,94.0,S10,48,3.0,1.0,5,91,0.3,3.4,0.99,10.9,21333.0,,M18,Micro-perforated LDPE (breathable),30,21332.6,30,14,good,Passive MAP - micro-perforated,7.5,17.5,75.0,7.5,13.5,Y,10,Y,0.75,0.0091,75,,,,,,synthetic_rule_physics_model
SCN02266,C038,Strawberry,fresh_produce_fruit,chilled,S04,3.1,87.0,S10,48,4.6,2.0,5,91,0.3,3.4,0.99,12.8,28556.0,,M18,Micro-perforated LDPE (breathable),30,28555.7,30,14,good,Passive MAP - micro-perforated,7.5,17.5,75.0,7.5,13.5,Y,8,Y,0.59,0.0072,75,,,,,,synthetic_rule_physics_model
SCN02267,C038,Strawberry,fresh_produce_fruit,chilled,S05,4.7,85.0,S10,24,4.8,0.25,5,91,0.3,3.4,0.99,13.1,14517.0,,M18,Micro-perforated LDPE (breathable),30,14517.0,30,14,good,Passive MAP - micro-perforated,7.5,17.5,75.0,7.5,13.5,Y,8,Y,1.18,0.0144,75,,,,,,synthetic_rule_physics_model
SCN02268,C038,Strawberry,fresh_produce_fruit,ambient,S01,21.1,62.0,S10,48,16.8,2.0,7,91,0.3,3.4,0.99,45.3,48518.0,,M18,Micro-perforated LDPE (breathable),30,48518.0,30,14,good,Passive MAP - micro-perforated,7.5,17.5,75.0,7.5,13.5,Y,2,N,0.59,0.0072,75,,,,,,synthetic_rule_physics_model
SCN02269,C038,Strawberry,fresh_produce_fruit,chilled,S04,0.6,95.0,S10,48,0.6,2.0,7,91,0.3,3.4,0.99,8.5,24363.0,,M18,Micro-perforated LDPE (breathable),30,24363.5,30,14,good,Passive MAP - micro-perforated,7.5,17.5,75.0,7.5,13.5,Y,13,Y,0.59,0.0072,75,,,,,,synthetic_rule_physics_model
SCN02270,C038,Strawberry,fresh_produce_fruit,chilled,S04,0.6,94.0,S10,48,2.3,1.0,4,91,0.3,3.4,0.99,10.1,20724.0,,M18,Micro-perforated LDPE (breathable),30,20723.6,30,14,good,Passive MAP - micro-perforated,7.5,17.5,75.0,7.5,13.5,Y,11,Y,0.75,0.0091,75,,,,,,synthetic_rule_physics_model
SCN02271,C038,Strawberry,fresh_produce_fruit,chilled,S05,7.0,82.0,S10,24,6.1,0.5,4,91,0.3,3.4,0.99,15.0,19256.0,,M18,Micro-perforated LDPE (breathable),30,19255.8,30,14,good,Passive MAP - micro-perforated,7.5,17.5,75.0,7.5,13.5,Y,7,Y,0.94,0.0114,75,,,,,,synthetic_rule_physics_model
SCN02272,C038,Strawberry,fresh_produce_fruit,chilled,S04,2.9,86.0,S10,6,3.1,2.0,7,91,0.3,3.4,0.99,11.0,26858.0,,M18,Micro-perforated LDPE (breathable),30,26858.5,30,14,good,Passive MAP - micro-perforated,7.5,17.5,75.0,7.5,13.5,Y,9,Y,0.59,0.0072,75,,,,,,synthetic_rule_physics_model
SCN02273,C038,Strawberry,fresh_produce_fruit,ambient,S02,30.0,77.0,S09,24,31.7,2.0,4,91,0.3,3.4,0.99,210.1,99999.0,,M18,Micro-perforated LDPE (breathable),30,60000,30,14,good,Passive MAP - micro-perforated,7.5,17.5,75.0,,,Y,1,N,0.59,0.0072,75,,,,,MAP window not reachable with single film at this temperature/pack; use tuned micro-perforation or ventilated pack,synthetic_rule_physics_model
SCN02274,C038,Strawberry,fresh_produce_fruit,ambient,S01,22.7,40.0,S10,6,22.1,1.0,7,91,0.3,3.4,0.99,78.0,49399.0,,M18,Micro-perforated LDPE (breathable),30,49398.8,30,14,good,Passive MAP - micro-perforated,7.5,17.5,75.0,7.5,13.5,Y,1,N,0.75,0.0091,75,,,,,,synthetic_rule_physics_model
SCN02275,C038,Strawberry,fresh_produce_fruit,ambient,S01,20.8,57.0,S09,24,23.3,1.0,4,91,0.3,3.4,0.99,88.3,52336.0,,M18,Micro-perforated LDPE (breathable),30,52335.9,30,14,good,Passive MAP - micro-perforated,7.5,17.5,75.0,7.5,13.5,Y,1,N,0.75,0.0091,75,,,,,,synthetic_rule_physics_model
SCN02276,C038,Strawberry,fresh_produce_fruit,chilled,S04,3.1,86.0,S10,24,3.0,0.25,14,91,0.3,3.4,0.99,10.9,13512.0,,M18,Micro-perforated LDPE (breathable),30,13511.6,30,14,good,Passive MAP - micro-perforated,7.5,17.5,75.0,7.5,13.5,Y,9,N,1.18,0.0144,75,,,,,,synthetic_rule_physics_model
SCN02277,C038,Strawberry,fresh_produce_fruit,chilled,S05,4.3,82.0,S10,6,4.4,1.0,5,91,0.3,3.4,0.99,12.5,22520.0,,M18,Micro-perforated LDPE (breathable),30,22520.1,30,14,good,Passive MAP - micro-perforated,7.5,17.5,75.0,7.5,13.5,Y,8,Y,0.75,0.0091,75,,,,,,synthetic_rule_physics_model
SCN02278,C038,Strawberry,fresh_produce_fruit,ambient,S02,32.0,80.0,S09,6,32.1,1.0,14,91,0.3,3.4,0.99,217.5,80942.0,,M18,Micro-perforated LDPE (breathable),30,60000,30,14,good,Passive MAP - micro-perforated,7.5,17.5,75.0,,,Y,1,N,0.75,0.0091,75,,,,,MAP window not reachable with single film at this temperature/pack; use tuned micro-perforation or ventilated pack,synthetic_rule_physics_model
SCN02279,C038,Strawberry,fresh_produce_fruit,ambient,S02,30.4,86.0,S10,6,29.9,2.0,14,91,0.3,3.4,0.99,174.5,91231.0,,M18,Micro-perforated LDPE (breathable),30,60000,30,14,good,Passive MAP - micro-perforated,7.5,17.5,75.0,,,Y,1,N,0.59,0.0072,75,,,,,MAP window not reachable with single film at this temperature/pack; use tuned micro-perforation or ventilated pack,synthetic_rule_physics_model
SCN02280,C038,Strawberry,fresh_produce_fruit,ambient,S02,35.0,90.0,S10,6,34.1,2.0,7,91,0.3,3.4,0.99,267.2,112796.0,,M18,Micro-perforated LDPE (breathable),30,60000,30,14,good,Passive MAP - micro-perforated,7.5,17.5,75.0,,,Y,1,N,0.59,0.0072,75,,,,,MAP window not reachable with single film at this temperature/pack; use tuned micro-perforation or ventilated pack,synthetic_rule_physics_model
SCN02281,C039,Grapes,fresh_produce_fruit,chilled,S04,1.4,92.0,S10,48,2.2,1.0,15,81,0.2,3.5,0.98,3.6,5721.0,,M18,Micro-perforated LDPE (breathable),30,60000,30,14,good,Passive MAP - micro-perforated,3.5,2.0,94.5,,,Y,25,Y,0.75,0.0091,75,,,,,MAP window not reachable with single film at this temperature/pack; use tuned micro-perforation or ventilated pack,synthetic_rule_physics_model
SCN02282,C039,Grapes,fresh_produce_fruit,chilled,S04,2.0,93.0,S10,48,2.2,0.5,30,81,0.2,3.5,0.98,3.6,4548.0,,M01,LDPE film,40,4375.0,11.25,16,good,Passive MAP (equilibrium),3.5,2.0,94.5,2.8,4.0,Y,33,Y,0.9,0.0146,76,,,,,,synthetic_rule_physics_model
SCN02283,C039,Grapes,fresh_produce_fruit,chilled,S04,3.2,85.0,S10,6,3.2,0.5,60,81,0.2,3.5,0.98,3.9,4639.0,,M01,LDPE film,40,4375.0,11.25,16,good,Passive MAP (equilibrium),3.5,2.0,94.5,2.4,4.1,Y,33,N,0.9,0.0146,76,,,,,,synthetic_rule_physics_model
SCN02284,C039,Grapes,fresh_produce_fruit,chilled,S04,3.7,94.0,S10,48,3.5,1.0,15,81,0.2,3.5,0.98,4.0,5878.0,,M01,LDPE film,30,5833.3,15.0,16,good,Passive MAP (equilibrium),3.5,2.0,94.5,3.4,3.9,Y,29,Y,0.54,0.0087,76,,,,,,synthetic_rule_physics_model
SCN02285,C039,Grapes,fresh_produce_fruit,chilled,S04,3.5,85.0,S10,24,3.4,2.0,22,81,0.2,3.5,0.98,4.0,7365.0,,M01,LDPE film,25,7000.0,18.0,16,good,Passive MAP (equilibrium),3.5,2.0,94.5,2.6,4.1,Y,32,Y,0.36,0.0058,76,,,,,,synthetic_rule_physics_model
SCN02286,C039,Grapes,fresh_produce_fruit,chilled,S04,2.2,87.0,S09,6,2.8,0.25,15,81,0.2,3.5,0.98,3.8,3667.0,,M01,LDPE film,50,3500.0,9.0,16,good,Passive MAP (equilibrium),3.5,2.0,94.5,2.7,4.1,Y,33,Y,1.42,0.0229,76,,,,,,synthetic_rule_physics_model
SCN02287,C039,Grapes,fresh_produce_fruit,chilled,S04,1.1,91.0,S10,6,1.2,2.0,45,81,0.2,3.5,0.98,3.3,7049.0,,M01,LDPE film,25,7000.0,18.0,16,good,Passive MAP (equilibrium),3.5,2.0,94.5,3.4,3.9,Y,38,N,0.36,0.0058,76,,,,,,synthetic_rule_physics_model
SCN02288,C039,Grapes,fresh_produce_fruit,ambient,S01,25.3,43.0,S10,48,22.2,1.0,15,81,0.2,3.5,0.98,19.1,9276.0,,M18,Micro-perforated LDPE (breathable),30,60000,30,14,good,Passive MAP - micro-perforated,3.5,2.0,94.5,,,Y,3,N,0.75,0.0091,75,,,,,MAP window not reachable with single film at this temperature/pack; use tuned micro-perforation or ventilated pack,synthetic_rule_physics_model
SCN02289,C039,Grapes,fresh_produce_fruit,chilled,S04,3.3,91.0,S10,48,3.1,0.25,15,81,0.2,3.5,0.98,3.9,3690.0,,M01,LDPE film,50,3500.0,9.0,16,good,Passive MAP (equilibrium),3.5,2.0,94.5,2.6,4.1,Y,32,Y,1.42,0.0229,76,,,,,,synthetic_rule_physics_model
SCN02290,C039,Grapes,fresh_produce_fruit,ambient,S01,26.9,46.0,S09,6,27.0,0.5,22,81,0.2,3.5,0.98,28.4,8472.0,,M18,Micro-perforated LDPE (breathable),30,60000,30,14,good,Passive MAP - micro-perforated,3.5,2.0,94.5,,,Y,2,N,0.94,0.0114,75,,,,,MAP window not reachable with single film at this temperature/pack; use tuned micro-perforation or ventilated pack,synthetic_rule_physics_model
SCN02291,C039,Grapes,fresh_produce_fruit,chilled,S04,2.4,89.0,S10,6,2.4,0.25,60,81,0.2,3.5,0.98,3.7,3632.0,,M01,LDPE film,50,3500.0,9.0,16,good,Passive MAP (equilibrium),3.5,2.0,94.5,2.8,4.0,Y,36,N,1.42,0.0229,76,,,,,,synthetic_rule_physics_model
SCN02292,C039,Grapes,fresh_produce_fruit,chilled,S04,2.6,88.0,S10,24,2.5,2.0,15,81,0.2,3.5,0.98,3.7,7237.0,,M01,LDPE film,25,7000.0,18.0,16,good,Passive MAP (equilibrium),3.5,2.0,94.5,2.9,4.0,Y,37,Y,0.36,0.0058,76,,,,,,synthetic_rule_physics_model
SCN02293,C039,Grapes,fresh_produce_fruit,chilled,S04,0.9,90.0,S09,24,2.0,1.0,22,81,0.2,3.5,0.98,3.5,5696.0,,M18,Micro-perforated LDPE (breathable),30,60000,30,14,good,Passive MAP - micro-perforated,3.5,2.0,94.5,,,Y,24,Y,0.75,0.0091,75,,,,,MAP window not reachable with single film at this temperature/pack; use tuned micro-perforation or ventilated pack,synthetic_rule_physics_model
SCN02294,C039,Grapes,fresh_produce_fruit,chilled,S04,1.1,86.0,S09,6,1.7,0.5,15,81,0.2,3.5,0.98,3.4,4504.0,,M01,LDPE film,40,4375.0,11.25,16,good,Passive MAP (equilibrium),3.5,2.0,94.5,3.0,4.0,Y,41,Y,0.9,0.0146,76,,,,,,synthetic_rule_physics_model
SCN02295,C039,Grapes,fresh_produce_fruit,ambient,S01,21.4,56.0,S09,24,21.6,0.25,45,81,0.2,3.5,0.98,18.1,5761.0,,M18,Micro-perforated LDPE (breathable),30,60000,30,14,good,Passive MAP - micro-perforated,3.5,2.0,94.5,,,Y,3,N,1.18,0.0144,75,,,,,MAP window not reachable with single film at this temperature/pack; use tuned micro-perforation or ventilated pack,synthetic_rule_physics_model
SCN02296,C039,Grapes,fresh_produce_fruit,chilled,S04,0.8,86.0,S10,48,1.7,1.0,15,81,0.2,3.5,0.98,3.4,5660.0,,M18,Micro-perforated LDPE (breathable),30,60000,30,14,good,Passive MAP - micro-perforated,3.5,2.0,94.5,,,Y,25,Y,0.75,0.0091,75,,,,,MAP window not reachable with single film at this temperature/pack; use tuned micro-perforation or ventilated pack,synthetic_rule_physics_model
SCN02297,C039,Grapes,fresh_produce_fruit,chilled,S04,3.6,90.0,S10,48,3.6,0.25,45,81,0.2,3.5,0.98,4.0,3722.0,,M01,LDPE film,50,3500.0,9.0,16,good,Passive MAP (equilibrium),3.5,2.0,94.5,2.4,4.1,Y,31,N,1.42,0.0229,76,,,,,,synthetic_rule_physics_model
SCN02298,C039,Grapes,fresh_produce_fruit,chilled,S04,1.0,88.0,S10,6,1.0,1.0,45,81,0.2,3.5,0.98,3.3,5588.0,,M18,Micro-perforated LDPE (breathable),30,60000,30,14,good,Passive MAP - micro-perforated,3.5,2.0,94.5,,,Y,25,N,0.75,0.0091,75,,,,,MAP window not reachable with single film at this temperature/pack; use tuned micro-perforation or ventilated pack,synthetic_rule_physics_model
SCN02299,C039,Grapes,fresh_produce_fruit,chilled,S04,2.2,85.0,S10,24,2.4,0.5,22,81,0.2,3.5,0.98,3.7,4570.0,,M01,LDPE film,40,4375.0,11.25,16,good,Passive MAP (equilibrium),3.5,2.0,94.5,2.7,4.1,Y,35,Y,0.9,0.0146,76,,,,,,synthetic_rule_physics_model
SCN02300,C039,Grapes,fresh_produce_fruit,ambient,S01,20.5,44.0,S10,6,20.4,1.0,30,81,0.2,3.5,0.98,16.3,8806.0,,M18,Micro-perforated LDPE (breathable),30,60000,30,14,good,Passive MAP - micro-perforated,3.5,2.0,94.5,,,Y,3,N,0.75,0.0091,75,,,,,MAP window not reachable with single film at this temperature/pack; use tuned micro-perforation or ventilated pack,synthetic_rule_physics_model
SCN02301,C039,Grapes,fresh_produce_fruit,chilled,S04,1.7,88.0,S10,48,1.9,1.0,45,81,0.2,3.5,0.98,3.5,5691.0,,M18,Micro-perforated LDPE (breathable),30,60000,30,14,good,Passive MAP - micro-perforated,3.5,2.0,94.5,,,Y,24,N,0.75,0.0091,75,,,,,MAP window not reachable with single film at this temperature/pack; use tuned micro-perforation or ventilated pack,synthetic_rule_physics_model
SCN02302,C039,Grapes,fresh_produce_fruit,ambient,S01,20.1,49.0,S10,6,20.0,0.5,45,81,0.2,3.5,0.98,15.9,6946.0,,M18,Micro-perforated LDPE (breathable),30,60000,30,14,good,Passive MAP - micro-perforated,3.5,2.0,94.5,,,Y,3,N,0.94,0.0114,75,,,,,MAP window not reachable with single film at this temperature/pack; use tuned micro-perforation or ventilated pack,synthetic_rule_physics_model
SCN02303,C039,Grapes,fresh_produce_fruit,chilled,S04,1.9,87.0,S10,6,1.9,0.25,15,81,0.2,3.5,0.98,3.5,3602.0,,M01,LDPE film,50,3500.0,9.0,16,good,Passive MAP (equilibrium),3.5,2.0,94.5,3.0,4.0,Y,37,Y,1.42,0.0229,76,,,,,,synthetic_rule_physics_model
SCN02304,C039,Grapes,fresh_produce_fruit,chilled,S05,4.1,87.0,S10,6,4.1,1.0,22,81,0.2,3.5,0.98,4.2,5948.0,,M01,LDPE film,30,5833.3,15.0,16,good,Passive MAP (equilibrium),3.5,2.0,94.5,3.2,4.0,Y,28,Y,0.54,0.0087,76,,,,,,synthetic_rule_physics_model
SCN02305,C039,Grapes,fresh_produce_fruit,chilled,S04,2.4,85.0,S09,48,3.8,0.5,45,81,0.2,3.5,0.98,4.1,4701.0,,M01,LDPE film,40,4375.0,11.25,16,good,Passive MAP (equilibrium),3.5,2.0,94.5,2.2,4.2,Y,30,N,0.9,0.0146,76,,,,,,synthetic_rule_physics_model
SCN02306,C039,Grapes,fresh_produce_fruit,chilled,S04,2.7,85.0,S10,24,2.9,2.0,15,81,0.2,3.5,0.98,3.8,7286.0,,M01,LDPE film,25,7000.0,18.0,16,good,Passive MAP (equilibrium),3.5,2.0,94.5,2.8,4.0,Y,33,Y,0.36,0.0058,76,,,,,,synthetic_rule_physics_model
SCN02307,C039,Grapes,fresh_produce_fruit,ambient,S02,30.1,79.0,S10,24,29.7,0.25,60,81,0.2,3.5,0.98,35.6,7317.0,,M01,LDPE film,25,7000.0,18.0,16,good,Passive MAP (equilibrium),3.5,2.0,94.5,2.7,4.1,Y,2,N,0.71,0.0114,76,,,,,,synthetic_rule_physics_model
SCN02308,C039,Grapes,fresh_produce_fruit,ambient,S01,31.6,49.0,S10,48,29.3,2.0,22,81,0.2,3.5,0.98,34.5,14377.0,,M18,Micro-perforated LDPE (breathable),30,60000,30,14,good,Passive MAP - micro-perforated,3.5,2.0,94.5,,,Y,1,N,0.59,0.0072,75,,,,,MAP window not reachable with single film at this temperature/pack; use tuned micro-perforation or ventilated pack,synthetic_rule_physics_model
SCN02309,C039,Grapes,fresh_produce_fruit,chilled,S04,3.7,94.0,S09,48,7.4,1.0,15,81,0.2,3.5,0.98,5.5,6377.0,,M01,LDPE film,30,5833.3,15.0,16,good,Passive MAP (equilibrium),3.5,2.0,94.5,1.9,4.3,Y,19,Y,0.54,0.0087,76,,,,,,synthetic_rule_physics_model
SCN02310,C039,Grapes,fresh_produce_fruit,chilled,S04,2.1,91.0,S10,48,2.0,2.0,45,81,0.2,3.5,0.98,3.5,7163.0,,M01,LDPE film,25,7000.0,18.0,16,good,Passive MAP (equilibrium),3.5,2.0,94.5,3.1,4.0,Y,38,N,0.36,0.0058,76,,,,,,synthetic_rule_physics_model
SCN02311,C039,Grapes,fresh_produce_fruit,chilled,S04,2.1,88.0,S10,24,2.3,2.0,15,81,0.2,3.5,0.98,3.6,7202.0,,M01,LDPE film,25,7000.0,18.0,16,good,Passive MAP (equilibrium),3.5,2.0,94.5,3.0,4.0,Y,37,Y,0.36,0.0058,76,,,,,,synthetic_rule_physics_model
SCN02312,C039,Grapes,fresh_produce_fruit,ambient,S02,30.9,90.0,S10,48,28.3,0.25,22,81,0.2,3.5,0.98,31.8,7022.0,,M01,LDPE film,25,7000.0,18.0,16,good,Passive MAP (equilibrium),3.5,2.0,94.5,3.4,3.9,Y,2,N,0.71,0.0114,76,,,,,,synthetic_rule_physics_model
SCN02313,C039,Grapes,fresh_produce_fruit,chilled,S04,2.0,87.0,S10,24,2.2,0.5,15,81,0.2,3.5,0.98,3.6,4555.0,,M01,LDPE film,40,4375.0,11.25,16,good,Passive MAP (equilibrium),3.5,2.0,94.5,2.8,4.0,Y,36,Y,0.9,0.0146,76,,,,,,synthetic_rule_physics_model
SCN02314,C039,Grapes,fresh_produce_fruit,chilled,S04,3.2,94.0,S10,24,3.1,0.5,45,81,0.2,3.5,0.98,3.9,4636.0,,M01,LDPE film,40,4375.0,11.25,16,good,Passive MAP (equilibrium),3.5,2.0,94.5,2.5,4.1,Y,33,N,0.9,0.0146,76,,,,,,synthetic_rule_physics_model
SCN02315,C039,Grapes,fresh_produce_fruit,chilled,S05,4.4,72.0,S10,6,4.4,2.0,30,81,0.2,3.5,0.98,4.3,7521.0,,M01,LDPE film,25,7000.0,18.0,16,good,Passive MAP (equilibrium),3.5,2.0,94.5,2.2,4.2,Y,27,N,0.36,0.0058,76,,,,,,synthetic_rule_physics_model
SCN02316,C039,Grapes,fresh_produce_fruit,chilled,S05,4.6,82.0,S09,24,5.1,0.5,60,81,0.2,3.5,0.98,4.6,4830.0,,M01,LDPE film,40,4375.0,11.25,16,good,Passive MAP (equilibrium),3.5,2.0,94.5,1.7,4.3,Y,26,N,0.9,0.0146,76,,,,,,synthetic_rule_physics_model
SCN02317,C039,Grapes,fresh_produce_fruit,chilled,S04,2.1,91.0,S09,48,6.8,2.0,15,81,0.2,3.5,0.98,5.3,7922.0,,M18,Micro-perforated LDPE (breathable),30,60000,30,14,good,Passive MAP - micro-perforated,3.5,2.0,94.5,,,Y,15,Y,0.59,0.0072,75,,,,,MAP window not reachable with single film at this temperature/pack; use tuned micro-perforation or ventilated pack,synthetic_rule_physics_model
SCN02318,C039,Grapes,fresh_produce_fruit,ambient,S01,29.6,56.0,S09,6,29.6,1.0,60,81,0.2,3.5,0.98,35.4,11539.0,,M18,Micro-perforated LDPE (breathable),30,60000,30,14,good,Passive MAP - micro-perforated,3.5,2.0,94.5,,,Y,1,N,0.75,0.0091,75,,,,,MAP window not reachable with single film at this temperature/pack; use tuned micro-perforation or ventilated pack,synthetic_rule_physics_model
SCN02319,C039,Grapes,fresh_produce_fruit,chilled,S04,1.0,94.0,S10,24,1.1,0.25,60,81,0.2,3.5,0.98,3.3,3545.0,,M01,LDPE film,50,3500.0,9.0,16,good,Passive MAP (equilibrium),3.5,2.0,94.5,3.3,3.9,Y,40,N,1.42,0.0229,76,,,,,,synthetic_rule_physics_model
SCN02320,C039,Grapes,fresh_produce_fruit,ambient,S01,25.3,50.0,S10,6,25.2,0.25,45,81,0.2,3.5,0.98,24.5,6396.0,,M01,LDPE film,30,5833.3,15.0,16,good,Passive MAP (equilibrium),3.5,2.0,94.5,1.8,4.3,Y,3,N,0.85,0.0137,76,,,,,,synthetic_rule_physics_model
SCN02321,C039,Grapes,fresh_produce_fruit,ambient,S02,28.1,79.0,S09,48,28.3,0.25,60,81,0.2,3.5,0.98,31.8,7022.0,,M01,LDPE film,25,7000.0,18.0,16,good,Passive MAP (equilibrium),3.5,2.0,94.5,3.4,3.9,Y,2,N,0.71,0.0114,76,,,,,,synthetic_rule_physics_model
SCN02322,C039,Grapes,fresh_produce_fruit,ambient,S02,31.9,86.0,S10,24,30.6,0.5,22,81,0.2,3.5,0.98,38.3,9458.0,,M18,Micro-perforated LDPE (breathable),30,60000,30,14,good,Passive MAP - micro-perforated,3.5,2.0,94.5,,,Y,1,N,0.94,0.0114,75,,,,,MAP window not reachable with single film at this temperature/pack; use tuned micro-perforation or ventilated pack,synthetic_rule_physics_model
SCN02323,C039,Grapes,fresh_produce_fruit,ambient,S02,32.3,91.0,S10,24,31.8,2.0,60,81,0.2,3.5,0.98,42.3,15507.0,,M18,Micro-perforated LDPE (breathable),30,60000,30,14,good,Passive MAP - micro-perforated,3.5,2.0,94.5,,,Y,1,N,0.59,0.0072,75,,,,,MAP window not reachable with single film at this temperature/pack; use tuned micro-perforation or ventilated pack,synthetic_rule_physics_model
SCN02324,C039,Grapes,fresh_produce_fruit,chilled,S04,0.8,92.0,S10,48,1.7,0.5,15,81,0.2,3.5,0.98,3.5,4509.0,,M01,LDPE film,40,4375.0,11.25,16,good,Passive MAP (equilibrium),3.5,2.0,94.5,3.0,4.0,Y,38,Y,0.9,0.0146,76,,,,,,synthetic_rule_physics_model
SCN02325,C039,Grapes,fresh_produce_fruit,chilled,S04,4.0,91.0,S10,6,3.9,2.0,45,81,0.2,3.5,0.98,4.2,7450.0,,M01,LDPE film,25,7000.0,18.0,16,good,Passive MAP (equilibrium),3.5,2.0,94.5,2.4,4.1,Y,26,N,0.36,0.0058,76,,,,,,synthetic_rule_physics_model
SCN02326,C039,Grapes,fresh_produce_fruit,ambient,S02,32.8,76.0,S10,24,30.9,0.5,15,81,0.2,3.5,0.98,39.3,9548.0,,M18,Micro-perforated LDPE (breathable),30,60000,30,14,good,Passive MAP - micro-perforated,3.5,2.0,94.5,,,Y,1,N,0.94,0.0114,75,,,,,MAP window not reachable with single film at this temperature/pack; use tuned micro-perforation or ventilated pack,synthetic_rule_physics_model
SCN02327,C039,Grapes,fresh_produce_fruit,chilled,S04,4.0,87.0,S09,6,4.4,1.0,22,81,0.2,3.5,0.98,4.3,5980.0,,M01,LDPE film,30,5833.3,15.0,16,good,Passive MAP (equilibrium),3.5,2.0,94.5,3.1,4.0,Y,29,Y,0.54,0.0087,76,,,,,,synthetic_rule_physics_model
SCN02328,C039,Grapes,fresh_produce_fruit,ambient,S01,29.4,57.0,S09,24,29.3,0.25,45,81,0.2,3.5,0.98,34.5,7235.0,,M01,LDPE film,25,7000.0,18.0,16,good,Passive MAP (equilibrium),3.5,2.0,94.5,2.9,4.0,Y,2,N,0.71,0.0114,76,,,,,,synthetic_rule_physics_model
SCN02329,C039,Grapes,fresh_produce_fruit,chilled,S04,1.5,91.0,S10,48,1.6,1.0,60,81,0.2,3.5,0.98,3.4,5658.0,,M18,Micro-perforated LDPE (breathable),30,60000,30,14,good,Passive MAP - micro-perforated,3.5,2.0,94.5,,,Y,25,N,0.75,0.0091,75,,,,,MAP window not reachable with single film at this temperature/pack; use tuned micro-perforation or ventilated pack,synthetic_rule_physics_model
SCN02330,C039,Grapes,fresh_produce_fruit,ambient,S02,34.1,93.0,S10,48,33.1,1.0,60,81,0.2,3.5,0.98,47.3,12872.0,,M18,Micro-perforated LDPE (breathable),30,60000,30,14,good,Passive MAP - micro-perforated,3.5,2.0,94.5,,,Y,1,N,0.75,0.0091,75,,,,,MAP window not reachable with single film at this temperature/pack; use tuned micro-perforation or ventilated pack,synthetic_rule_physics_model
SCN02331,C039,Grapes,fresh_produce_fruit,ambient,S01,21.1,40.0,S09,6,21.2,0.25,45,81,0.2,3.5,0.98,17.6,5707.0,,M18,Micro-perforated LDPE (breathable),30,60000,30,14,good,Passive MAP - micro-perforated,3.5,2.0,94.5,,,Y,3,N,1.18,0.0144,75,,,,,MAP window not reachable with single film at this temperature/pack; use tuned micro-perforation or ventilated pack,synthetic_rule_physics_model
SCN02332,C039,Grapes,fresh_produce_fruit,ambient,S02,35.8,83.0,S10,6,35.5,0.25,22,81,0.2,3.5,0.98,57.5,8789.0,,M18,Micro-perforated LDPE (breathable),30,60000,30,14,good,Passive MAP - micro-perforated,3.5,2.0,94.5,,,Y,1,N,1.18,0.0144,75,,,,,MAP window not reachable with single film at this temperature/pack; use tuned micro-perforation or ventilated pack,synthetic_rule_physics_model
SCN02333,C039,Grapes,fresh_produce_fruit,chilled,S05,7.5,89.0,S10,6,7.5,0.5,60,81,0.2,3.5,0.98,5.6,5084.0,,M01,LDPE film,35,5000.0,12.86,16,good,Passive MAP (equilibrium),3.5,2.0,94.5,3.2,4.0,Y,20,N,0.79,0.0127,76,,,,,,synthetic_rule_physics_model
SCN02334,C039,Grapes,fresh_produce_fruit,chilled,S05,5.1,73.0,S09,24,5.5,1.0,60,81,0.2,3.5,0.98,4.7,6122.0,,M01,LDPE film,30,5833.3,15.0,16,good,Passive MAP (equilibrium),3.5,2.0,94.5,2.6,4.1,Y,25,N,0.54,0.0087,76,,,,,,synthetic_rule_physics_model
SCN02335,C039,Grapes,fresh_produce_fruit,ambient,S02,31.7,85.0,S10,48,30.6,0.5,45,81,0.2,3.5,0.98,38.4,9460.0,,M18,Micro-perforated LDPE (breathable),30,60000,30,14,good,Passive MAP - micro-perforated,3.5,2.0,94.5,,,Y,1,N,0.94,0.0114,75,,,,,MAP window not reachable with single film at this temperature/pack; use tuned micro-perforation or ventilated pack,synthetic_rule_physics_model
SCN02336,C039,Grapes,fresh_produce_fruit,chilled,S04,0.3,90.0,S10,24,0.4,0.25,60,81,0.2,3.5,0.98,3.1,3495.0,,M01,LDPE film,55,3181.8,8.18,16,good,Passive MAP (equilibrium),3.5,2.0,94.5,1.8,4.3,Y,44,N,1.56,0.0252,76,,,,,,synthetic_rule_physics_model
SCN02337,C039,Grapes,fresh_produce_fruit,chilled,S04,1.6,85.0,S10,48,1.5,0.25,22,81,0.2,3.5,0.98,3.4,3573.0,,M01,LDPE film,50,3500.0,9.0,16,good,Passive MAP (equilibrium),3.5,2.0,94.5,3.1,4.0,Y,37,Y,1.42,0.0229,76,,,,,,synthetic_rule_physics_model
SCN02338,C039,Grapes,fresh_produce_fruit,chilled,S04,0.2,93.0,S10,24,0.5,0.5,30,81,0.2,3.5,0.98,3.1,4400.0,,M01,LDPE film,40,4375.0,11.25,16,good,Passive MAP (equilibrium),3.5,2.0,94.5,3.4,3.9,Y,43,Y,0.9,0.0146,76,,,,,,synthetic_rule_physics_model
SCN02339,C039,Grapes,fresh_produce_fruit,chilled,S05,6.2,74.0,S10,6,6.2,2.0,15,81,0.2,3.5,0.98,5.0,7810.0,,M18,Micro-perforated LDPE (breathable),30,60000,30,14,good,Passive MAP - micro-perforated,3.5,2.0,94.5,,,Y,16,Y,0.59,0.0072,75,,,,,MAP window not reachable with single film at this temperature/pack; use tuned micro-perforation or ventilated pack,synthetic_rule_physics_model
SCN02340,C039,Grapes,fresh_produce_fruit,chilled,S04,2.9,88.0,S10,48,3.2,1.0,22,81,0.2,3.5,0.98,3.9,5831.0,,M18,Micro-perforated LDPE (breathable),30,60000,30,14,good,Passive MAP - micro-perforated,3.5,2.0,94.5,,,Y,22,Y,0.75,0.0091,75,,,,,MAP window not reachable with single film at this temperature/pack; use tuned micro-perforation or ventilated pack,synthetic_rule_physics_model
SCN02341,C040,Orange (sweet),fresh_produce_fruit,chilled,S05,5.9,89.0,S10,6,5.9,1.0,32,87,0.1,3.8,0.99,5.4,8797.0,,M18,Micro-perforated LDPE (breathable),30,60000,30,14,good,Passive MAP - micro-perforated,7.5,2.5,90.0,,,Y,38,Y,0.75,0.0091,75,,,,,MAP window not reachable with single film at this temperature/pack; use tuned micro-perforation or ventilated pack,synthetic_rule_physics_model
SCN02342,C040,Orange (sweet),fresh_produce_fruit,chilled,S04,3.6,91.0,S10,48,3.8,0.25,32,87,0.1,3.8,0.99,4.5,5329.0,,M01,LDPE film,35,5000.0,12.86,16,good,Passive MAP (equilibrium),7.5,2.5,90.0,6.6,3.2,Y,89,Y,0.99,0.016,76,,,,,,synthetic_rule_physics_model
SCN02343,C040,Orange (sweet),fresh_produce_fruit,chilled,S04,3.7,88.0,S10,24,3.5,1.0,21,87,0.1,3.8,0.99,4.4,8374.0,,M01,LDPE film,25,7000.0,18.0,16,good,Passive MAP (equilibrium),7.5,2.5,90.0,4.8,3.6,Y,75,Y,0.45,0.0072,76,,,,,,synthetic_rule_physics_model
SCN02344,C040,Orange (sweet),fresh_produce_fruit,chilled,S04,2.8,89.0,S10,24,2.7,2.0,42,87,0.1,3.8,0.99,4.1,10356.0,,M18,Micro-perforated LDPE (breathable),30,60000,30,14,good,Passive MAP - micro-perforated,7.5,2.5,90.0,,,Y,49,Y,0.59,0.0072,75,,,,,MAP window not reachable with single film at this temperature/pack; use tuned micro-perforation or ventilated pack,synthetic_rule_physics_model
SCN02345,C040,Orange (sweet),fresh_produce_fruit,ambient,S02,34.6,80.0,S09,24,34.6,0.5,21,87,0.1,3.8,0.99,58.7,15294.0,,M18,Micro-perforated LDPE (breathable),30,60000,30,14,good,Passive MAP - micro-perforated,7.5,2.5,90.0,,,Y,3,N,0.94,0.0114,75,,,,,MAP window not reachable with single film at this temperature/pack; use tuned micro-perforation or ventilated pack,synthetic_rule_physics_model
SCN02346,C040,Orange (sweet),fresh_produce_fruit,ambient,S02,32.6,95.0,S10,6,32.4,2.0,63,87,0.1,3.8,0.99,49.2,22567.0,,M18,Micro-perforated LDPE (breathable),30,60000,30,14,good,Passive MAP - micro-perforated,7.5,2.5,90.0,,,Y,4,N,0.59,0.0072,75,,,,,MAP window not reachable with single film at this temperature/pack; use tuned micro-perforation or ventilated pack,synthetic_rule_physics_model
SCN02347,C040,Orange (sweet),fresh_produce_fruit,chilled,S04,0.2,89.0,S10,48,0.4,2.0,42,87,0.1,3.8,0.99,3.4,9901.0,,M18,Micro-perforated LDPE (breathable),30,60000,30,14,good,Passive MAP - micro-perforated,7.5,2.5,90.0,,,Y,63,Y,0.59,0.0072,75,,,,,MAP window not reachable with single film at this temperature/pack; use tuned micro-perforation or ventilated pack,synthetic_rule_physics_model
SCN02348,C040,Orange (sweet),fresh_produce_fruit,chilled,S04,1.5,88.0,S09,48,4.0,0.5,32,87,0.1,3.8,0.99,4.6,6723.0,,M01,LDPE film,30,5833.3,15.0,16,good,Passive MAP (equilibrium),7.5,2.5,90.0,5.4,3.5,Y,95,Y,0.68,0.0109,76,,,,,,synthetic_rule_physics_model
SCN02349,C040,Orange (sweet),fresh_produce_fruit,chilled,S05,4.9,73.0,S10,24,4.9,0.25,63,87,0.1,3.8,0.99,5.0,5455.0,,M01,LDPE film,35,5000.0,12.86,16,good,Passive MAP (equilibrium),7.5,2.5,90.0,6.3,3.3,Y,85,Y,0.99,0.016,76,,,,,,synthetic_rule_physics_model
SCN02350,C040,Orange (sweet),fresh_produce_fruit,chilled,S04,3.9,94.0,S10,24,3.9,0.5,42,87,0.1,3.8,0.99,4.5,6704.0,,M01,LDPE film,30,5833.3,15.0,16,good,Passive MAP (equilibrium),7.5,2.5,90.0,5.5,3.4,Y,89,Y,0.68,0.0109,76,,,,,,synthetic_rule_physics_model
SCN02351,C040,Orange (sweet),fresh_produce_fruit,ambient,S02,32.8,91.0,S10,24,32.0,0.5,32,87,0.1,3.8,0.99,47.2,14068.0,,M18,Micro-perforated LDPE (breathable),30,60000,30,14,good,Passive MAP - micro-perforated,7.5,2.5,90.0,,,Y,3,N,0.94,0.0114,75,,,,,MAP window not reachable with single film at this temperature/pack; use tuned micro-perforation or ventilated pack,synthetic_rule_physics_model
SCN02352,C040,Orange (sweet),fresh_produce_fruit,ambient,S01,28.8,62.0,S10,48,28.0,2.0,63,87,0.1,3.8,0.99,34.1,19683.0,,M18,Micro-perforated LDPE (breathable),30,60000,30,14,good,Passive MAP - micro-perforated,7.5,2.5,90.0,,,Y,5,N,0.59,0.0072,75,,,,,MAP window not reachable with single film at this temperature/pack; use tuned micro-perforation or ventilated pack,synthetic_rule_physics_model
SCN02353,C040,Orange (sweet),fresh_produce_fruit,chilled,S04,1.2,87.0,S10,6,1.2,1.0,84,87,0.1,3.8,0.99,3.6,7992.0,,M01,LDPE film,25,7000.0,18.0,16,good,Passive MAP (equilibrium),7.5,2.5,90.0,5.6,3.4,Y,129,Y,0.45,0.0072,76,,,,,,synthetic_rule_physics_model
SCN02354,C040,Orange (sweet),fresh_produce_fruit,chilled,S04,0.8,90.0,S10,6,0.8,0.25,32,87,0.1,3.8,0.99,3.5,5023.0,,M01,LDPE film,35,5000.0,12.86,16,good,Passive MAP (equilibrium),7.5,2.5,90.0,7.4,3.0,Y,122,Y,0.99,0.016,76,,,,,,synthetic_rule_physics_model
SCN02355,C040,Orange (sweet),fresh_produce_fruit,ambient,S02,30.3,76.0,S09,48,30.7,2.0,32,87,0.1,3.8,0.99,42.6,21381.0,,M18,Micro-perforated LDPE (breathable),30,60000,30,14,good,Passive MAP - micro-perforated,7.5,2.5,90.0,,,Y,4,N,0.59,0.0072,75,,,,,MAP window not reachable with single film at this temperature/pack; use tuned micro-perforation or ventilated pack,synthetic_rule_physics_model
SCN02356,C040,Orange (sweet),fresh_produce_fruit,ambient,S01,31.3,64.0,S10,24,30.1,0.5,21,87,0.1,3.8,0.99,40.4,13264.0,,M18,Micro-perforated LDPE (breathable),30,60000,30,14,good,Passive MAP - micro-perforated,7.5,2.5,90.0,,,Y,4,N,0.94,0.0114,75,,,,,MAP window not reachable with single film at this temperature/pack; use tuned micro-perforation or ventilated pack,synthetic_rule_physics_model
SCN02357,C040,Orange (sweet),fresh_produce_fruit,chilled,S04,0.5,87.0,S09,24,0.9,0.5,84,87,0.1,3.8,0.99,3.5,6317.0,,M01,LDPE film,30,5833.3,15.0,16,good,Passive MAP (equilibrium),7.5,2.5,90.0,6.4,3.2,Y,116,Y,0.68,0.0109,76,,,,,,synthetic_rule_physics_model
SCN02358,C040,Orange (sweet),fresh_produce_fruit,chilled,S04,2.4,90.0,S10,6,2.4,2.0,42,87,0.1,3.8,0.99,4.0,10284.0,,M18,Micro-perforated LDPE (breathable),30,60000,30,14,good,Passive MAP - micro-perforated,7.5,2.5,90.0,,,Y,53,Y,0.59,0.0072,75,,,,,MAP window not reachable with single film at this temperature/pack; use tuned micro-perforation or ventilated pack,synthetic_rule_physics_model
SCN02359,C040,Orange (sweet),fresh_produce_fruit,ambient,S01,23.6,40.0,S10,48,21.9,0.5,21,87,0.1,3.8,0.99,20.4,10405.0,,M18,Micro-perforated LDPE (breathable),30,60000,30,14,good,Passive MAP - micro-perforated,7.5,2.5,90.0,,,Y,8,N,0.94,0.0114,75,,,,,MAP window not reachable with single film at this temperature/pack; use tuned micro-perforation or ventilated pack,synthetic_rule_physics_model
SCN02360,C040,Orange (sweet),fresh_produce_fruit,chilled,S04,1.3,87.0,S10,48,1.4,2.0,63,87,0.1,3.8,0.99,3.7,10090.0,,M18,Micro-perforated LDPE (breathable),30,60000,30,14,good,Passive MAP - micro-perforated,7.5,2.5,90.0,,,Y,59,N,0.59,0.0072,75,,,,,MAP window not reachable with single film at this temperature/pack; use tuned micro-perforation or ventilated pack,synthetic_rule_physics_model
SCN02361,C040,Orange (sweet),fresh_produce_fruit,ambient,S02,32.5,87.0,S10,24,31.9,0.25,42,87,0.1,3.8,0.99,46.9,11160.0,,M18,Micro-perforated LDPE (breathable),30,60000,30,14,good,Passive MAP - micro-perforated,7.5,2.5,90.0,,,Y,4,N,1.18,0.0144,75,,,,,MAP window not reachable with single film at this temperature/pack; use tuned micro-perforation or ventilated pack,synthetic_rule_physics_model
SCN02362,C040,Orange (sweet),fresh_produce_fruit,chilled,S05,7.4,72.0,S10,48,7.2,0.25,63,87,0.1,3.8,0.99,6.0,5731.0,,M01,LDPE film,35,5000.0,12.86,16,good,Passive MAP (equilibrium),7.5,2.5,90.0,5.5,3.4,Y,67,Y,0.99,0.016,76,,,,,,synthetic_rule_physics_model
SCN02363,C040,Orange (sweet),fresh_produce_fruit,chilled,S05,5.9,90.0,S10,24,5.9,1.0,21,87,0.1,3.8,0.99,5.4,8793.0,,M18,Micro-perforated LDPE (breathable),30,60000,30,14,good,Passive MAP - micro-perforated,7.5,2.5,90.0,,,Y,39,Y,0.75,0.0091,75,,,,,MAP window not reachable with single film at this temperature/pack; use tuned micro-perforation or ventilated pack,synthetic_rule_physics_model
SCN02364,C040,Orange (sweet),fresh_produce_fruit,chilled,S04,3.8,90.0,S10,48,3.5,0.5,21,87,0.1,3.8,0.99,4.4,6659.0,,M01,LDPE film,30,5833.3,15.0,16,good,Passive MAP (equilibrium),7.5,2.5,90.0,5.6,3.4,Y,98,Y,0.68,0.0109,76,,,,,,synthetic_rule_physics_model
SCN02365,C040,Orange (sweet),fresh_produce_fruit,chilled,S04,1.6,85.0,S10,24,1.7,0.5,21,87,0.1,3.8,0.99,3.8,6424.0,,M01,LDPE film,30,5833.3,15.0,16,good,Passive MAP (equilibrium),7.5,2.5,90.0,6.1,3.3,Y,120,Y,0.68,0.0109,76,,,,,,synthetic_rule_physics_model
SCN02366,C040,Orange (sweet),fresh_produce_fruit,ambient,S02,30.8,80.0,S10,6,30.5,0.5,21,87,0.1,3.8,0.99,41.8,13430.0,,M18,Micro-perforated LDPE (breathable),30,60000,30,14,good,Passive MAP - micro-perforated,7.5,2.5,90.0,,,Y,4,N,0.94,0.0114,75,,,,,MAP window not reachable with single film at this temperature/pack; use tuned micro-perforation or ventilated pack,synthetic_rule_physics_model
SCN02367,C040,Orange (sweet),fresh_produce_fruit,ambient,S01,27.0,58.0,S10,24,26.3,0.5,32,87,0.1,3.8,0.99,29.5,11823.0,,M18,Micro-perforated LDPE (breathable),30,60000,30,14,good,Passive MAP - micro-perforated,7.5,2.5,90.0,,,Y,6,N,0.94,0.0114,75,,,,,MAP window not reachable with single film at this temperature/pack; use tuned micro-perforation or ventilated pack,synthetic_rule_physics_model
SCN02368,C040,Orange (sweet),fresh_produce_fruit,chilled,S04,1.2,87.0,S10,24,1.3,1.0,63,87,0.1,3.8,0.99,3.7,8007.0,,M01,LDPE film,25,7000.0,18.0,16,good,Passive MAP (equilibrium),7.5,2.5,90.0,5.6,3.4,Y,118,Y,0.45,0.0072,76,,,,,,synthetic_rule_physics_model
SCN02369,C040,Orange (sweet),fresh_produce_fruit,chilled,S04,1.7,89.0,S09,24,2.7,0.5,32,87,0.1,3.8,0.99,4.1,6545.0,,M01,LDPE film,30,5833.3,15.0,16,good,Passive MAP (equilibrium),7.5,2.5,90.0,5.9,3.4,Y,104,Y,0.68,0.0109,76,,,,,,synthetic_rule_physics_model
SCN02370,C040,Orange (sweet),fresh_produce_fruit,ambient,S02,35.4,93.0,S10,48,32.4,1.0,21,87,0.1,3.8,0.99,48.9,17913.0,,M18,Micro-perforated LDPE (breathable),30,60000,30,14,good,Passive MAP - micro-perforated,7.5,2.5,90.0,,,Y,4,N,0.75,0.0091,75,,,,,MAP window not reachable with single film at this temperature/pack; use tuned micro-perforation or ventilated pack,synthetic_rule_physics_model
SCN02371,C040,Orange (sweet),fresh_produce_fruit,chilled,S04,3.7,91.0,S09,48,5.4,2.0,32,87,0.1,3.8,0.99,5.2,10939.0,,M18,Micro-perforated LDPE (breathable),30,60000,30,14,good,Passive MAP - micro-perforated,7.5,2.5,90.0,,,Y,41,Y,0.59,0.0072,75,,,,,MAP window not reachable with single film at this temperature/pack; use tuned micro-perforation or ventilated pack,synthetic_rule_physics_model
SCN02372,C040,Orange (sweet),fresh_produce_fruit,chilled,S04,2.2,88.0,S10,48,2.2,1.0,21,87,0.1,3.8,0.99,4.0,8156.0,,M01,LDPE film,25,7000.0,18.0,16,good,Passive MAP (equilibrium),7.5,2.5,90.0,5.3,3.5,Y,110,Y,0.45,0.0072,76,,,,,,synthetic_rule_physics_model
SCN02373,C040,Orange (sweet),fresh_produce_fruit,chilled,S04,0.0,88.0,S10,24,0.1,0.25,42,87,0.1,3.8,0.99,3.3,4957.0,,M01,LDPE film,40,4375.0,11.25,16,good,Passive MAP (equilibrium),7.5,2.5,90.0,5.7,3.4,Y,120,Y,1.13,0.0183,76,,,,,,synthetic_rule_physics_model
SCN02374,C040,Orange (sweet),fresh_produce_fruit,chilled,S04,2.9,91.0,S10,6,2.9,0.25,63,87,0.1,3.8,0.99,4.2,5227.0,,M01,LDPE film,35,5000.0,12.86,16,good,Passive MAP (equilibrium),7.5,2.5,90.0,6.9,3.1,Y,98,Y,0.99,0.016,76,,,,,,synthetic_rule_physics_model
SCN02375,C040,Orange (sweet),fresh_produce_fruit,chilled,S04,1.1,91.0,S09,24,2.0,1.0,42,87,0.1,3.8,0.99,3.9,8123.0,,M01,LDPE film,25,7000.0,18.0,16,good,Passive MAP (equilibrium),7.5,2.5,90.0,5.3,3.5,Y,104,Y,0.45,0.0072,76,,,,,,synthetic_rule_physics_model
SCN02376,C040,Orange (sweet),fresh_produce_fruit,chilled,S04,1.1,85.0,S09,6,1.4,0.5,32,87,0.1,3.8,0.99,3.7,6379.0,,M01,LDPE film,30,5833.3,15.0,16,good,Passive MAP (equilibrium),7.5,2.5,90.0,6.2,3.3,Y,117,Y,0.68,0.0109,76,,,,,,synthetic_rule_physics_model
SCN02377,C040,Orange (sweet),fresh_produce_fruit,chilled,S04,1.5,93.0,S09,48,3.8,0.25,32,87,0.1,3.8,0.99,4.5,5325.0,,M01,LDPE film,35,5000.0,12.86,16,good,Passive MAP (equilibrium),7.5,2.5,90.0,6.6,3.2,Y,93,Y,0.99,0.016,76,,,,,,synthetic_rule_physics_model
SCN02378,C040,Orange (sweet),fresh_produce_fruit,chilled,S04,3.3,91.0,S10,48,3.2,0.25,63,87,0.1,3.8,0.99,4.3,5268.0,,M01,LDPE film,35,5000.0,12.86,16,good,Passive MAP (equilibrium),7.5,2.5,90.0,6.8,3.2,Y,96,Y,0.99,0.016,76,,,,,,synthetic_rule_physics_model
SCN02379,C040,Orange (sweet),fresh_produce_fruit,chilled,S04,2.4,88.0,S09,6,2.5,2.0,84,87,0.1,3.8,0.99,4.1,10310.0,,M18,Micro-perforated LDPE (breathable),30,60000,30,14,good,Passive MAP - micro-perforated,7.5,2.5,90.0,,,Y,52,N,0.59,0.0072,75,,,,,MAP window not reachable with single film at this temperature/pack; use tuned micro-perforation or ventilated pack,synthetic_rule_physics_model
SCN02380,C040,Orange (sweet),fresh_produce_fruit,ambient,S02,33.8,82.0,S10,24,33.4,0.5,84,87,0.1,3.8,0.99,53.2,14724.0,,M18,Micro-perforated LDPE (breathable),30,60000,30,14,good,Passive MAP - micro-perforated,7.5,2.5,90.0,,,Y,3,N,0.94,0.0114,75,,,,,MAP window not reachable with single film at this temperature/pack; use tuned micro-perforation or ventilated pack,synthetic_rule_physics_model
SCN02381,C040,Orange (sweet),fresh_produce_fruit,chilled,S05,5.5,71.0,S09,48,6.2,0.25,84,87,0.1,3.8,0.99,5.5,5601.0,,M01,LDPE film,35,5000.0,12.86,16,good,Passive MAP (equilibrium),7.5,2.5,90.0,5.9,3.4,Y,81,N,0.99,0.016,76,,,,,,synthetic_rule_physics_model
SCN02382,C040,Orange (sweet),fresh_produce_fruit,ambient,S02,32.5,95.0,S10,48,31.7,0.25,84,87,0.1,3.8,0.99,46.3,11107.0,,M18,Micro-perforated LDPE (breathable),30,60000,30,14,good,Passive MAP - micro-perforated,7.5,2.5,90.0,,,Y,3,N,1.18,0.0144,75,,,,,MAP window not reachable with single film at this temperature/pack; use tuned micro-perforation or ventilated pack,synthetic_rule_physics_model
SCN02383,C040,Orange (sweet),fresh_produce_fruit,ambient,S01,28.3,62.0,S10,48,26.7,0.25,32,87,0.1,3.8,0.99,30.4,9508.0,,M18,Micro-perforated LDPE (breathable),30,60000,30,14,good,Passive MAP - micro-perforated,7.5,2.5,90.0,,,Y,6,N,1.18,0.0144,75,,,,,MAP window not reachable with single film at this temperature/pack; use tuned micro-perforation or ventilated pack,synthetic_rule_physics_model
SCN02384,C040,Orange (sweet),fresh_produce_fruit,ambient,S02,29.2,83.0,S10,24,28.8,1.0,84,87,0.1,3.8,0.99,36.4,16050.0,,M18,Micro-perforated LDPE (breathable),30,60000,30,14,good,Passive MAP - micro-perforated,7.5,2.5,90.0,,,Y,5,N,0.75,0.0091,75,,,,,MAP window not reachable with single film at this temperature/pack; use tuned micro-perforation or ventilated pack,synthetic_rule_physics_model
SCN02385,C040,Orange (sweet),fresh_produce_fruit,ambient,S01,22.9,56.0,S10,24,22.5,0.25,42,87,0.1,3.8,0.99,21.4,8422.0,,M01,LDPE film,25,7000.0,18.0,16,good,Passive MAP (equilibrium),7.5,2.5,90.0,4.8,3.6,Y,13,N,0.71,0.0114,76,,,,,,synthetic_rule_physics_model
SCN02386,C040,Orange (sweet),fresh_produce_fruit,ambient,S01,28.1,44.0,S10,24,26.8,2.0,21,87,0.1,3.8,0.99,30.8,18976.0,,M18,Micro-perforated LDPE (breathable),30,60000,30,14,good,Passive MAP - micro-perforated,7.5,2.5,90.0,,,Y,6,N,0.59,0.0072,75,,,,,MAP window not reachable with single film at this temperature/pack; use tuned micro-perforation or ventilated pack,synthetic_rule_physics_model
SCN02387,C040,Orange (sweet),fresh_produce_fruit,ambient,S01,23.6,58.0,S09,6,23.6,0.5,32,87,0.1,3.8,0.99,23.5,10923.0,,M18,Micro-perforated LDPE (breathable),30,60000,30,14,good,Passive MAP - micro-perforated,7.5,2.5,90.0,,,Y,8,N,0.94,0.0114,75,,,,,MAP window not reachable with single film at this temperature/pack; use tuned micro-perforation or ventilated pack,synthetic_rule_physics_model
SCN02388,C040,Orange (sweet),fresh_produce_fruit,chilled,S04,0.3,89.0,S10,48,0.5,1.0,32,87,0.1,3.8,0.99,3.5,7892.0,,M01,LDPE film,25,7000.0,18.0,16,good,Passive MAP (equilibrium),7.5,2.5,90.0,5.8,3.4,Y,125,Y,0.45,0.0072,76,,,,,,synthetic_rule_physics_model
SCN02389,C040,Orange (sweet),fresh_produce_fruit,chilled,S04,1.5,89.0,S09,24,1.9,1.0,84,87,0.1,3.8,0.99,3.9,8096.0,,M01,LDPE film,25,7000.0,18.0,16,good,Passive MAP (equilibrium),7.5,2.5,90.0,5.4,3.5,Y,121,Y,0.45,0.0072,76,,,,,,synthetic_rule_physics_model
SCN02390,C040,Orange (sweet),fresh_produce_fruit,ambient,S02,30.9,95.0,S10,6,30.6,1.0,21,87,0.1,3.8,0.99,42.1,16929.0,,M18,Micro-perforated LDPE (breathable),30,60000,30,14,good,Passive MAP - micro-perforated,7.5,2.5,90.0,,,Y,4,N,0.75,0.0091,75,,,,,MAP window not reachable with single film at this temperature/pack; use tuned micro-perforation or ventilated pack,synthetic_rule_physics_model
SCN02391,C040,Orange (sweet),fresh_produce_fruit,ambient,S02,28.0,93.0,S10,6,27.9,0.25,63,87,0.1,3.8,0.99,33.8,9881.0,,M18,Micro-perforated LDPE (breathable),30,60000,30,14,good,Passive MAP - micro-perforated,7.5,2.5,90.0,,,Y,5,N,1.18,0.0144,75,,,,,MAP window not reachable with single film at this temperature/pack; use tuned micro-perforation or ventilated pack,synthetic_rule_physics_model
SCN02392,C040,Orange (sweet),fresh_produce_fruit,chilled,S04,1.6,89.0,S10,24,1.6,0.25,63,87,0.1,3.8,0.99,3.8,5094.0,,M01,LDPE film,35,5000.0,12.86,16,good,Passive MAP (equilibrium),7.5,2.5,90.0,7.2,3.1,Y,118,Y,0.99,0.016,76,,,,,,synthetic_rule_physics_model
SCN02393,C040,Orange (sweet),fresh_produce_fruit,chilled,S05,3.1,74.0,S10,48,2.9,0.5,21,87,0.1,3.8,0.99,4.2,6569.0,,M01,LDPE film,30,5833.3,15.0,16,good,Passive MAP (equilibrium),7.5,2.5,90.0,5.8,3.4,Y,97,Y,0.68,0.0109,76,,,,,,synthetic_rule_physics_model
SCN02394,C040,Orange (sweet),fresh_produce_fruit,chilled,S04,0.1,89.0,S10,24,0.2,0.5,32,87,0.1,3.8,0.99,3.3,6235.0,,M01,LDPE film,30,5833.3,15.0,16,good,Passive MAP (equilibrium),7.5,2.5,90.0,6.6,3.2,Y,126,Y,0.68,0.0109,76,,,,,,synthetic_rule_physics_model
SCN02395,C040,Orange (sweet),fresh_produce_fruit,ambient,S01,24.4,61.0,S10,6,24.2,2.0,21,87,0.1,3.8,0.99,24.7,17567.0,,M18,Micro-perforated LDPE (breathable),30,60000,30,14,good,Passive MAP - micro-perforated,7.5,2.5,90.0,,,Y,7,N,0.59,0.0072,75,,,,,MAP window not reachable with single film at this temperature/pack; use tuned micro-perforation or ventilated pack,synthetic_rule_physics_model
SCN02396,C040,Orange (sweet),fresh_produce_fruit,chilled,S05,5.7,71.0,S09,48,7.0,2.0,42,87,0.1,3.8,0.99,5.9,11318.0,,M18,Micro-perforated LDPE (breathable),30,60000,30,14,good,Passive MAP - micro-perforated,7.5,2.5,90.0,,,Y,34,N,0.59,0.0072,75,,,,,MAP window not reachable with single film at this temperature/pack; use tuned micro-perforation or ventilated pack,synthetic_rule_physics_model
SCN02397,C040,Orange (sweet),fresh_produce_fruit,ambient,S02,32.7,78.0,S10,24,32.1,1.0,42,87,0.1,3.8,0.99,47.7,17752.0,,M18,Micro-perforated LDPE (breathable),30,60000,30,14,good,Passive MAP - micro-perforated,7.5,2.5,90.0,,,Y,4,N,0.75,0.0091,75,,,,,MAP window not reachable with single film at this temperature/pack; use tuned micro-perforation or ventilated pack,synthetic_rule_physics_model
SCN02398,C040,Orange (sweet),fresh_produce_fruit,chilled,S04,0.4,91.0,S10,48,0.4,2.0,42,87,0.1,3.8,0.99,3.4,9891.0,,M18,Micro-perforated LDPE (breathable),30,60000,30,14,good,Passive MAP - micro-perforated,7.5,2.5,90.0,,,Y,62,Y,0.59,0.0072,75,,,,,MAP window not reachable with single film at this temperature/pack; use tuned micro-perforation or ventilated pack,synthetic_rule_physics_model
SCN02399,C040,Orange (sweet),fresh_produce_fruit,ambient,S02,34.8,90.0,S10,48,34.0,0.5,84,87,0.1,3.8,0.99,56.0,15019.0,,M18,Micro-perforated LDPE (breathable),30,60000,30,14,good,Passive MAP - micro-perforated,7.5,2.5,90.0,,,Y,3,N,0.94,0.0114,75,,,,,MAP window not reachable with single film at this temperature/pack; use tuned micro-perforation or ventilated pack,synthetic_rule_physics_model
SCN02400,C040,Orange (sweet),fresh_produce_fruit,chilled,S04,0.5,91.0,S10,6,0.6,2.0,21,87,0.1,3.8,0.99,3.5,9922.0,,M18,Micro-perforated LDPE (breathable),30,60000,30,14,good,Passive MAP - micro-perforated,7.5,2.5,90.0,,,Y,66,Y,0.59,0.0072,75,,,,,MAP window not reachable with single film at this temperature/pack; use tuned micro-perforation or ventilated pack,synthetic_rule_physics_model
SCN02401,C041,Pomegranate,fresh_produce_fruit,ambient,S01,30.1,48.0,S10,48,29.5,1.0,90,78,1.2,3.5,0.99,46.2,15602.0,,M18,Micro-perforated LDPE (breathable),30,60000,30,14,good,Passive MAP - micro-perforated,4.0,8.0,88.0,,,Y,6,N,0.75,0.0091,75,,,,,MAP window not reachable with single film at this temperature/pack; use tuned micro-perforation or ventilated pack,synthetic_rule_physics_model
SCN02402,C041,Pomegranate,fresh_produce_fruit,chilled,S04,1.7,94.0,S10,48,1.7,0.25,60,78,1.2,3.5,0.99,4.6,4865.0,,M18,Micro-perforated LDPE (breathable),30,60000,30,14,good,Passive MAP - micro-perforated,4.0,8.0,88.0,,,Y,80,Y,1.18,0.0144,75,,,,,MAP window not reachable with single film at this temperature/pack; use tuned micro-perforation or ventilated pack,synthetic_rule_physics_model
SCN02403,C041,Pomegranate,fresh_produce_fruit,ambient,S02,33.4,76.0,S10,24,33.1,0.25,90,78,1.2,3.5,0.99,62.5,11071.0,,M18,Micro-perforated LDPE (breathable),30,60000,30,14,good,Passive MAP - micro-perforated,4.0,8.0,88.0,,,Y,5,N,1.18,0.0144,75,,,,,MAP window not reachable with single film at this temperature/pack; use tuned micro-perforation or ventilated pack,synthetic_rule_physics_model
SCN02404,C041,Pomegranate,fresh_produce_fruit,ambient,S01,23.8,41.0,S10,6,23.7,1.0,45,78,1.2,3.5,0.99,28.4,13127.0,,M18,Micro-perforated LDPE (breathable),30,60000,30,14,good,Passive MAP - micro-perforated,4.0,8.0,88.0,,,Y,11,N,0.75,0.0091,75,,,,,MAP window not reachable with single film at this temperature/pack; use tuned micro-perforation or ventilated pack,synthetic_rule_physics_model
SCN02405,C041,Pomegranate,fresh_produce_fruit,chilled,S04,1.3,89.0,S10,6,1.3,1.0,60,78,1.2,3.5,0.99,4.4,7634.0,,M18,Micro-perforated LDPE (breathable),30,60000,30,14,good,Passive MAP - micro-perforated,4.0,8.0,88.0,,,Y,85,Y,0.75,0.0091,75,,,,,MAP window not reachable with single film at this temperature/pack; use tuned micro-perforation or ventilated pack,synthetic_rule_physics_model
SCN02406,C041,Pomegranate,fresh_produce_fruit,chilled,S04,3.2,92.0,S09,48,4.2,0.25,60,78,1.2,3.5,0.99,5.6,5123.0,,M01,LDPE film,35,5000.0,12.86,16,good,Passive MAP (equilibrium),4.0,8.0,88.0,3.6,3.9,Y,122,Y,0.99,0.016,76,,,,,,synthetic_rule_physics_model
SCN02407,C041,Pomegranate,fresh_produce_fruit,ambient,S01,29.1,63.0,S10,48,28.3,2.0,60,78,1.2,3.5,0.99,41.7,18893.0,,M18,Micro-perforated LDPE (breathable),30,60000,30,14,good,Passive MAP - micro-perforated,4.0,8.0,88.0,,,Y,7,N,0.59,0.0072,75,,,,,MAP window not reachable with single film at this temperature/pack; use tuned micro-perforation or ventilated pack,synthetic_rule_physics_model
SCN02408,C041,Pomegranate,fresh_produce_fruit,chilled,S04,0.9,88.0,S09,48,2.0,0.5,60,78,1.2,3.5,0.99,4.7,6151.0,,M01,LDPE film,30,5833.3,15.0,16,good,Passive MAP (equilibrium),4.0,8.0,88.0,3.1,4.0,Y,154,Y,0.68,0.0109,76,,,,,,synthetic_rule_physics_model
SCN02409,C041,Pomegranate,fresh_produce_fruit,ambient,S01,25.5,54.0,S10,6,25.4,0.25,45,78,1.2,3.5,0.99,32.8,8733.0,,M18,Micro-perforated LDPE (breathable),30,60000,30,14,good,Passive MAP - micro-perforated,4.0,8.0,88.0,,,Y,9,N,1.18,0.0144,75,,,,,MAP window not reachable with single film at this temperature/pack; use tuned micro-perforation or ventilated pack,synthetic_rule_physics_model
SCN02410,C041,Pomegranate,fresh_produce_fruit,ambient,S02,33.6,92.0,S09,6,33.5,1.0,45,78,1.2,3.5,0.99,64.5,17704.0,,M18,Micro-perforated LDPE (breathable),30,60000,30,14,good,Passive MAP - micro-perforated,4.0,8.0,88.0,,,Y,4,N,0.75,0.0091,75,,,,,MAP window not reachable with single film at this temperature/pack; use tuned micro-perforation or ventilated pack,synthetic_rule_physics_model
SCN02411,C041,Pomegranate,fresh_produce_fruit,chilled,S04,0.1,89.0,S10,48,0.1,0.5,120,78,1.2,3.5,0.99,4.0,5936.0,,M01,LDPE film,30,5833.3,15.0,16,good,Passive MAP (equilibrium),4.0,8.0,88.0,3.7,3.8,Y,177,Y,0.68,0.0109,76,,,,,,synthetic_rule_physics_model
SCN02412,C041,Pomegranate,fresh_produce_fruit,chilled,S04,3.1,86.0,S10,6,3.2,1.0,60,78,1.2,3.5,0.99,5.1,7917.0,,M18,Micro-perforated LDPE (breathable),30,60000,30,14,good,Passive MAP - micro-perforated,4.0,8.0,88.0,,,Y,72,Y,0.75,0.0091,75,,,,,MAP window not reachable with single film at this temperature/pack; use tuned micro-perforation or ventilated pack,synthetic_rule_physics_model
SCN02413,C041,Pomegranate,fresh_produce_fruit,chilled,S04,1.0,87.0,S10,48,1.1,2.0,90,78,1.2,3.5,0.99,4.3,9551.0,,M18,Micro-perforated LDPE (breathable),30,60000,30,14,good,Passive MAP - micro-perforated,4.0,8.0,88.0,,,Y,90,Y,0.59,0.0072,75,,,,,MAP window not reachable with single film at this temperature/pack; use tuned micro-perforation or ventilated pack,synthetic_rule_physics_model
SCN02414,C041,Pomegranate,fresh_produce_fruit,ambient,S02,33.2,80.0,S10,48,32.1,0.5,45,78,1.2,3.5,0.99,57.2,13451.0,,M18,Micro-perforated LDPE (breathable),30,60000,30,14,good,Passive MAP - micro-perforated,4.0,8.0,88.0,,,Y,5,N,0.94,0.0114,75,,,,,MAP window not reachable with single film at this temperature/pack; use tuned micro-perforation or ventilated pack,synthetic_rule_physics_model
SCN02415,C041,Pomegranate,fresh_produce_fruit,chilled,S04,0.5,92.0,S10,24,0.6,0.25,30,78,1.2,3.5,0.99,4.1,4760.0,,M01,LDPE film,40,4375.0,11.25,16,good,Passive MAP (equilibrium),4.0,8.0,88.0,2.5,4.1,Y,134,Y,1.13,0.0183,76,,,,,,synthetic_rule_physics_model
SCN02416,C041,Pomegranate,fresh_produce_fruit,chilled,S05,4.1,86.0,S10,24,4.1,0.5,60,78,1.2,3.5,0.99,5.6,6422.0,,M18,Micro-perforated LDPE (breathable),30,60000,30,14,good,Passive MAP - micro-perforated,4.0,8.0,88.0,,,Y,63,Y,0.94,0.0114,75,,,,,MAP window not reachable with single film at this temperature/pack; use tuned micro-perforation or ventilated pack,synthetic_rule_physics_model
SCN02417,C041,Pomegranate,fresh_produce_fruit,chilled,S05,7.4,70.0,S10,24,7.3,1.0,30,78,1.2,3.5,0.99,7.3,8641.0,,M18,Micro-perforated LDPE (breathable),30,60000,30,14,good,Passive MAP - micro-perforated,4.0,8.0,88.0,,,Y,46,Y,0.75,0.0091,75,,,,,MAP window not reachable with single film at this temperature/pack; use tuned micro-perforation or ventilated pack,synthetic_rule_physics_model
SCN02418,C041,Pomegranate,fresh_produce_fruit,ambient,S01,28.3,43.0,S10,24,27.9,2.0,60,78,1.2,3.5,0.99,40.5,18699.0,,M18,Micro-perforated LDPE (breathable),30,60000,30,14,good,Passive MAP - micro-perforated,4.0,8.0,88.0,,,Y,7,N,0.59,0.0072,75,,,,,MAP window not reachable with single film at this temperature/pack; use tuned micro-perforation or ventilated pack,synthetic_rule_physics_model
SCN02419,C041,Pomegranate,fresh_produce_fruit,chilled,S04,2.2,87.0,S10,6,2.2,2.0,60,78,1.2,3.5,0.99,4.8,9766.0,,M18,Micro-perforated LDPE (breathable),30,60000,30,14,good,Passive MAP - micro-perforated,4.0,8.0,88.0,,,Y,76,Y,0.59,0.0072,75,,,,,MAP window not reachable with single film at this temperature/pack; use tuned micro-perforation or ventilated pack,synthetic_rule_physics_model
SCN02420,C041,Pomegranate,fresh_produce_fruit,chilled,S04,0.6,93.0,S10,24,0.7,0.5,45,78,1.2,3.5,0.99,4.2,6002.0,,M01,LDPE film,30,5833.3,15.0,16,good,Passive MAP (equilibrium),4.0,8.0,88.0,3.5,3.9,Y,170,Y,0.68,0.0109,76,,,,,,synthetic_rule_physics_model
SCN02421,C041,Pomegranate,fresh_produce_fruit,chilled,S04,0.3,94.0,S10,24,0.4,2.0,90,78,1.2,3.5,0.99,4.1,9424.0,,M18,Micro-perforated LDPE (breathable),30,60000,30,14,good,Passive MAP - micro-perforated,4.0,8.0,88.0,,,Y,91,Y,0.59,0.0072,75,,,,,MAP window not reachable with single film at this temperature/pack; use tuned micro-perforation or ventilated pack,synthetic_rule_physics_model
SCN02422,C041,Pomegranate,fresh_produce_fruit,ambient,S01,20.3,60.0,S10,24,20.0,0.25,45,78,1.2,3.5,0.99,20.9,7490.0,,M01,LDPE film,25,7000.0,18.0,16,good,Passive MAP (equilibrium),4.0,8.0,88.0,2.8,4.0,Y,23,N,0.71,0.0114,76,,,,,,synthetic_rule_physics_model
SCN02423,C041,Pomegranate,fresh_produce_fruit,chilled,S04,2.5,93.0,S10,48,2.5,0.25,90,78,1.2,3.5,0.99,4.9,4944.0,,M18,Micro-perforated LDPE (breathable),30,60000,30,14,good,Passive MAP - micro-perforated,4.0,8.0,88.0,,,Y,73,N,1.18,0.0144,75,,,,,MAP window not reachable with single film at this temperature/pack; use tuned micro-perforation or ventilated pack,synthetic_rule_physics_model
SCN02424,C041,Pomegranate,fresh_produce_fruit,chilled,S04,0.2,94.0,S10,24,0.3,2.0,90,78,1.2,3.5,0.99,4.0,9404.0,,M18,Micro-perforated LDPE (breathable),30,60000,30,14,good,Passive MAP - micro-perforated,4.0,8.0,88.0,,,Y,86,N,0.59,0.0072,75,,,,,MAP window not reachable with single film at this temperature/pack; use tuned micro-perforation or ventilated pack,synthetic_rule_physics_model
SCN02425,C041,Pomegranate,fresh_produce_fruit,chilled,S04,1.5,94.0,S09,6,1.7,0.5,30,78,1.2,3.5,0.99,4.6,6123.0,,M01,LDPE film,30,5833.3,15.0,16,good,Passive MAP (equilibrium),4.0,8.0,88.0,3.2,4.0,Y,161,Y,0.68,0.0109,76,,,,,,synthetic_rule_physics_model
SCN02426,C041,Pomegranate,fresh_produce_fruit,chilled,S04,1.6,93.0,S10,24,1.6,2.0,60,78,1.2,3.5,0.99,4.5,9655.0,,M18,Micro-perforated LDPE (breathable),30,60000,30,14,good,Passive MAP - micro-perforated,4.0,8.0,88.0,,,Y,81,Y,0.59,0.0072,75,,,,,MAP window not reachable with single film at this temperature/pack; use tuned micro-perforation or ventilated pack,synthetic_rule_physics_model
SCN02427,C041,Pomegranate,fresh_produce_fruit,chilled,S04,1.3,90.0,S10,48,1.3,0.5,120,78,1.2,3.5,0.99,4.4,6065.0,,M01,LDPE film,30,5833.3,15.0,16,good,Passive MAP (equilibrium),4.0,8.0,88.0,3.3,3.9,Y,164,Y,0.68,0.0109,76,,,,,,synthetic_rule_physics_model
SCN02428,C041,Pomegranate,fresh_produce_fruit,ambient,S01,28.2,59.0,S09,48,28.4,0.25,60,78,1.2,3.5,0.99,42.3,9563.0,,M18,Micro-perforated LDPE (breathable),30,60000,30,14,good,Passive MAP - micro-perforated,4.0,8.0,88.0,,,Y,7,N,1.18,0.0144,75,,,,,MAP window not reachable with single film at this temperature/pack; use tuned micro-perforation or ventilated pack,synthetic_rule_physics_model
SCN02429,C041,Pomegranate,fresh_produce_fruit,chilled,S04,3.0,94.0,S09,48,3.3,1.0,120,78,1.2,3.5,0.99,5.2,7945.0,,M18,Micro-perforated LDPE (breathable),30,60000,30,14,good,Passive MAP - micro-perforated,4.0,8.0,88.0,,,Y,68,N,0.75,0.0091,75,,,,,MAP window not reachable with single film at this temperature/pack; use tuned micro-perforation or ventilated pack,synthetic_rule_physics_model
SCN02430,C041,Pomegranate,fresh_produce_fruit,ambient,S01,22.5,61.0,S09,6,22.5,0.5,45,78,1.2,3.5,0.99,25.9,10109.0,,M18,Micro-perforated LDPE (breathable),30,60000,30,14,good,Passive MAP - micro-perforated,4.0,8.0,88.0,,,Y,12,N,0.94,0.0114,75,,,,,MAP window not reachable with single film at this temperature/pack; use tuned micro-perforation or ventilated pack,synthetic_rule_physics_model
SCN02431,C041,Pomegranate,fresh_produce_fruit,chilled,S04,1.5,86.0,S10,24,1.6,0.25,30,78,1.2,3.5,0.99,4.5,4859.0,,M18,Micro-perforated LDPE (breathable),30,60000,30,14,good,Passive MAP - micro-perforated,4.0,8.0,88.0,,,Y,73,Y,1.18,0.0144,75,,,,,MAP window not reachable with single film at this temperature/pack; use tuned micro-perforation or ventilated pack,synthetic_rule_physics_model
SCN02432,C041,Pomegranate,fresh_produce_fruit,chilled,S05,5.8,77.0,S10,48,5.6,0.25,45,78,1.2,3.5,0.99,6.3,5267.0,,M01,LDPE film,35,5000.0,12.86,16,good,Passive MAP (equilibrium),4.0,8.0,88.0,3.1,4.0,Y,107,Y,0.99,0.016,76,,,,,,synthetic_rule_physics_model
SCN02433,C041,Pomegranate,fresh_produce_fruit,ambient,S02,35.0,78.0,S10,24,34.7,1.0,90,78,1.2,3.5,0.99,71.0,18378.0,,M18,Micro-perforated LDPE (breathable),30,60000,30,14,good,Passive MAP - micro-perforated,4.0,8.0,88.0,,,Y,4,N,0.75,0.0091,75,,,,,MAP window not reachable with single film at this temperature/pack; use tuned micro-perforation or ventilated pack,synthetic_rule_physics_model
SCN02434,C041,Pomegranate,fresh_produce_fruit,chilled,S04,3.6,91.0,S10,48,3.7,2.0,30,78,1.2,3.5,0.99,5.4,10063.0,,M18,Micro-perforated LDPE (breathable),30,60000,30,14,good,Passive MAP - micro-perforated,4.0,8.0,88.0,,,Y,68,Y,0.59,0.0072,75,,,,,MAP window not reachable with single film at this temperature/pack; use tuned micro-perforation or ventilated pack,synthetic_rule_physics_model
SCN02435,C041,Pomegranate,fresh_produce_fruit,ambient,S02,29.0,84.0,S10,48,28.2,0.25,60,78,1.2,3.5,0.99,41.6,9501.0,,M18,Micro-perforated LDPE (breathable),30,60000,30,14,good,Passive MAP - micro-perforated,4.0,8.0,88.0,,,Y,7,N,1.18,0.0144,75,,,,,MAP window not reachable with single film at this temperature/pack; use tuned micro-perforation or ventilated pack,synthetic_rule_physics_model
SCN02436,C041,Pomegranate,fresh_produce_fruit,chilled,S05,7.2,71.0,S10,48,7.1,0.25,45,78,1.2,3.5,0.99,7.1,5441.0,,M01,LDPE film,35,5000.0,12.86,16,good,Passive MAP (equilibrium),4.0,8.0,88.0,2.5,4.1,Y,74,Y,0.99,0.016,76,,,,,,synthetic_rule_physics_model
SCN02437,C041,Pomegranate,fresh_produce_fruit,chilled,S04,1.2,92.0,S10,6,1.2,1.0,90,78,1.2,3.5,0.99,4.4,7620.0,,M18,Micro-perforated LDPE (breathable),30,60000,30,14,good,Passive MAP - micro-perforated,4.0,8.0,88.0,,,Y,80,N,0.75,0.0091,75,,,,,MAP window not reachable with single film at this temperature/pack; use tuned micro-perforation or ventilated pack,synthetic_rule_physics_model
SCN02438,C041,Pomegranate,fresh_produce_fruit,ambient,S01,23.9,51.0,S10,48,22.9,2.0,45,78,1.2,3.5,0.99,26.7,16148.0,,M18,Micro-perforated LDPE (breathable),30,60000,30,14,good,Passive MAP - micro-perforated,4.0,8.0,88.0,,,Y,10,N,0.59,0.0072,75,,,,,MAP window not reachable with single film at this temperature/pack; use tuned micro-perforation or ventilated pack,synthetic_rule_physics_model
SCN02439,C041,Pomegranate,fresh_produce_fruit,ambient,S02,34.9,84.0,S10,6,34.8,0.25,120,78,1.2,3.5,0.99,71.8,11683.0,,M18,Micro-perforated LDPE (breathable),30,60000,30,14,good,Passive MAP - micro-perforated,4.0,8.0,88.0,,,Y,4,N,1.18,0.0144,75,,,,,MAP window not reachable with single film at this temperature/pack; use tuned micro-perforation or ventilated pack,synthetic_rule_physics_model
SCN02440,C041,Pomegranate,fresh_produce_fruit,chilled,S05,3.7,72.0,S10,24,3.6,2.0,60,78,1.2,3.5,0.99,5.4,10051.0,,M18,Micro-perforated LDPE (breathable),30,60000,30,14,good,Passive MAP - micro-perforated,4.0,8.0,88.0,,,Y,72,Y,0.59,0.0072,75,,,,,MAP window not reachable with single film at this temperature/pack; use tuned micro-perforation or ventilated pack,synthetic_rule_physics_model
SCN02441,C041,Pomegranate,fresh_produce_fruit,ambient,S01,24.9,47.0,S10,24,24.6,2.0,60,78,1.2,3.5,0.99,30.7,16934.0,,M18,Micro-perforated LDPE (breathable),30,60000,30,14,good,Passive MAP - micro-perforated,4.0,8.0,88.0,,,Y,10,N,0.59,0.0072,75,,,,,MAP window not reachable with single film at this temperature/pack; use tuned micro-perforation or ventilated pack,synthetic_rule_physics_model
SCN02442,C041,Pomegranate,fresh_produce_fruit,ambient,S01,24.3,52.0,S10,24,24.1,1.0,90,78,1.2,3.5,0.99,29.5,13291.0,,M18,Micro-perforated LDPE (breathable),30,60000,30,14,good,Passive MAP - micro-perforated,4.0,8.0,88.0,,,Y,10,N,0.75,0.0091,75,,,,,MAP window not reachable with single film at this temperature/pack; use tuned micro-perforation or ventilated pack,synthetic_rule_physics_model
SCN02443,C041,Pomegranate,fresh_produce_fruit,chilled,S04,1.8,90.0,S09,48,3.0,0.5,60,78,1.2,3.5,0.99,5.1,6280.0,,M01,LDPE film,30,5833.3,15.0,16,good,Passive MAP (equilibrium),4.0,8.0,88.0,2.7,4.1,Y,108,Y,0.68,0.0109,76,,,,,,synthetic_rule_physics_model
SCN02444,C041,Pomegranate,fresh_produce_fruit,chilled,S04,0.3,89.0,S10,24,0.3,0.5,60,78,1.2,3.5,0.99,4.1,5954.0,,M01,LDPE film,30,5833.3,15.0,16,good,Passive MAP (equilibrium),4.0,8.0,88.0,3.6,3.9,Y,179,Y,0.68,0.0109,76,,,,,,synthetic_rule_physics_model
SCN02445,C041,Pomegranate,fresh_produce_fruit,chilled,S05,5.4,76.0,S10,48,5.4,0.5,45,78,1.2,3.5,0.99,6.2,6602.0,,M18,Micro-perforated LDPE (breathable),30,60000,30,14,good,Passive MAP - micro-perforated,4.0,8.0,88.0,,,Y,62,Y,0.94,0.0114,75,,,,,MAP window not reachable with single film at this temperature/pack; use tuned micro-perforation or ventilated pack,synthetic_rule_physics_model
SCN02446,C041,Pomegranate,fresh_produce_fruit,chilled,S04,2.1,89.0,S10,6,2.1,1.0,90,78,1.2,3.5,0.99,4.7,7757.0,,M18,Micro-perforated LDPE (breathable),30,60000,30,14,good,Passive MAP - micro-perforated,4.0,8.0,88.0,,,Y,78,N,0.75,0.0091,75,,,,,MAP window not reachable with single film at this temperature/pack; use tuned micro-perforation or ventilated pack,synthetic_rule_physics_model
SCN02447,C041,Pomegranate,fresh_produce_fruit,ambient,S02,31.3,76.0,S10,6,31.1,1.0,45,78,1.2,3.5,0.99,52.9,16413.0,,M18,Micro-perforated LDPE (breathable),30,60000,30,14,good,Passive MAP - micro-perforated,4.0,8.0,88.0,,,Y,5,N,0.75,0.0091,75,,,,,MAP window not reachable with single film at this temperature/pack; use tuned micro-perforation or ventilated pack,synthetic_rule_physics_model
SCN02448,C041,Pomegranate,fresh_produce_fruit,chilled,S05,5.1,73.0,S09,48,5.5,0.25,120,78,1.2,3.5,0.99,6.2,5259.0,,M01,LDPE film,35,5000.0,12.86,16,good,Passive MAP (equilibrium),4.0,8.0,88.0,3.1,4.0,Y,115,N,0.99,0.016,76,,,,,,synthetic_rule_physics_model
SCN02449,C041,Pomegranate,fresh_produce_fruit,ambient,S02,34.2,81.0,S10,24,33.9,0.25,120,78,1.2,3.5,0.99,66.9,11362.0,,M18,Micro-perforated LDPE (breathable),30,60000,30,14,good,Passive MAP - micro-perforated,4.0,8.0,88.0,,,Y,4,N,1.18,0.0144,75,,,,,MAP window not reachable with single film at this temperature/pack; use tuned micro-perforation or ventilated pack,synthetic_rule_physics_model
SCN02450,C041,Pomegranate,fresh_produce_fruit,chilled,S05,7.1,80.0,S10,24,7.1,2.0,45,78,1.2,3.5,0.99,7.2,10820.0,,M18,Micro-perforated LDPE (breathable),30,60000,30,14,good,Passive MAP - micro-perforated,4.0,8.0,88.0,,,Y,49,Y,0.59,0.0072,75,,,,,MAP window not reachable with single film at this temperature/pack; use tuned micro-perforation or ventilated pack,synthetic_rule_physics_model
SCN02451,C041,Pomegranate,fresh_produce_fruit,chilled,S04,0.8,89.0,S10,24,0.8,1.0,30,78,1.2,3.5,0.99,4.2,7559.0,,M01,LDPE film,25,7000.0,18.0,16,good,Passive MAP (equilibrium),4.0,8.0,88.0,2.6,4.1,Y,135,Y,0.45,0.0072,76,,,,,,synthetic_rule_physics_model
SCN02452,C041,Pomegranate,fresh_produce_fruit,chilled,S04,3.0,89.0,S10,24,3.0,0.25,120,78,1.2,3.5,0.99,5.1,4995.0,,M18,Micro-perforated LDPE (breathable),30,60000,30,14,good,Passive MAP - micro-perforated,4.0,8.0,88.0,,,Y,68,N,1.18,0.0144,75,,,,,MAP window not reachable with single film at this temperature/pack; use tuned micro-perforation or ventilated pack,synthetic_rule_physics_model
SCN02453,C041,Pomegranate,fresh_produce_fruit,chilled,S04,1.0,85.0,S10,48,1.3,0.25,45,78,1.2,3.5,0.99,4.4,4825.0,,M18,Micro-perforated LDPE (breathable),30,60000,30,14,good,Passive MAP - micro-perforated,4.0,8.0,88.0,,,Y,85,Y,1.18,0.0144,75,,,,,MAP window not reachable with single film at this temperature/pack; use tuned micro-perforation or ventilated pack,synthetic_rule_physics_model
SCN02454,C041,Pomegranate,fresh_produce_fruit,ambient,S02,28.0,89.0,S10,6,27.9,0.25,45,78,1.2,3.5,0.99,40.3,9394.0,,M18,Micro-perforated LDPE (breathable),30,60000,30,14,good,Passive MAP - micro-perforated,4.0,8.0,88.0,,,Y,7,N,1.18,0.0144,75,,,,,MAP window not reachable with single film at this temperature/pack; use tuned micro-perforation or ventilated pack,synthetic_rule_physics_model
SCN02455,C041,Pomegranate,fresh_produce_fruit,ambient,S02,29.1,85.0,S10,24,28.6,2.0,45,78,1.2,3.5,0.99,42.9,19098.0,,M18,Micro-perforated LDPE (breathable),30,60000,30,14,good,Passive MAP - micro-perforated,4.0,8.0,88.0,,,Y,7,N,0.59,0.0072,75,,,,,MAP window not reachable with single film at this temperature/pack; use tuned micro-perforation or ventilated pack,synthetic_rule_physics_model
SCN02456,C041,Pomegranate,fresh_produce_fruit,chilled,S04,0.9,91.0,S10,24,0.9,1.0,120,78,1.2,3.5,0.99,4.3,7576.0,,M01,LDPE film,25,7000.0,18.0,16,good,Passive MAP (equilibrium),4.0,8.0,88.0,2.6,4.1,Y,124,Y,0.45,0.0072,76,,,,,,synthetic_rule_physics_model
SCN02457,C041,Pomegranate,fresh_produce_fruit,ambient,S02,28.9,81.0,S10,48,28.5,1.0,120,78,1.2,3.5,0.99,42.4,15127.0,,M18,Micro-perforated LDPE (breathable),30,60000,30,14,good,Passive MAP - micro-perforated,4.0,8.0,88.0,,,Y,7,N,0.75,0.0091,75,,,,,MAP window not reachable with single film at this temperature/pack; use tuned micro-perforation or ventilated pack,synthetic_rule_physics_model
SCN02458,C041,Pomegranate,fresh_produce_fruit,chilled,S04,0.0,90.0,S10,24,0.1,1.0,120,78,1.2,3.5,0.99,4.0,7453.0,,M01,LDPE film,25,7000.0,18.0,16,good,Passive MAP (equilibrium),4.0,8.0,88.0,2.9,4.0,Y,132,Y,0.45,0.0072,76,,,,,,synthetic_rule_physics_model
SCN02459,C041,Pomegranate,fresh_produce_fruit,chilled,S04,2.3,87.0,S10,48,2.2,2.0,30,78,1.2,3.5,0.99,4.8,9772.0,,M18,Micro-perforated LDPE (breathable),30,60000,30,14,good,Passive MAP - micro-perforated,4.0,8.0,88.0,,,Y,72,Y,0.59,0.0072,75,,,,,MAP window not reachable with single film at this temperature/pack; use tuned micro-perforation or ventilated pack,synthetic_rule_physics_model
SCN02460,C041,Pomegranate,fresh_produce_fruit,chilled,S05,6.6,78.0,S10,24,6.6,2.0,90,78,1.2,3.5,0.99,6.8,10691.0,,M18,Micro-perforated LDPE (breathable),30,60000,30,14,good,Passive MAP - micro-perforated,4.0,8.0,88.0,,,Y,51,N,0.59,0.0072,75,,,,,MAP window not reachable with single film at this temperature/pack; use tuned micro-perforation or ventilated pack,synthetic_rule_physics_model
SCN02461,C042,Tomato,fresh_produce_veg,cool,S06,13.9,89.0,S12,24,13.4,0.5,7,94,0.2,4.4,0.99,20.5,13439.0,,M18,Micro-perforated LDPE (breathable),30,60000,30,14,good,Passive MAP - micro-perforated,4.0,1.5,94.5,,,Y,13,Y,0.94,0.0114,75,,,,,MAP window not reachable with single film at this temperature/pack; use tuned micro-perforation or ventilated pack,synthetic_rule_physics_model
SCN02462,C042,Tomato,fresh_produce_veg,cool,S06,12.9,94.0,S09,6,13.1,0.5,14,94,0.2,4.4,0.99,19.9,13315.0,,M18,Micro-perforated LDPE (breathable),30,60000,30,14,good,Passive MAP - micro-perforated,4.0,1.5,94.5,,,Y,13,N,0.94,0.0114,75,,,,,MAP window not reachable with single film at this temperature/pack; use tuned micro-perforation or ventilated pack,synthetic_rule_physics_model
SCN02463,C042,Tomato,fresh_produce_veg,ambient,S01,26.8,50.0,S12,6,26.4,2.0,10,94,0.2,4.4,0.99,67.4,33743.0,,M18,Micro-perforated LDPE (breathable),30,60000,30,14,good,Passive MAP - micro-perforated,4.0,1.5,94.5,,,Y,3,N,0.59,0.0072,75,,,,,MAP window not reachable with single film at this temperature/pack; use tuned micro-perforation or ventilated pack,synthetic_rule_physics_model
SCN02464,C042,Tomato,fresh_produce_veg,cool,S06,12.3,90.0,S12,6,12.3,0.25,10,94,0.2,4.4,0.99,18.5,10316.0,,M18,Micro-perforated LDPE (breathable),30,60000,30,14,good,Passive MAP - micro-perforated,4.0,1.5,94.5,,,Y,14,Y,1.18,0.0144,75,,,,,MAP window not reachable with single film at this temperature/pack; use tuned micro-perforation or ventilated pack,synthetic_rule_physics_model
SCN02465,C042,Tomato,fresh_produce_veg,cool,S06,8.2,94.0,S09,48,9.9,1.0,28,94,0.2,4.4,0.99,14.9,15104.0,,M18,Micro-perforated LDPE (breathable),30,60000,30,14,good,Passive MAP - micro-perforated,4.0,1.5,94.5,,,Y,19,N,0.75,0.0091,75,,,,,MAP window not reachable with single film at this temperature/pack; use tuned micro-perforation or ventilated pack,synthetic_rule_physics_model
SCN02466,C042,Tomato,fresh_produce_veg,cool,S06,8.3,94.0,S12,24,8.4,2.0,28,94,0.2,4.4,0.99,13.0,18109.0,,M18,Micro-perforated LDPE (breathable),30,60000,30,14,good,Passive MAP - micro-perforated,4.0,1.5,94.5,,,Y,21,N,0.59,0.0072,75,,,,,MAP window not reachable with single film at this temperature/pack; use tuned micro-perforation or ventilated pack,synthetic_rule_physics_model
SCN02467,C042,Tomato,fresh_produce_veg,ambient,S01,25.0,48.0,S12,48,23.7,0.25,21,94,0.2,4.4,0.99,52.7,15358.0,,M18,Micro-perforated LDPE (breathable),30,60000,30,14,good,Passive MAP - micro-perforated,4.0,1.5,94.5,,,Y,4,N,1.18,0.0144,75,,,,,MAP window not reachable with single film at this temperature/pack; use tuned micro-perforation or ventilated pack,synthetic_rule_physics_model
SCN02468,C042,Tomato,fresh_produce_veg,cool,S06,11.1,90.0,S12,48,11.1,0.25,28,94,0.2,4.4,0.99,16.5,9913.0,,M18,Micro-perforated LDPE (breathable),30,60000,30,14,good,Passive MAP - micro-perforated,4.0,1.5,94.5,,,Y,15,N,1.18,0.0144,75,,,,,MAP window not reachable with single film at this temperature/pack; use tuned micro-perforation or ventilated pack,synthetic_rule_physics_model
SCN02469,C042,Tomato,fresh_produce_veg,cool,S06,12.3,91.0,S12,48,12.2,1.0,28,94,0.2,4.4,0.99,18.3,16245.0,,M18,Micro-perforated LDPE (breathable),30,60000,30,14,good,Passive MAP - micro-perforated,4.0,1.5,94.5,,,Y,14,N,0.75,0.0091,75,,,,,MAP window not reachable with single film at this temperature/pack; use tuned micro-perforation or ventilated pack,synthetic_rule_physics_model
SCN02470,C042,Tomato,fresh_produce_veg,cool,S06,9.2,88.0,S12,6,9.2,2.0,21,94,0.2,4.4,0.99,14.0,18564.0,,M18,Micro-perforated LDPE (breathable),30,60000,30,14,good,Passive MAP - micro-perforated,4.0,1.5,94.5,,,Y,20,N,0.59,0.0072,75,,,,,MAP window not reachable with single film at this temperature/pack; use tuned micro-perforation or ventilated pack,synthetic_rule_physics_model
SCN02471,C042,Tomato,fresh_produce_veg,ambient,S01,22.2,63.0,S09,48,25.9,1.0,7,94,0.2,4.4,0.99,64.3,26328.0,,M18,Micro-perforated LDPE (breathable),30,60000,30,14,good,Passive MAP - micro-perforated,4.0,1.5,94.5,,,Y,3,N,0.75,0.0091,75,,,,,MAP window not reachable with single film at this temperature/pack; use tuned micro-perforation or ventilated pack,synthetic_rule_physics_model
SCN02472,C042,Tomato,fresh_produce_veg,ambient,S02,32.4,78.0,S12,48,26.8,2.0,7,94,0.2,4.4,0.99,69.6,34195.0,,M18,Micro-perforated LDPE (breathable),30,60000,30,14,good,Passive MAP - micro-perforated,4.0,1.5,94.5,,,Y,3,N,0.59,0.0072,75,,,,,MAP window not reachable with single film at this temperature/pack; use tuned micro-perforation or ventilated pack,synthetic_rule_physics_model
SCN02473,C042,Tomato,fresh_produce_veg,cool,S06,13.0,88.0,S12,6,12.9,0.25,7,94,0.2,4.4,0.99,19.6,10532.0,,M18,Micro-perforated LDPE (breathable),30,60000,30,14,good,Passive MAP - micro-perforated,4.0,1.5,94.5,,,Y,12,Y,1.18,0.0144,75,,,,,MAP window not reachable with single film at this temperature/pack; use tuned micro-perforation or ventilated pack,synthetic_rule_physics_model
SCN02474,C042,Tomato,fresh_produce_veg,cool,S06,8.8,91.0,S12,48,9.0,2.0,28,94,0.2,4.4,0.99,13.6,18422.0,,M18,Micro-perforated LDPE (breathable),30,60000,30,14,good,Passive MAP - micro-perforated,4.0,1.5,94.5,,,Y,20,N,0.59,0.0072,75,,,,,MAP window not reachable with single film at this temperature/pack; use tuned micro-perforation or ventilated pack,synthetic_rule_physics_model
SCN02475,C042,Tomato,fresh_produce_veg,ambient,S02,32.1,94.0,S12,6,31.3,2.0,7,94,0.2,4.4,0.99,105.5,40795.0,,M18,Micro-perforated LDPE (breathable),30,60000,30,14,good,Passive MAP - micro-perforated,4.0,1.5,94.5,,,Y,2,N,0.59,0.0072,75,,,,,MAP window not reachable with single film at this temperature/pack; use tuned micro-perforation or ventilated pack,synthetic_rule_physics_model
SCN02476,C042,Tomato,fresh_produce_veg,ambient,S01,20.5,52.0,S12,24,19.6,0.5,10,94,0.2,4.4,0.99,36.3,16650.0,,M18,Micro-perforated LDPE (breathable),30,60000,30,14,good,Passive MAP - micro-perforated,4.0,1.5,94.5,,,Y,6,N,0.94,0.0114,75,,,,,MAP window not reachable with single film at this temperature/pack; use tuned micro-perforation or ventilated pack,synthetic_rule_physics_model
SCN02477,C042,Tomato,fresh_produce_veg,ambient,S01,25.3,58.0,S09,24,27.3,0.5,7,94,0.2,4.4,0.99,73.2,22092.0,,M18,Micro-perforated LDPE (breathable),30,60000,30,14,good,Passive MAP - micro-perforated,4.0,1.5,94.5,,,Y,3,N,0.94,0.0114,75,,,,,MAP window not reachable with single film at this temperature/pack; use tuned micro-perforation or ventilated pack,synthetic_rule_physics_model
SCN02478,C042,Tomato,fresh_produce_veg,cool,S06,11.8,93.0,S09,6,12.2,0.25,14,94,0.2,4.4,0.99,18.3,10267.0,,M18,Micro-perforated LDPE (breathable),30,60000,30,14,good,Passive MAP - micro-perforated,4.0,1.5,94.5,,,Y,13,N,1.18,0.0144,75,,,,,MAP window not reachable with single film at this temperature/pack; use tuned micro-perforation or ventilated pack,synthetic_rule_physics_model
SCN02479,C042,Tomato,fresh_produce_veg,cool,S06,12.1,93.0,S12,6,12.1,1.0,14,94,0.2,4.4,0.99,18.1,16167.0,,M18,Micro-perforated LDPE (breathable),30,60000,30,14,good,Passive MAP - micro-perforated,4.0,1.5,94.5,,,Y,13,N,0.75,0.0091,75,,,,,MAP window not reachable with single film at this temperature/pack; use tuned micro-perforation or ventilated pack,synthetic_rule_physics_model
SCN02480,C042,Tomato,fresh_produce_veg,cool,S06,13.9,92.0,S12,24,13.5,0.25,14,94,0.2,4.4,0.99,20.7,10729.0,,M18,Micro-perforated LDPE (breathable),30,60000,30,14,good,Passive MAP - micro-perforated,4.0,1.5,94.5,,,Y,13,N,1.18,0.0144,75,,,,,MAP window not reachable with single film at this temperature/pack; use tuned micro-perforation or ventilated pack,synthetic_rule_physics_model
SCN02481,C042,Tomato,fresh_produce_veg,ambient,S01,29.0,63.0,S09,24,30.0,0.25,10,94,0.2,4.4,0.99,93.5,19496.0,,M18,Micro-perforated LDPE (breathable),30,60000,30,14,good,Passive MAP - micro-perforated,4.0,1.5,94.5,,,Y,2,N,1.18,0.0144,75,,,,,MAP window not reachable with single film at this temperature/pack; use tuned micro-perforation or ventilated pack,synthetic_rule_physics_model
SCN02482,C042,Tomato,fresh_produce_veg,cool,S06,10.7,90.0,S09,48,18.7,0.25,7,94,0.2,4.4,0.99,33.4,12827.0,,M18,Micro-perforated LDPE (breathable),30,60000,30,14,good,Passive MAP - micro-perforated,4.0,1.5,94.5,,,Y,6,N,1.18,0.0144,75,,,,,MAP window not reachable with single film at this temperature/pack; use tuned micro-perforation or ventilated pack,synthetic_rule_physics_model
SCN02483,C042,Tomato,fresh_produce_veg,cool,S06,10.7,88.0,S09,24,12.0,1.0,14,94,0.2,4.4,0.99,18.0,16129.0,,M18,Micro-perforated LDPE (breathable),30,60000,30,14,good,Passive MAP - micro-perforated,4.0,1.5,94.5,,,Y,13,N,0.75,0.0091,75,,,,,MAP window not reachable with single film at this temperature/pack; use tuned micro-perforation or ventilated pack,synthetic_rule_physics_model
SCN02484,C042,Tomato,fresh_produce_veg,cool,S06,9.8,91.0,S12,24,10.1,0.25,10,94,0.2,4.4,0.99,15.1,9598.0,,M18,Micro-perforated LDPE (breathable),30,60000,30,14,good,Passive MAP - micro-perforated,4.0,1.5,94.5,,,Y,17,Y,1.18,0.0144,75,,,,,MAP window not reachable with single film at this temperature/pack; use tuned micro-perforation or ventilated pack,synthetic_rule_physics_model
SCN02485,C042,Tomato,fresh_produce_veg,cool,S06,8.1,91.0,S09,24,10.9,2.0,10,94,0.2,4.4,0.99,16.2,19553.0,,M18,Micro-perforated LDPE (breathable),30,60000,30,14,good,Passive MAP - micro-perforated,4.0,1.5,94.5,,,Y,15,Y,0.59,0.0072,75,,,,,MAP window not reachable with single film at this temperature/pack; use tuned micro-perforation or ventilated pack,synthetic_rule_physics_model
SCN02486,C042,Tomato,fresh_produce_veg,cool,S06,9.2,89.0,S12,48,9.6,2.0,10,94,0.2,4.4,0.99,14.4,18786.0,,M18,Micro-perforated LDPE (breathable),30,60000,30,14,good,Passive MAP - micro-perforated,4.0,1.5,94.5,,,Y,19,Y,0.59,0.0072,75,,,,,MAP window not reachable with single film at this temperature/pack; use tuned micro-perforation or ventilated pack,synthetic_rule_physics_model
SCN02487,C042,Tomato,fresh_produce_veg,ambient,S01,22.8,53.0,S09,6,23.4,0.5,7,94,0.2,4.4,0.99,50.9,19040.0,,M18,Micro-perforated LDPE (breathable),30,60000,30,14,good,Passive MAP - micro-perforated,4.0,1.5,94.5,,,Y,4,N,0.94,0.0114,75,,,,,MAP window not reachable with single film at this temperature/pack; use tuned micro-perforation or ventilated pack,synthetic_rule_physics_model
SCN02488,C042,Tomato,fresh_produce_veg,cool,S06,8.5,92.0,S09,6,9.2,0.5,10,94,0.2,4.4,0.99,14.0,11751.0,,M18,Micro-perforated LDPE (breathable),30,60000,30,14,good,Passive MAP - micro-perforated,4.0,1.5,94.5,,,Y,19,Y,0.94,0.0114,75,,,,,MAP window not reachable with single film at this temperature/pack; use tuned micro-perforation or ventilated pack,synthetic_rule_physics_model
SCN02489,C042,Tomato,fresh_produce_veg,ambient,S02,33.9,76.0,S12,24,33.1,0.5,28,94,0.2,4.4,0.99,124.7,27779.0,,M18,Micro-perforated LDPE (breathable),30,60000,30,14,good,Passive MAP - micro-perforated,4.0,1.5,94.5,,,Y,1,N,0.94,0.0114,75,,,,,MAP window not reachable with single film at this temperature/pack; use tuned micro-perforation or ventilated pack,synthetic_rule_physics_model
SCN02490,C042,Tomato,fresh_produce_veg,ambient,S01,20.3,52.0,S12,48,19.3,2.0,21,94,0.2,4.4,0.99,35.1,25973.0,,M18,Micro-perforated LDPE (breathable),30,60000,30,14,good,Passive MAP - micro-perforated,4.0,1.5,94.5,,,Y,6,N,0.59,0.0072,75,,,,,MAP window not reachable with single film at this temperature/pack; use tuned micro-perforation or ventilated pack,synthetic_rule_physics_model
SCN02491,C042,Tomato,fresh_produce_veg,cool,S06,12.5,92.0,S12,48,12.4,2.0,14,94,0.2,4.4,0.99,18.6,20536.0,,M18,Micro-perforated LDPE (breathable),30,60000,30,14,good,Passive MAP - micro-perforated,4.0,1.5,94.5,,,Y,14,Y,0.59,0.0072,75,,,,,MAP window not reachable with single film at this temperature/pack; use tuned micro-perforation or ventilated pack,synthetic_rule_physics_model
SCN02492,C042,Tomato,fresh_produce_veg,ambient,S02,35.4,77.0,S12,6,34.7,0.25,10,94,0.2,4.4,0.99,144.7,23605.0,,M18,Micro-perforated LDPE (breathable),30,60000,30,14,good,Passive MAP - micro-perforated,4.0,1.5,94.5,,,Y,1,N,1.18,0.0144,75,,,,,MAP window not reachable with single film at this temperature/pack; use tuned micro-perforation or ventilated pack,synthetic_rule_physics_model
SCN02493,C042,Tomato,fresh_produce_veg,cool,S06,11.3,93.0,S09,24,14.2,0.25,10,94,0.2,4.4,0.99,22.0,10978.0,,M18,Micro-perforated LDPE (breathable),30,60000,30,14,good,Passive MAP - micro-perforated,4.0,1.5,94.5,,,Y,11,Y,1.18,0.0144,75,,,,,MAP window not reachable with single film at this temperature/pack; use tuned micro-perforation or ventilated pack,synthetic_rule_physics_model
SCN02494,C042,Tomato,fresh_produce_veg,ambient,S01,28.0,50.0,S09,6,28.1,1.0,28,94,0.2,4.4,0.99,78.6,28626.0,,M18,Micro-perforated LDPE (breathable),30,60000,30,14,good,Passive MAP - micro-perforated,4.0,1.5,94.5,,,Y,2,N,0.75,0.0091,75,,,,,MAP window not reachable with single film at this temperature/pack; use tuned micro-perforation or ventilated pack,synthetic_rule_physics_model
SCN02495,C042,Tomato,fresh_produce_veg,cool,S06,12.4,89.0,S09,48,16.3,2.0,14,94,0.2,4.4,0.99,26.7,23412.0,,M18,Micro-perforated LDPE (breathable),30,60000,30,14,good,Passive MAP - micro-perforated,4.0,1.5,94.5,,,Y,8,N,0.59,0.0072,75,,,,,MAP window not reachable with single film at this temperature/pack; use tuned micro-perforation or ventilated pack,synthetic_rule_physics_model
SCN02496,C042,Tomato,fresh_produce_veg,cool,S06,9.4,89.0,S09,48,13.6,2.0,14,94,0.2,4.4,0.99,20.9,21407.0,,M18,Micro-perforated LDPE (breathable),30,60000,30,14,good,Passive MAP - micro-perforated,4.0,1.5,94.5,,,Y,12,N,0.59,0.0072,75,,,,,MAP window not reachable with single film at this temperature/pack; use tuned micro-perforation or ventilated pack,synthetic_rule_physics_model
SCN02497,C042,Tomato,fresh_produce_veg,cool,S06,12.2,89.0,S12,24,12.1,2.0,21,94,0.2,4.4,0.99,18.2,20347.0,,M18,Micro-perforated LDPE (breathable),30,60000,30,14,good,Passive MAP - micro-perforated,4.0,1.5,94.5,,,Y,14,N,0.59,0.0072,75,,,,,MAP window not reachable with single film at this temperature/pack; use tuned micro-perforation or ventilated pack,synthetic_rule_physics_model
SCN02498,C042,Tomato,fresh_produce_veg,cool,S06,12.5,95.0,S12,24,12.6,0.25,10,94,0.2,4.4,0.99,19.0,10415.0,,M18,Micro-perforated LDPE (breathable),30,60000,30,14,good,Passive MAP - micro-perforated,4.0,1.5,94.5,,,Y,13,Y,1.18,0.0144,75,,,,,MAP window not reachable with single film at this temperature/pack; use tuned micro-perforation or ventilated pack,synthetic_rule_physics_model
SCN02499,C042,Tomato,fresh_produce_veg,cool,S06,12.9,94.0,S12,48,12.9,0.5,10,94,0.2,4.4,0.99,19.6,13226.0,,M18,Micro-perforated LDPE (breathable),30,60000,30,14,good,Passive MAP - micro-perforated,4.0,1.5,94.5,,,Y,12,Y,0.94,0.0114,75,,,,,MAP window not reachable with single film at this temperature/pack; use tuned micro-perforation or ventilated pack,synthetic_rule_physics_model
SCN02500,C042,Tomato,fresh_produce_veg,ambient,S01,22.6,55.0,S12,24,22.0,0.5,21,94,0.2,4.4,0.99,44.9,18098.0,,M18,Micro-perforated LDPE (breathable),30,60000,30,14,good,Passive MAP - micro-perforated,4.0,1.5,94.5,,,Y,4,N,0.94,0.0114,75,,,,,MAP window not reachable with single film at this temperature/pack; use tuned micro-perforation or ventilated pack,synthetic_rule_physics_model
SCN02501,C042,Tomato,fresh_produce_veg,cool,S06,11.7,88.0,S12,6,11.7,0.25,14,94,0.2,4.4,0.99,17.5,10109.0,,M18,Micro-perforated LDPE (breathable),30,60000,30,14,good,Passive MAP - micro-perforated,4.0,1.5,94.5,,,Y,14,Y,1.18,0.0144,75,,,,,MAP window not reachable with single film at this temperature/pack; use tuned micro-perforation or ventilated pack,synthetic_rule_physics_model
SCN02502,C042,Tomato,fresh_produce_veg,cool,S06,9.7,91.0,S12,6,9.6,0.5,10,94,0.2,4.4,0.99,14.5,11897.0,,M18,Micro-perforated LDPE (breathable),30,60000,30,14,good,Passive MAP - micro-perforated,4.0,1.5,94.5,,,Y,18,Y,0.94,0.0114,75,,,,,MAP window not reachable with single film at this temperature/pack; use tuned micro-perforation or ventilated pack,synthetic_rule_physics_model
SCN02503,C042,Tomato,fresh_produce_veg,cool,S06,13.1,94.0,S12,6,13.0,2.0,7,94,0.2,4.4,0.99,19.7,20953.0,,M18,Micro-perforated LDPE (breathable),30,60000,30,14,good,Passive MAP - micro-perforated,4.0,1.5,94.5,,,Y,12,Y,0.59,0.0072,75,,,,,MAP window not reachable with single film at this temperature/pack; use tuned micro-perforation or ventilated pack,synthetic_rule_physics_model
SCN02504,C042,Tomato,fresh_produce_veg,cool,S06,9.5,93.0,S12,48,9.4,1.0,21,94,0.2,4.4,0.99,14.2,14841.0,,M18,Micro-perforated LDPE (breathable),30,60000,30,14,good,Passive MAP - micro-perforated,4.0,1.5,94.5,,,Y,18,N,0.75,0.0091,75,,,,,MAP window not reachable with single film at this temperature/pack; use tuned micro-perforation or ventilated pack,synthetic_rule_physics_model
SCN02505,C042,Tomato,fresh_produce_veg,ambient,S01,27.7,52.0,S12,24,25.6,1.0,7,94,0.2,4.4,0.99,62.5,26020.0,,M18,Micro-perforated LDPE (breathable),30,60000,30,14,good,Passive MAP - micro-perforated,4.0,1.5,94.5,,,Y,3,N,0.75,0.0091,75,,,,,MAP window not reachable with single film at this temperature/pack; use tuned micro-perforation or ventilated pack,synthetic_rule_physics_model
SCN02506,C042,Tomato,fresh_produce_veg,cool,S06,8.2,94.0,S09,6,9.3,1.0,7,94,0.2,4.4,0.99,14.1,14814.0,,M18,Micro-perforated LDPE (breathable),30,60000,30,14,good,Passive MAP - micro-perforated,4.0,1.5,94.5,,,Y,19,Y,0.75,0.0091,75,,,,,MAP window not reachable with single film at this temperature/pack; use tuned micro-perforation or ventilated pack,synthetic_rule_physics_model
SCN02507,C042,Tomato,fresh_produce_veg,cool,S06,12.3,89.0,S09,48,16.5,1.0,14,94,0.2,4.4,0.99,27.2,18749.0,,M18,Micro-perforated LDPE (breathable),30,60000,30,14,good,Passive MAP - micro-perforated,4.0,1.5,94.5,,,Y,8,N,0.75,0.0091,75,,,,,MAP window not reachable with single film at this temperature/pack; use tuned micro-perforation or ventilated pack,synthetic_rule_physics_model
SCN02508,C042,Tomato,fresh_produce_veg,cool,S06,8.8,92.0,S12,6,8.9,1.0,21,94,0.2,4.4,0.99,13.5,14611.0,,M18,Micro-perforated LDPE (breathable),30,60000,30,14,good,Passive MAP - micro-perforated,4.0,1.5,94.5,,,Y,20,N,0.75,0.0091,75,,,,,MAP window not reachable with single film at this temperature/pack; use tuned micro-perforation or ventilated pack,synthetic_rule_physics_model
SCN02509,C042,Tomato,fresh_produce_veg,ambient,S02,30.2,90.0,S12,48,27.4,2.0,14,94,0.2,4.4,0.99,73.5,34979.0,,M18,Micro-perforated LDPE (breathable),30,60000,30,14,good,Passive MAP - micro-perforated,4.0,1.5,94.5,,,Y,3,N,0.59,0.0072,75,,,,,MAP window not reachable with single film at this temperature/pack; use tuned micro-perforation or ventilated pack,synthetic_rule_physics_model
SCN02510,C042,Tomato,fresh_produce_veg,ambient,S01,21.8,42.0,S12,48,21.1,2.0,28,94,0.2,4.4,0.99,41.6,27749.0,,M18,Micro-perforated LDPE (breathable),30,60000,30,14,good,Passive MAP - micro-perforated,4.0,1.5,94.5,,,Y,5,N,0.59,0.0072,75,,,,,MAP window not reachable with single film at this temperature/pack; use tuned micro-perforation or ventilated pack,synthetic_rule_physics_model
SCN02511,C042,Tomato,fresh_produce_veg,cool,S06,8.8,93.0,S12,24,9.1,1.0,10,94,0.2,4.4,0.99,13.8,14701.0,,M18,Micro-perforated LDPE (breathable),30,60000,30,14,good,Passive MAP - micro-perforated,4.0,1.5,94.5,,,Y,20,Y,0.75,0.0091,75,,,,,MAP window not reachable with single film at this temperature/pack; use tuned micro-perforation or ventilated pack,synthetic_rule_physics_model
SCN02512,C042,Tomato,fresh_produce_veg,cool,S06,10.6,89.0,S12,6,10.6,1.0,28,94,0.2,4.4,0.99,15.9,15440.0,,M18,Micro-perforated LDPE (breathable),30,60000,30,14,good,Passive MAP - micro-perforated,4.0,1.5,94.5,,,Y,17,N,0.75,0.0091,75,,,,,MAP window not reachable with single film at this temperature/pack; use tuned micro-perforation or ventilated pack,synthetic_rule_physics_model
SCN02513,C042,Tomato,fresh_produce_veg,cool,S06,13.8,89.0,S12,24,13.0,0.25,7,94,0.2,4.4,0.99,19.8,10564.0,,M18,Micro-perforated LDPE (breathable),30,60000,30,14,good,Passive MAP - micro-perforated,4.0,1.5,94.5,,,Y,13,Y,1.18,0.0144,75,,,,,MAP window not reachable with single film at this temperature/pack; use tuned micro-perforation or ventilated pack,synthetic_rule_physics_model
SCN02514,C042,Tomato,fresh_produce_veg,cool,S06,10.9,91.0,S12,48,11.2,0.25,21,94,0.2,4.4,0.99,16.7,9938.0,,M18,Micro-perforated LDPE (breathable),30,60000,30,14,good,Passive MAP - micro-perforated,4.0,1.5,94.5,,,Y,16,N,1.18,0.0144,75,,,,,MAP window not reachable with single film at this temperature/pack; use tuned micro-perforation or ventilated pack,synthetic_rule_physics_model
SCN02515,C042,Tomato,fresh_produce_veg,cool,S06,12.0,92.0,S12,6,12.0,1.0,21,94,0.2,4.4,0.99,18.0,16138.0,,M18,Micro-perforated LDPE (breathable),30,60000,30,14,good,Passive MAP - micro-perforated,4.0,1.5,94.5,,,Y,14,N,0.75,0.0091,75,,,,,MAP window not reachable with single film at this temperature/pack; use tuned micro-perforation or ventilated pack,synthetic_rule_physics_model
SCN02516,C042,Tomato,fresh_produce_veg,cool,S06,11.3,94.0,S12,48,11.1,0.5,10,94,0.2,4.4,0.99,16.6,12488.0,,M18,Micro-perforated LDPE (breathable),30,60000,30,14,good,Passive MAP - micro-perforated,4.0,1.5,94.5,,,Y,17,Y,0.94,0.0114,75,,,,,MAP window not reachable with single film at this temperature/pack; use tuned micro-perforation or ventilated pack,synthetic_rule_physics_model
SCN02517,C042,Tomato,fresh_produce_veg,cool,S06,12.5,88.0,S12,48,11.8,0.25,10,94,0.2,4.4,0.99,17.7,10143.0,,M18,Micro-perforated LDPE (breathable),30,60000,30,14,good,Passive MAP - micro-perforated,4.0,1.5,94.5,,,Y,15,Y,1.18,0.0144,75,,,,,MAP window not reachable with single film at this temperature/pack; use tuned micro-perforation or ventilated pack,synthetic_rule_physics_model
SCN02518,C042,Tomato,fresh_produce_veg,cool,S06,10.0,93.0,S09,6,10.6,0.25,14,94,0.2,4.4,0.99,15.8,9749.0,,M18,Micro-perforated LDPE (breathable),30,60000,30,14,good,Passive MAP - micro-perforated,4.0,1.5,94.5,,,Y,17,Y,1.18,0.0144,75,,,,,MAP window not reachable with single film at this temperature/pack; use tuned micro-perforation or ventilated pack,synthetic_rule_physics_model
SCN02519,C042,Tomato,fresh_produce_veg,cool,S06,12.7,88.0,S12,24,12.1,1.0,7,94,0.2,4.4,0.99,18.1,16182.0,,M18,Micro-perforated LDPE (breathable),30,60000,30,14,good,Passive MAP - micro-perforated,4.0,1.5,94.5,,,Y,15,Y,0.75,0.0091,75,,,,,MAP window not reachable with single film at this temperature/pack; use tuned micro-perforation or ventilated pack,synthetic_rule_physics_model
SCN02520,C042,Tomato,fresh_produce_veg,cool,S06,11.5,89.0,S12,6,11.6,2.0,10,94,0.2,4.4,0.99,17.3,20007.0,,M18,Micro-perforated LDPE (breathable),30,60000,30,14,good,Passive MAP - micro-perforated,4.0,1.5,94.5,,,Y,15,Y,0.59,0.0072,75,,,,,MAP window not reachable with single film at this temperature/pack; use tuned micro-perforation or ventilated pack,synthetic_rule_physics_model
SCN02521,C043,Potato,fresh_produce_root_bulb,cool,S06,13.1,90.0,S12,48,13.0,0.5,90,79,0.1,6.1,0.99,7.4,6285.0,,M01,LDPE film,30,5833.3,15.0,16,good,Passive MAP (equilibrium),7.5,1.5,91.0,6.5,3.2,Y,109,Y,0.68,0.0109,76,,,,,,synthetic_rule_physics_model
SCN02522,C043,Potato,fresh_produce_root_bulb,cool,S06,10.2,89.0,S12,6,10.2,0.25,60,79,0.1,6.1,0.99,6.0,4734.0,,M01,LDPE film,40,4375.0,11.25,16,good,Passive MAP (equilibrium),7.5,1.5,91.0,6.4,3.2,Y,147,Y,1.13,0.0183,76,,,,,,synthetic_rule_physics_model
SCN02523,C043,Potato,fresh_produce_root_bulb,cool,S06,9.3,89.0,S12,24,9.3,0.5,240,79,0.1,6.1,0.99,5.6,5850.0,,M01,LDPE film,30,5833.3,15.0,16,good,Passive MAP (equilibrium),7.5,1.5,91.0,7.5,3.0,Y,154,N,0.68,0.0109,76,,,,,,synthetic_rule_physics_model
SCN02524,C043,Potato,fresh_produce_root_bulb,ambient,S02,28.9,79.0,S12,48,28.7,1.0,180,79,0.1,6.1,0.99,25.7,11364.0,,M18,Micro-perforated LDPE (breathable),30,60000,30,14,good,Passive MAP - micro-perforated,7.5,1.5,91.0,,,Y,18,N,0.75,0.0091,75,,,,,MAP window not reachable with single film at this temperature/pack; use tuned micro-perforation or ventilated pack,synthetic_rule_physics_model
SCN02525,C043,Potato,fresh_produce_root_bulb,cool,S06,11.0,90.0,S09,6,11.1,2.0,60,79,0.1,6.1,0.99,6.4,9558.0,,M18,Micro-perforated LDPE (breathable),30,60000,30,14,good,Passive MAP - micro-perforated,7.5,1.5,91.0,,,Y,92,Y,0.59,0.0072,75,,,,,MAP window not reachable with single film at this temperature/pack; use tuned micro-perforation or ventilated pack,synthetic_rule_physics_model
SCN02526,C043,Potato,fresh_produce_root_bulb,cool,S06,11.1,91.0,S12,24,11.1,1.0,90,79,0.1,6.1,0.99,6.4,7601.0,,M01,LDPE film,25,7000.0,18.0,16,good,Passive MAP (equilibrium),7.5,1.5,91.0,6.3,3.3,Y,136,Y,0.45,0.0072,76,,,,,,synthetic_rule_physics_model
SCN02527,C043,Potato,fresh_produce_root_bulb,cool,S06,13.4,94.0,S12,48,13.4,1.0,90,79,0.1,6.1,0.99,7.6,7955.0,,M01,LDPE film,25,7000.0,18.0,16,good,Passive MAP (equilibrium),7.5,1.5,91.0,5.7,3.4,Y,104,Y,0.45,0.0072,76,,,,,,synthetic_rule_physics_model
SCN02528,C043,Potato,fresh_produce_root_bulb,cool,S06,9.4,91.0,S09,24,9.5,0.5,180,79,0.1,6.1,0.99,5.6,5869.0,,M01,LDPE film,30,5833.3,15.0,16,good,Passive MAP (equilibrium),7.5,1.5,91.0,7.4,3.0,Y,153,N,0.68,0.0109,76,,,,,,synthetic_rule_physics_model
SCN02529,C043,Potato,fresh_produce_root_bulb,ambient,S01,23.2,59.0,S12,6,23.2,0.5,240,79,0.1,6.1,0.99,16.6,7867.0,,M01,LDPE film,25,7000.0,18.0,16,good,Passive MAP (equilibrium),7.5,1.5,91.0,5.8,3.4,Y,46,N,0.56,0.0091,76,,,,,,synthetic_rule_physics_model
SCN02530,C043,Potato,fresh_produce_root_bulb,cool,S06,10.5,90.0,S12,6,10.5,1.0,90,79,0.1,6.1,0.99,6.1,7517.0,,M01,LDPE film,25,7000.0,18.0,16,good,Passive MAP (equilibrium),7.5,1.5,91.0,6.5,3.2,Y,137,Y,0.45,0.0072,76,,,,,,synthetic_rule_physics_model
SCN02531,C043,Potato,fresh_produce_root_bulb,cool,S06,9.7,91.0,S09,48,10.0,2.0,180,79,0.1,6.1,0.99,5.8,9351.0,,M18,Micro-perforated LDPE (breathable),30,60000,30,14,good,Passive MAP - micro-perforated,7.5,1.5,91.0,,,Y,103,N,0.59,0.0072,75,,,,,MAP window not reachable with single film at this temperature/pack; use tuned micro-perforation or ventilated pack,synthetic_rule_physics_model
SCN02532,C043,Potato,fresh_produce_root_bulb,cool,S06,9.4,89.0,S12,48,9.5,2.0,90,79,0.1,6.1,0.99,5.6,9265.0,,M18,Micro-perforated LDPE (breathable),30,60000,30,14,good,Passive MAP - micro-perforated,7.5,1.5,91.0,,,Y,109,Y,0.59,0.0072,75,,,,,MAP window not reachable with single film at this temperature/pack; use tuned micro-perforation or ventilated pack,synthetic_rule_physics_model
SCN02533,C043,Potato,fresh_produce_root_bulb,ambient,S02,34.0,78.0,S12,48,33.8,2.0,180,79,0.1,6.1,0.99,38.1,16349.0,,M18,Micro-perforated LDPE (breathable),30,60000,30,14,good,Passive MAP - micro-perforated,7.5,1.5,91.0,,,Y,11,N,0.59,0.0072,75,,,,,MAP window not reachable with single film at this temperature/pack; use tuned micro-perforation or ventilated pack,synthetic_rule_physics_model
SCN02534,C043,Potato,fresh_produce_root_bulb,cool,S06,8.6,91.0,S12,48,8.7,2.0,90,79,0.1,6.1,0.99,5.3,9130.0,,M18,Micro-perforated LDPE (breathable),30,60000,30,14,good,Passive MAP - micro-perforated,7.5,1.5,91.0,,,Y,106,Y,0.59,0.0072,75,,,,,MAP window not reachable with single film at this temperature/pack; use tuned micro-perforation or ventilated pack,synthetic_rule_physics_model
SCN02535,C043,Potato,fresh_produce_root_bulb,cool,S06,9.3,93.0,S12,48,9.3,2.0,90,79,0.1,6.1,0.99,5.5,9236.0,,M18,Micro-perforated LDPE (breathable),30,60000,30,14,good,Passive MAP - micro-perforated,7.5,1.5,91.0,,,Y,100,Y,0.59,0.0072,75,,,,,MAP window not reachable with single film at this temperature/pack; use tuned micro-perforation or ventilated pack,synthetic_rule_physics_model
SCN02536,C043,Potato,fresh_produce_root_bulb,cool,S06,10.5,89.0,S12,48,10.5,2.0,240,79,0.1,6.1,0.99,6.1,9442.0,,M18,Micro-perforated LDPE (breathable),30,60000,30,14,good,Passive MAP - micro-perforated,7.5,1.5,91.0,,,Y,96,N,0.59,0.0072,75,,,,,MAP window not reachable with single film at this temperature/pack; use tuned micro-perforation or ventilated pack,synthetic_rule_physics_model
SCN02537,C043,Potato,fresh_produce_root_bulb,ambient,S02,32.4,88.0,S12,6,32.3,0.5,240,79,0.1,6.1,0.99,34.1,9953.0,,M18,Micro-perforated LDPE (breathable),30,60000,30,14,good,Passive MAP - micro-perforated,7.5,1.5,91.0,,,Y,14,N,0.94,0.0114,75,,,,,MAP window not reachable with single film at this temperature/pack; use tuned micro-perforation or ventilated pack,synthetic_rule_physics_model
SCN02538,C043,Potato,fresh_produce_root_bulb,cool,S06,13.4,92.0,S12,6,13.4,0.25,90,79,0.1,6.1,0.99,7.6,5033.0,,M01,LDPE film,35,5000.0,12.86,16,good,Passive MAP (equilibrium),7.5,1.5,91.0,7.4,3.0,Y,107,Y,0.99,0.016,76,,,,,,synthetic_rule_physics_model
SCN02539,C043,Potato,fresh_produce_root_bulb,cool,S06,8.4,93.0,S09,48,8.9,0.25,120,79,0.1,6.1,0.99,5.3,4612.0,,M01,LDPE film,40,4375.0,11.25,16,good,Passive MAP (equilibrium),7.5,1.5,91.0,6.8,3.2,Y,167,Y,1.13,0.0183,76,,,,,,synthetic_rule_physics_model
SCN02540,C043,Potato,fresh_produce_root_bulb,cool,S06,12.9,95.0,S09,48,13.0,0.5,180,79,0.1,6.1,0.99,7.4,6282.0,,M01,LDPE film,30,5833.3,15.0,16,good,Passive MAP (equilibrium),7.5,1.5,91.0,6.5,3.2,Y,113,N,0.68,0.0109,76,,,,,,synthetic_rule_physics_model
SCN02541,C043,Potato,fresh_produce_root_bulb,cool,S06,8.7,90.0,S09,24,8.9,1.0,180,79,0.1,6.1,0.99,5.4,7292.0,,M01,LDPE film,25,7000.0,18.0,16,good,Passive MAP (equilibrium),7.5,1.5,91.0,6.9,3.1,Y,171,N,0.45,0.0072,76,,,,,,synthetic_rule_physics_model
SCN02542,C043,Potato,fresh_produce_root_bulb,cool,S06,11.9,94.0,S12,48,11.9,0.5,180,79,0.1,6.1,0.99,6.8,6141.0,,M01,LDPE film,30,5833.3,15.0,16,good,Passive MAP (equilibrium),7.5,1.5,91.0,6.8,3.2,Y,124,N,0.68,0.0109,76,,,,,,synthetic_rule_physics_model
SCN02543,C043,Potato,fresh_produce_root_bulb,cool,S06,12.9,92.0,S12,6,12.9,1.0,60,79,0.1,6.1,0.99,7.4,7876.0,,M01,LDPE film,25,7000.0,18.0,16,good,Passive MAP (equilibrium),7.5,1.5,91.0,5.8,3.4,Y,122,Y,0.45,0.0072,76,,,,,,synthetic_rule_physics_model
SCN02544,C043,Potato,fresh_produce_root_bulb,cool,S06,11.4,92.0,S12,48,11.5,0.25,90,79,0.1,6.1,0.99,6.6,4849.0,,M01,LDPE film,40,4375.0,11.25,16,good,Passive MAP (equilibrium),7.5,1.5,91.0,6.0,3.3,Y,121,Y,1.13,0.0183,76,,,,,,synthetic_rule_physics_model
SCN02545,C043,Potato,fresh_produce_root_bulb,ambient,S01,26.8,42.0,S12,48,26.7,0.25,180,79,0.1,6.1,0.99,21.8,6818.0,,M01,LDPE film,30,5833.3,15.0,16,good,Passive MAP (equilibrium),7.5,1.5,91.0,5.2,3.5,Y,34,N,0.85,0.0137,76,,,,,,synthetic_rule_physics_model
SCN02546,C043,Potato,fresh_produce_root_bulb,ambient,S02,29.8,82.0,S12,6,29.7,2.0,60,79,0.1,6.1,0.99,27.7,14650.0,,M18,Micro-perforated LDPE (breathable),30,60000,30,14,good,Passive MAP - micro-perforated,7.5,1.5,91.0,,,Y,16,N,0.59,0.0072,75,,,,,MAP window not reachable with single film at this temperature/pack; use tuned micro-perforation or ventilated pack,synthetic_rule_physics_model
SCN02547,C043,Potato,fresh_produce_root_bulb,cool,S06,10.4,93.0,S12,6,10.4,0.25,60,79,0.1,6.1,0.99,6.0,4748.0,,M01,LDPE film,40,4375.0,11.25,16,good,Passive MAP (equilibrium),7.5,1.5,91.0,6.3,3.3,Y,152,Y,1.13,0.0183,76,,,,,,synthetic_rule_physics_model
SCN02548,C043,Potato,fresh_produce_root_bulb,cool,S06,9.6,90.0,S12,48,9.7,2.0,90,79,0.1,6.1,0.99,5.7,9304.0,,M18,Micro-perforated LDPE (breathable),30,60000,30,14,good,Passive MAP - micro-perforated,7.5,1.5,91.0,,,Y,102,Y,0.59,0.0072,75,,,,,MAP window not reachable with single film at this temperature/pack; use tuned micro-perforation or ventilated pack,synthetic_rule_physics_model
SCN02549,C043,Potato,fresh_produce_root_bulb,cool,S06,13.0,92.0,S12,24,12.9,0.25,60,79,0.1,6.1,0.99,7.3,4983.0,,M01,LDPE film,40,4375.0,11.25,16,good,Passive MAP (equilibrium),7.5,1.5,91.0,5.6,3.4,Y,123,Y,1.13,0.0183,76,,,,,,synthetic_rule_physics_model
SCN02550,C043,Potato,fresh_produce_root_bulb,cool,S06,9.3,89.0,S12,6,9.3,0.25,180,79,0.1,6.1,0.99,5.5,4651.0,,M01,LDPE film,40,4375.0,11.25,16,good,Passive MAP (equilibrium),7.5,1.5,91.0,6.6,3.2,Y,168,N,1.13,0.0183,76,,,,,,synthetic_rule_physics_model
SCN02551,C043,Potato,fresh_produce_root_bulb,ambient,S01,28.0,42.0,S12,6,27.9,0.5,60,79,0.1,6.1,0.99,24.0,8844.0,,M18,Micro-perforated LDPE (breathable),30,60000,30,14,good,Passive MAP - micro-perforated,7.5,1.5,91.0,,,Y,19,N,0.94,0.0114,75,,,,,MAP window not reachable with single film at this temperature/pack; use tuned micro-perforation or ventilated pack,synthetic_rule_physics_model
SCN02552,C043,Potato,fresh_produce_root_bulb,cool,S06,13.0,91.0,S12,48,12.8,0.25,60,79,0.1,6.1,0.99,7.3,4980.0,,M01,LDPE film,40,4375.0,11.25,16,good,Passive MAP (equilibrium),7.5,1.5,91.0,5.6,3.4,Y,113,Y,1.13,0.0183,76,,,,,,synthetic_rule_physics_model
SCN02553,C043,Potato,fresh_produce_root_bulb,cool,S06,13.7,93.0,S12,48,13.7,1.0,120,79,0.1,6.1,0.99,7.9,8009.0,,M01,LDPE film,25,7000.0,18.0,16,good,Passive MAP (equilibrium),7.5,1.5,91.0,5.6,3.4,Y,105,N,0.45,0.0072,76,,,,,,synthetic_rule_physics_model
SCN02554,C043,Potato,fresh_produce_root_bulb,cool,S06,8.9,88.0,S12,48,8.9,0.25,180,79,0.1,6.1,0.99,5.4,4619.0,,M01,LDPE film,40,4375.0,11.25,16,good,Passive MAP (equilibrium),7.5,1.5,91.0,6.7,3.2,Y,168,N,1.13,0.0183,76,,,,,,synthetic_rule_physics_model
SCN02555,C043,Potato,fresh_produce_root_bulb,ambient,S01,31.1,42.0,S09,24,31.1,0.25,120,79,0.1,6.1,0.99,31.0,7664.0,,M01,LDPE film,25,7000.0,18.0,16,good,Passive MAP (equilibrium),7.5,1.5,91.0,6.2,3.3,Y,22,N,0.71,0.0114,76,,,,,,synthetic_rule_physics_model
SCN02556,C043,Potato,fresh_produce_root_bulb,cool,S06,12.2,89.0,S12,48,12.1,0.5,60,79,0.1,6.1,0.99,6.9,6169.0,,M01,LDPE film,30,5833.3,15.0,16,good,Passive MAP (equilibrium),7.5,1.5,91.0,6.7,3.2,Y,119,Y,0.68,0.0109,76,,,,,,synthetic_rule_physics_model
SCN02557,C043,Potato,fresh_produce_root_bulb,ambient,S01,32.0,48.0,S12,48,31.8,0.5,240,79,0.1,6.1,0.99,32.7,9806.0,,M18,Micro-perforated LDPE (breathable),30,60000,30,14,good,Passive MAP - micro-perforated,7.5,1.5,91.0,,,Y,12,N,0.94,0.0114,75,,,,,MAP window not reachable with single film at this temperature/pack; use tuned micro-perforation or ventilated pack,synthetic_rule_physics_model
SCN02558,C043,Potato,fresh_produce_root_bulb,ambient,S01,21.1,42.0,S12,6,21.0,1.0,120,79,0.1,6.1,0.99,14.0,9397.0,,M18,Micro-perforated LDPE (breathable),30,60000,30,14,good,Passive MAP - micro-perforated,7.5,1.5,91.0,,,Y,39,N,0.75,0.0091,75,,,,,MAP window not reachable with single film at this temperature/pack; use tuned micro-perforation or ventilated pack,synthetic_rule_physics_model
SCN02559,C043,Potato,fresh_produce_root_bulb,cool,S06,13.6,89.0,S12,24,13.6,1.0,180,79,0.1,6.1,0.99,7.8,7985.0,,M01,LDPE film,25,7000.0,18.0,16,good,Passive MAP (equilibrium),7.5,1.5,91.0,5.6,3.4,Y,103,N,0.45,0.0072,76,,,,,,synthetic_rule_physics_model
SCN02560,C043,Potato,fresh_produce_root_bulb,cool,S06,10.6,92.0,S12,48,10.6,0.25,60,79,0.1,6.1,0.99,6.2,4770.0,,M01,LDPE film,40,4375.0,11.25,16,good,Passive MAP (equilibrium),7.5,1.5,91.0,6.3,3.3,Y,133,Y,1.13,0.0183,76,,,,,,synthetic_rule_physics_model
SCN02561,C043,Potato,fresh_produce_root_bulb,cool,S06,13.9,89.0,S12,6,13.9,0.5,90,79,0.1,6.1,0.99,8.0,6395.0,,M01,LDPE film,30,5833.3,15.0,16,good,Passive MAP (equilibrium),7.5,1.5,91.0,6.2,3.3,Y,105,Y,0.68,0.0109,76,,,,,,synthetic_rule_physics_model
SCN02562,C043,Potato,fresh_produce_root_bulb,cool,S06,13.3,89.0,S12,6,13.3,0.5,120,79,0.1,6.1,0.99,7.6,6313.0,,M01,LDPE film,30,5833.3,15.0,16,good,Passive MAP (equilibrium),7.5,1.5,91.0,6.4,3.2,Y,106,N,0.68,0.0109,76,,,,,,synthetic_rule_physics_model
SCN02563,C043,Potato,fresh_produce_root_bulb,ambient,S02,29.5,76.0,S12,24,29.3,1.0,90,79,0.1,6.1,0.99,26.8,11531.0,,M18,Micro-perforated LDPE (breathable),30,60000,30,14,good,Passive MAP - micro-perforated,7.5,1.5,91.0,,,Y,18,N,0.75,0.0091,75,,,,,MAP window not reachable with single film at this temperature/pack; use tuned micro-perforation or ventilated pack,synthetic_rule_physics_model
SCN02564,C043,Potato,fresh_produce_root_bulb,cool,S06,11.9,93.0,S09,24,12.0,1.0,120,79,0.1,6.1,0.99,6.9,7745.0,,M01,LDPE film,25,7000.0,18.0,16,good,Passive MAP (equilibrium),7.5,1.5,91.0,6.1,3.3,Y,124,Y,0.45,0.0072,76,,,,,,synthetic_rule_physics_model
SCN02565,C043,Potato,fresh_produce_root_bulb,ambient,S01,27.0,55.0,S12,24,26.9,1.0,180,79,0.1,6.1,0.99,22.2,10843.0,,M18,Micro-perforated LDPE (breathable),30,60000,30,14,good,Passive MAP - micro-perforated,7.5,1.5,91.0,,,Y,21,N,0.75,0.0091,75,,,,,MAP window not reachable with single film at this temperature/pack; use tuned micro-perforation or ventilated pack,synthetic_rule_physics_model
SCN02566,C043,Potato,fresh_produce_root_bulb,cool,S06,11.0,95.0,S12,6,11.0,0.25,120,79,0.1,6.1,0.99,6.4,4807.0,,M01,LDPE film,40,4375.0,11.25,16,good,Passive MAP (equilibrium),7.5,1.5,91.0,6.2,3.3,Y,130,Y,1.13,0.0183,76,,,,,,synthetic_rule_physics_model
SCN02567,C043,Potato,fresh_produce_root_bulb,ambient,S01,25.2,49.0,S12,48,24.9,1.0,120,79,0.1,6.1,0.99,19.0,10320.0,,M18,Micro-perforated LDPE (breathable),30,60000,30,14,good,Passive MAP - micro-perforated,7.5,1.5,91.0,,,Y,25,N,0.75,0.0091,75,,,,,MAP window not reachable with single film at this temperature/pack; use tuned micro-perforation or ventilated pack,synthetic_rule_physics_model
SCN02568,C043,Potato,fresh_produce_root_bulb,cool,S06,8.9,95.0,S12,24,8.9,2.0,90,79,0.1,6.1,0.99,5.4,9171.0,,M18,Micro-perforated LDPE (breathable),30,60000,30,14,good,Passive MAP - micro-perforated,7.5,1.5,91.0,,,Y,104,Y,0.59,0.0072,75,,,,,MAP window not reachable with single film at this temperature/pack; use tuned micro-perforation or ventilated pack,synthetic_rule_physics_model
SCN02569,C043,Potato,fresh_produce_root_bulb,cool,S06,10.2,90.0,S09,24,10.6,0.25,60,79,0.1,6.1,0.99,6.1,4764.0,,M01,LDPE film,40,4375.0,11.25,16,good,Passive MAP (equilibrium),7.5,1.5,91.0,6.3,3.3,Y,147,Y,1.13,0.0183,76,,,,,,synthetic_rule_physics_model
SCN02570,C043,Potato,fresh_produce_root_bulb,ambient,S02,33.2,80.0,S09,48,33.2,2.0,240,79,0.1,6.1,0.99,36.4,16083.0,,M18,Micro-perforated LDPE (breathable),30,60000,30,14,good,Passive MAP - micro-perforated,7.5,1.5,91.0,,,Y,12,N,0.59,0.0072,75,,,,,MAP window not reachable with single film at this temperature/pack; use tuned micro-perforation or ventilated pack,synthetic_rule_physics_model
SCN02571,C043,Potato,fresh_produce_root_bulb,cool,S06,8.2,93.0,S12,48,8.4,0.25,60,79,0.1,6.1,0.99,5.2,4574.0,,M01,LDPE film,40,4375.0,11.25,16,good,Passive MAP (equilibrium),7.5,1.5,91.0,6.9,3.1,Y,172,Y,1.13,0.0183,76,,,,,,synthetic_rule_physics_model
SCN02572,C043,Potato,fresh_produce_root_bulb,ambient,S02,31.3,86.0,S12,6,31.3,0.25,180,79,0.1,6.1,0.99,31.3,7689.0,,M01,LDPE film,25,7000.0,18.0,16,good,Passive MAP (equilibrium),7.5,1.5,91.0,6.2,3.3,Y,21,N,0.71,0.0114,76,,,,,,synthetic_rule_physics_model
SCN02573,C043,Potato,fresh_produce_root_bulb,cool,S06,9.2,93.0,S12,6,9.2,0.5,90,79,0.1,6.1,0.99,5.5,5831.0,,M01,LDPE film,35,5000.0,12.86,16,good,Passive MAP (equilibrium),7.5,1.5,91.0,5.3,3.5,Y,162,Y,0.79,0.0127,76,,,,,,synthetic_rule_physics_model
SCN02574,C043,Potato,fresh_produce_root_bulb,cool,S06,8.9,89.0,S12,24,8.9,1.0,180,79,0.1,6.1,0.99,5.4,7292.0,,M01,LDPE film,25,7000.0,18.0,16,good,Passive MAP (equilibrium),7.5,1.5,91.0,6.9,3.1,Y,171,N,0.45,0.0072,76,,,,,,synthetic_rule_physics_model
SCN02575,C043,Potato,fresh_produce_root_bulb,cool,S06,11.6,92.0,S12,24,11.6,0.25,240,79,0.1,6.1,0.99,6.7,4861.0,,M01,LDPE film,40,4375.0,11.25,16,good,Passive MAP (equilibrium),7.5,1.5,91.0,6.0,3.3,Y,124,N,1.13,0.0183,76,,,,,,synthetic_rule_physics_model
SCN02576,C043,Potato,fresh_produce_root_bulb,cool,S06,12.8,90.0,S09,24,13.0,0.25,90,79,0.1,6.1,0.99,7.4,4992.0,,M01,LDPE film,40,4375.0,11.25,16,good,Passive MAP (equilibrium),7.5,1.5,91.0,5.6,3.4,Y,110,Y,1.13,0.0183,76,,,,,,synthetic_rule_physics_model
SCN02577,C043,Potato,fresh_produce_root_bulb,ambient,S02,30.5,81.0,S09,48,30.6,0.5,90,79,0.1,6.1,0.99,29.6,9485.0,,M18,Micro-perforated LDPE (breathable),30,60000,30,14,good,Passive MAP - micro-perforated,7.5,1.5,91.0,,,Y,14,N,0.94,0.0114,75,,,,,MAP window not reachable with single film at this temperature/pack; use tuned micro-perforation or ventilated pack,synthetic_rule_physics_model
SCN02578,C043,Potato,fresh_produce_root_bulb,cool,S06,8.8,94.0,S09,24,9.0,0.25,120,79,0.1,6.1,0.99,5.4,4624.0,,M01,LDPE film,40,4375.0,11.25,16,good,Passive MAP (equilibrium),7.5,1.5,91.0,6.7,3.2,Y,163,Y,1.13,0.0183,76,,,,,,synthetic_rule_physics_model
SCN02579,C043,Potato,fresh_produce_root_bulb,ambient,S01,26.3,41.0,S09,24,26.3,0.25,60,79,0.1,6.1,0.99,21.1,6751.0,,M01,LDPE film,30,5833.3,15.0,16,good,Passive MAP (equilibrium),7.5,1.5,91.0,5.4,3.5,Y,34,N,0.85,0.0137,76,,,,,,synthetic_rule_physics_model
SCN02580,C043,Potato,fresh_produce_root_bulb,cool,S06,9.7,94.0,S09,24,9.8,0.25,240,79,0.1,6.1,0.99,5.8,4695.0,,M01,LDPE film,40,4375.0,11.25,16,good,Passive MAP (equilibrium),7.5,1.5,91.0,6.5,3.2,Y,155,N,1.13,0.0183,76,,,,,,synthetic_rule_physics_model
SCN02581,C044,Onion (dry bulb),fresh_produce_root_bulb,ambient,S01,29.1,42.0,S10,24,29.0,2.0,225,89,0.1,5.6,0.98,50.7,19778.0,,M18,Micro-perforated LDPE (breathable),30,60000,30,14,good,Passive MAP - micro-perforated,2.0,7.5,90.5,,,Y,10,N,0.59,0.0072,75,,,,,MAP window not reachable with single film at this temperature/pack; use tuned micro-perforation or ventilated pack,synthetic_rule_physics_model
SCN02582,C044,Onion (dry bulb),fresh_produce_root_bulb,ambient,S01,27.5,54.0,S10,24,27.2,0.5,75,89,0.1,5.6,0.98,43.5,11776.0,,M18,Micro-perforated LDPE (breathable),30,60000,30,14,good,Passive MAP - micro-perforated,2.0,7.5,90.5,,,Y,12,N,0.94,0.0114,75,,,,,MAP window not reachable with single film at this temperature/pack; use tuned micro-perforation or ventilated pack,synthetic_rule_physics_model
SCN02583,C044,Onion (dry bulb),fresh_produce_root_bulb,ambient,S02,32.5,89.0,S10,48,32.3,2.0,300,89,0.1,5.6,0.98,67.7,22229.0,,M18,Micro-perforated LDPE (breathable),30,60000,30,14,good,Passive MAP - micro-perforated,2.0,7.5,90.5,,,Y,8,N,0.59,0.0072,75,,,,,MAP window not reachable with single film at this temperature/pack; use tuned micro-perforation or ventilated pack,synthetic_rule_physics_model
SCN02584,C044,Onion (dry bulb),fresh_produce_root_bulb,ambient,S01,28.0,42.0,S09,6,28.0,2.0,150,89,0.1,5.6,0.98,46.5,19112.0,,M18,Micro-perforated LDPE (breathable),30,60000,30,14,good,Passive MAP - micro-perforated,2.0,7.5,90.5,,,Y,12,N,0.59,0.0072,75,,,,,MAP window not reachable with single film at this temperature/pack; use tuned micro-perforation or ventilated pack,synthetic_rule_physics_model
SCN02585,C044,Onion (dry bulb),fresh_produce_root_bulb,chilled,S05,4.6,77.0,S10,48,4.6,2.0,150,89,0.1,5.6,0.98,6.0,9450.0,,M18,Micro-perforated LDPE (breathable),30,60000,30,14,good,Passive MAP - micro-perforated,2.0,7.5,90.5,,,Y,95,N,0.59,0.0072,75,,,,,MAP window not reachable with single film at this temperature/pack; use tuned micro-perforation or ventilated pack,synthetic_rule_physics_model
SCN02586,C044,Onion (dry bulb),fresh_produce_root_bulb,chilled,S05,6.5,70.0,S09,48,6.7,0.25,225,89,0.1,5.6,0.98,7.2,5023.0,,M01,LDPE film,35,5000.0,12.86,16,good,Passive MAP (equilibrium),2.0,7.5,90.5,1.9,4.2,Y,171,N,0.99,0.016,76,,,,,,synthetic_rule_physics_model
SCN02587,C044,Onion (dry bulb),fresh_produce_root_bulb,chilled,S04,1.2,94.0,S10,24,1.3,2.0,75,89,0.1,5.6,0.98,4.5,8717.0,,M18,Micro-perforated LDPE (breathable),30,60000,30,14,good,Passive MAP - micro-perforated,2.0,7.5,90.5,,,Y,132,Y,0.59,0.0072,75,,,,,MAP window not reachable with single film at this temperature/pack; use tuned micro-perforation or ventilated pack,synthetic_rule_physics_model
SCN02588,C044,Onion (dry bulb),fresh_produce_root_bulb,chilled,S04,0.2,88.0,S10,24,0.2,1.0,150,89,0.1,5.6,0.98,4.1,6765.0,,M18,Micro-perforated LDPE (breathable),30,60000,30,14,good,Passive MAP - micro-perforated,2.0,7.5,90.5,,,Y,149,Y,0.75,0.0091,75,,,,,MAP window not reachable with single film at this temperature/pack; use tuned micro-perforation or ventilated pack,synthetic_rule_physics_model
SCN02589,C044,Onion (dry bulb),fresh_produce_root_bulb,chilled,S04,1.8,86.0,S10,48,1.8,0.25,150,89,0.1,5.6,0.98,4.7,4448.0,,M01,LDPE film,40,4375.0,11.25,16,good,Passive MAP (equilibrium),2.0,7.5,90.5,1.7,4.3,Y,251,Y,1.13,0.0183,76,,,,,,synthetic_rule_physics_model
SCN02590,C044,Onion (dry bulb),fresh_produce_root_bulb,ambient,S02,28.5,82.0,S10,48,28.3,0.5,225,89,0.1,5.6,0.98,47.4,12191.0,,M18,Micro-perforated LDPE (breathable),30,60000,30,14,good,Passive MAP - micro-perforated,2.0,7.5,90.5,,,Y,11,N,0.94,0.0114,75,,,,,MAP window not reachable with single film at this temperature/pack; use tuned micro-perforation or ventilated pack,synthetic_rule_physics_model
SCN02591,C044,Onion (dry bulb),fresh_produce_root_bulb,chilled,S05,7.2,76.0,S10,24,7.2,2.0,112,89,0.1,5.6,0.98,7.5,10122.0,,M18,Micro-perforated LDPE (breathable),30,60000,30,14,good,Passive MAP - micro-perforated,2.0,7.5,90.5,,,Y,80,N,0.59,0.0072,75,,,,,MAP window not reachable with single film at this temperature/pack; use tuned micro-perforation or ventilated pack,synthetic_rule_physics_model
SCN02592,C044,Onion (dry bulb),fresh_produce_root_bulb,ambient,S01,29.7,53.0,S10,6,29.7,0.5,150,89,0.1,5.6,0.98,53.8,12818.0,,M18,Micro-perforated LDPE (breathable),30,60000,30,14,good,Passive MAP - micro-perforated,2.0,7.5,90.5,,,Y,10,N,0.94,0.0114,75,,,,,MAP window not reachable with single film at this temperature/pack; use tuned micro-perforation or ventilated pack,synthetic_rule_physics_model
SCN02593,C044,Onion (dry bulb),fresh_produce_root_bulb,ambient,S01,23.3,51.0,S10,6,23.2,1.0,150,89,0.1,5.6,0.98,30.6,12947.0,,M18,Micro-perforated LDPE (breathable),30,60000,30,14,good,Passive MAP - micro-perforated,2.0,7.5,90.5,,,Y,19,N,0.75,0.0091,75,,,,,MAP window not reachable with single film at this temperature/pack; use tuned micro-perforation or ventilated pack,synthetic_rule_physics_model
SCN02594,C044,Onion (dry bulb),fresh_produce_root_bulb,ambient,S02,31.2,77.0,S10,6,31.2,1.0,300,89,0.1,5.6,0.98,61.2,16972.0,,M18,Micro-perforated LDPE (breathable),30,60000,30,14,good,Passive MAP - micro-perforated,2.0,7.5,90.5,,,Y,8,N,0.75,0.0091,75,,,,,MAP window not reachable with single film at this temperature/pack; use tuned micro-perforation or ventilated pack,synthetic_rule_physics_model
SCN02595,C044,Onion (dry bulb),fresh_produce_root_bulb,chilled,S05,4.9,73.0,S10,6,4.9,0.5,112,89,0.1,5.6,0.98,6.1,6030.0,,M01,LDPE film,30,5833.3,15.0,16,good,Passive MAP (equilibrium),2.0,7.5,90.5,1.4,4.4,Y,201,Y,0.68,0.0109,76,,,,,,synthetic_rule_physics_model
SCN02596,C044,Onion (dry bulb),fresh_produce_root_bulb,ambient,S01,27.4,48.0,S10,24,27.1,0.5,75,89,0.1,5.6,0.98,43.0,11725.0,,M18,Micro-perforated LDPE (breathable),30,60000,30,14,good,Passive MAP - micro-perforated,2.0,7.5,90.5,,,Y,12,N,0.94,0.0114,75,,,,,MAP window not reachable with single film at this temperature/pack; use tuned micro-perforation or ventilated pack,synthetic_rule_physics_model
SCN02597,C044,Onion (dry bulb),fresh_produce_root_bulb,chilled,S04,1.5,85.0,S10,6,1.6,2.0,225,89,0.1,5.6,0.98,4.6,8778.0,,M18,Micro-perforated LDPE (breathable),30,60000,30,14,good,Passive MAP - micro-perforated,2.0,7.5,90.5,,,Y,121,N,0.59,0.0072,75,,,,,MAP window not reachable with single film at this temperature/pack; use tuned micro-perforation or ventilated pack,synthetic_rule_physics_model
SCN02598,C044,Onion (dry bulb),fresh_produce_root_bulb,ambient,S02,33.5,87.0,S10,48,32.9,1.0,112,89,0.1,5.6,0.98,71.5,18088.0,,M18,Micro-perforated LDPE (breathable),30,60000,30,14,good,Passive MAP - micro-perforated,2.0,7.5,90.5,,,Y,7,N,0.75,0.0091,75,,,,,MAP window not reachable with single film at this temperature/pack; use tuned micro-perforation or ventilated pack,synthetic_rule_physics_model
SCN02599,C044,Onion (dry bulb),fresh_produce_root_bulb,chilled,S04,1.6,90.0,S09,48,2.3,1.0,112,89,0.1,5.6,0.98,4.9,7113.0,,M01,LDPE film,25,7000.0,18.0,16,good,Passive MAP (equilibrium),2.0,7.5,90.5,1.7,4.3,Y,246,Y,0.45,0.0072,76,,,,,,synthetic_rule_physics_model
SCN02600,C044,Onion (dry bulb),fresh_produce_root_bulb,chilled,S04,1.6,91.0,S10,6,1.6,0.25,225,89,0.1,5.6,0.98,4.6,4428.0,,M01,LDPE film,40,4375.0,11.25,16,good,Passive MAP (equilibrium),2.0,7.5,90.5,1.8,4.3,Y,277,Y,1.13,0.0183,76,,,,,,synthetic_rule_physics_model
SCN02601,C044,Onion (dry bulb),fresh_produce_root_bulb,ambient,S01,31.7,43.0,S10,48,31.2,0.25,150,89,0.1,5.6,0.98,61.7,10774.0,,M18,Micro-perforated LDPE (breathable),30,60000,30,14,good,Passive MAP - micro-perforated,2.0,7.5,90.5,,,Y,9,N,1.18,0.0144,75,,,,,MAP window not reachable with single film at this temperature/pack; use tuned micro-perforation or ventilated pack,synthetic_rule_physics_model
SCN02602,C044,Onion (dry bulb),fresh_produce_root_bulb,ambient,S01,29.9,40.0,S10,48,29.1,0.25,75,89,0.1,5.6,0.98,51.3,10005.0,,M18,Micro-perforated LDPE (breathable),30,60000,30,14,good,Passive MAP - micro-perforated,2.0,7.5,90.5,,,Y,10,N,1.18,0.0144,75,,,,,MAP window not reachable with single film at this temperature/pack; use tuned micro-perforation or ventilated pack,synthetic_rule_physics_model
SCN02603,C044,Onion (dry bulb),fresh_produce_root_bulb,chilled,S04,0.9,91.0,S10,6,0.9,0.25,75,89,0.1,5.6,0.98,4.3,4352.0,,M18,Micro-perforated LDPE (breathable),30,60000,30,14,good,Passive MAP - micro-perforated,2.0,7.5,90.5,,,Y,142,Y,1.18,0.0144,75,,,,,MAP window not reachable with single film at this temperature/pack; use tuned micro-perforation or ventilated pack,synthetic_rule_physics_model
SCN02604,C044,Onion (dry bulb),fresh_produce_root_bulb,ambient,S01,27.8,51.0,S10,48,27.5,1.0,225,89,0.1,5.6,0.98,44.6,14954.0,,M18,Micro-perforated LDPE (breathable),30,60000,30,14,good,Passive MAP - micro-perforated,2.0,7.5,90.5,,,Y,12,N,0.75,0.0091,75,,,,,MAP window not reachable with single film at this temperature/pack; use tuned micro-perforation or ventilated pack,synthetic_rule_physics_model
SCN02605,C044,Onion (dry bulb),fresh_produce_root_bulb,chilled,S04,2.1,89.0,S09,48,2.2,2.0,300,89,0.1,5.6,0.98,4.9,8924.0,,M18,Micro-perforated LDPE (breathable),30,60000,30,14,good,Passive MAP - micro-perforated,2.0,7.5,90.5,,,Y,118,N,0.59,0.0072,75,,,,,MAP window not reachable with single film at this temperature/pack; use tuned micro-perforation or ventilated pack,synthetic_rule_physics_model
SCN02606,C044,Onion (dry bulb),fresh_produce_root_bulb,ambient,S01,21.7,40.0,S09,48,21.9,0.5,112,89,0.1,5.6,0.98,27.1,9850.0,,M18,Micro-perforated LDPE (breathable),30,60000,30,14,good,Passive MAP - micro-perforated,2.0,7.5,90.5,,,Y,20,N,0.94,0.0114,75,,,,,MAP window not reachable with single film at this temperature/pack; use tuned micro-perforation or ventilated pack,synthetic_rule_physics_model
SCN02607,C044,Onion (dry bulb),fresh_produce_root_bulb,ambient,S01,25.6,63.0,S10,24,25.5,1.0,225,89,0.1,5.6,0.98,37.3,13958.0,,M18,Micro-perforated LDPE (breathable),30,60000,30,14,good,Passive MAP - micro-perforated,2.0,7.5,90.5,,,Y,16,N,0.75,0.0091,75,,,,,MAP window not reachable with single film at this temperature/pack; use tuned micro-perforation or ventilated pack,synthetic_rule_physics_model
SCN02608,C044,Onion (dry bulb),fresh_produce_root_bulb,chilled,S04,1.2,87.0,S10,6,1.2,1.0,150,89,0.1,5.6,0.98,4.4,6918.0,,M18,Micro-perforated LDPE (breathable),30,60000,30,14,good,Passive MAP - micro-perforated,2.0,7.5,90.5,,,Y,131,N,0.75,0.0091,75,,,,,MAP window not reachable with single film at this temperature/pack; use tuned micro-perforation or ventilated pack,synthetic_rule_physics_model
SCN02609,C044,Onion (dry bulb),fresh_produce_root_bulb,chilled,S04,0.3,90.0,S10,6,0.3,2.0,150,89,0.1,5.6,0.98,4.1,8529.0,,M18,Micro-perforated LDPE (breathable),30,60000,30,14,good,Passive MAP - micro-perforated,2.0,7.5,90.5,,,Y,137,N,0.59,0.0072,75,,,,,MAP window not reachable with single film at this temperature/pack; use tuned micro-perforation or ventilated pack,synthetic_rule_physics_model
SCN02610,C044,Onion (dry bulb),fresh_produce_root_bulb,chilled,S04,2.6,91.0,S09,6,2.7,0.25,300,89,0.1,5.6,0.98,5.0,4538.0,,M01,LDPE film,40,4375.0,11.25,16,good,Passive MAP (equilibrium),2.0,7.5,90.5,1.3,4.4,Y,219,N,1.13,0.0183,76,,,,,,synthetic_rule_physics_model
SCN02611,C044,Onion (dry bulb),fresh_produce_root_bulb,chilled,S05,5.4,71.0,S10,6,5.4,0.25,112,89,0.1,5.6,0.98,6.4,4858.0,,M18,Micro-perforated LDPE (breathable),30,60000,30,14,good,Passive MAP - micro-perforated,2.0,7.5,90.5,,,Y,89,N,1.18,0.0144,75,,,,,MAP window not reachable with single film at this temperature/pack; use tuned micro-perforation or ventilated pack,synthetic_rule_physics_model
SCN02612,C044,Onion (dry bulb),fresh_produce_root_bulb,chilled,S04,2.7,89.0,S10,24,2.7,2.0,75,89,0.1,5.6,0.98,5.1,9031.0,,M18,Micro-perforated LDPE (breathable),30,60000,30,14,good,Passive MAP - micro-perforated,2.0,7.5,90.5,,,Y,113,Y,0.59,0.0072,75,,,,,MAP window not reachable with single film at this temperature/pack; use tuned micro-perforation or ventilated pack,synthetic_rule_physics_model
SCN02613,C044,Onion (dry bulb),fresh_produce_root_bulb,chilled,S04,1.3,86.0,S10,6,1.3,1.0,300,89,0.1,5.6,0.98,4.5,6948.0,,M18,Micro-perforated LDPE (breathable),30,60000,30,14,good,Passive MAP - micro-perforated,2.0,7.5,90.5,,,Y,128,N,0.75,0.0091,75,,,,,MAP window not reachable with single film at this temperature/pack; use tuned micro-perforation or ventilated pack,synthetic_rule_physics_model
SCN02614,C044,Onion (dry bulb),fresh_produce_root_bulb,chilled,S04,0.6,93.0,S10,6,0.6,1.0,225,89,0.1,5.6,0.98,4.2,6820.0,,M18,Micro-perforated LDPE (breathable),30,60000,30,14,good,Passive MAP - micro-perforated,2.0,7.5,90.5,,,Y,145,N,0.75,0.0091,75,,,,,MAP window not reachable with single film at this temperature/pack; use tuned micro-perforation or ventilated pack,synthetic_rule_physics_model
SCN02615,C044,Onion (dry bulb),fresh_produce_root_bulb,chilled,S04,0.6,88.0,S10,24,0.6,0.5,225,89,0.1,5.6,0.98,4.2,5433.0,,M18,Micro-perforated LDPE (breathable),30,60000,30,14,good,Passive MAP - micro-perforated,2.0,7.5,90.5,,,Y,141,N,0.94,0.0114,75,,,,,MAP window not reachable with single film at this temperature/pack; use tuned micro-perforation or ventilated pack,synthetic_rule_physics_model
SCN02616,C044,Onion (dry bulb),fresh_produce_root_bulb,ambient,S01,22.9,59.0,S10,6,22.9,0.5,75,89,0.1,5.6,0.98,29.7,10180.0,,M18,Micro-perforated LDPE (breathable),30,60000,30,14,good,Passive MAP - micro-perforated,2.0,7.5,90.5,,,Y,19,N,0.94,0.0114,75,,,,,MAP window not reachable with single film at this temperature/pack; use tuned micro-perforation or ventilated pack,synthetic_rule_physics_model
SCN02617,C044,Onion (dry bulb),fresh_produce_root_bulb,chilled,S05,6.1,87.0,S10,48,6.1,2.0,300,89,0.1,5.6,0.98,6.8,9827.0,,M18,Micro-perforated LDPE (breathable),30,60000,30,14,good,Passive MAP - micro-perforated,2.0,7.5,90.5,,,Y,89,N,0.59,0.0072,75,,,,,MAP window not reachable with single film at this temperature/pack; use tuned micro-perforation or ventilated pack,synthetic_rule_physics_model
SCN02618,C044,Onion (dry bulb),fresh_produce_root_bulb,chilled,S04,2.0,91.0,S09,6,2.0,1.0,300,89,0.1,5.6,0.98,4.8,7056.0,,M01,LDPE film,25,7000.0,18.0,16,good,Passive MAP (equilibrium),2.0,7.5,90.5,1.8,4.3,Y,257,N,0.45,0.0072,76,,,,,,synthetic_rule_physics_model
SCN02619,C044,Onion (dry bulb),fresh_produce_root_bulb,chilled,S04,2.1,85.0,S10,24,2.1,0.25,225,89,0.1,5.6,0.98,4.8,4477.0,,M01,LDPE film,40,4375.0,11.25,16,good,Passive MAP (equilibrium),2.0,7.5,90.5,1.6,4.3,Y,241,Y,1.13,0.0183,76,,,,,,synthetic_rule_physics_model
SCN02620,C044,Onion (dry bulb),fresh_produce_root_bulb,chilled,S04,1.7,88.0,S10,6,1.7,0.5,150,89,0.1,5.6,0.98,4.7,5577.0,,M18,Micro-perforated LDPE (breathable),30,60000,30,14,good,Passive MAP - micro-perforated,2.0,7.5,90.5,,,Y,130,N,0.94,0.0114,75,,,,,MAP window not reachable with single film at this temperature/pack; use tuned micro-perforation or ventilated pack,synthetic_rule_physics_model
SCN02621,C044,Onion (dry bulb),fresh_produce_root_bulb,ambient,S02,30.5,82.0,S09,48,30.7,2.0,150,89,0.1,5.6,0.98,58.6,20957.0,,M18,Micro-perforated LDPE (breathable),30,60000,30,14,good,Passive MAP - micro-perforated,2.0,7.5,90.5,,,Y,9,N,0.59,0.0072,75,,,,,MAP window not reachable with single film at this temperature/pack; use tuned micro-perforation or ventilated pack,synthetic_rule_physics_model
SCN02622,C044,Onion (dry bulb),fresh_produce_root_bulb,chilled,S04,3.7,89.0,S10,24,3.7,2.0,300,89,0.1,5.6,0.98,5.5,9252.0,,M18,Micro-perforated LDPE (breathable),30,60000,30,14,good,Passive MAP - micro-perforated,2.0,7.5,90.5,,,Y,105,N,0.59,0.0072,75,,,,,MAP window not reachable with single film at this temperature/pack; use tuned micro-perforation or ventilated pack,synthetic_rule_physics_model
SCN02623,C044,Onion (dry bulb),fresh_produce_root_bulb,chilled,S04,3.2,88.0,S10,48,3.2,1.0,225,89,0.1,5.6,0.98,5.3,7264.0,,M01,LDPE film,25,7000.0,18.0,16,good,Passive MAP (equilibrium),2.0,7.5,90.5,1.3,4.4,Y,221,Y,0.45,0.0072,76,,,,,,synthetic_rule_physics_model
SCN02624,C044,Onion (dry bulb),fresh_produce_root_bulb,chilled,S04,0.0,89.0,S10,48,0.1,1.0,225,89,0.1,5.6,0.98,4.0,6743.0,,M18,Micro-perforated LDPE (breathable),30,60000,30,14,good,Passive MAP - micro-perforated,2.0,7.5,90.5,,,Y,160,N,0.75,0.0091,75,,,,,MAP window not reachable with single film at this temperature/pack; use tuned micro-perforation or ventilated pack,synthetic_rule_physics_model
SCN02625,C044,Onion (dry bulb),fresh_produce_root_bulb,chilled,S04,2.7,94.0,S09,6,2.7,2.0,225,89,0.1,5.6,0.98,5.1,9029.0,,M18,Micro-perforated LDPE (breathable),30,60000,30,14,good,Passive MAP - micro-perforated,2.0,7.5,90.5,,,Y,113,N,0.59,0.0072,75,,,,,MAP window not reachable with single film at this temperature/pack; use tuned micro-perforation or ventilated pack,synthetic_rule_physics_model
SCN02626,C044,Onion (dry bulb),fresh_produce_root_bulb,chilled,S05,4.2,76.0,S10,48,4.1,0.5,150,89,0.1,5.6,0.98,5.8,5918.0,,M01,LDPE film,30,5833.3,15.0,16,good,Passive MAP (equilibrium),2.0,7.5,90.5,1.7,4.3,Y,217,Y,0.68,0.0109,76,,,,,,synthetic_rule_physics_model
SCN02627,C044,Onion (dry bulb),fresh_produce_root_bulb,chilled,S04,2.3,88.0,S09,6,2.4,0.25,112,89,0.1,5.6,0.98,4.9,4508.0,,M01,LDPE film,40,4375.0,11.25,16,good,Passive MAP (equilibrium),2.0,7.5,90.5,1.4,4.4,Y,228,Y,1.13,0.0183,76,,,,,,synthetic_rule_physics_model
SCN02628,C044,Onion (dry bulb),fresh_produce_root_bulb,ambient,S01,23.5,52.0,S10,24,23.4,0.25,150,89,0.1,5.6,0.98,31.0,8235.0,,M18,Micro-perforated LDPE (breathable),30,60000,30,14,good,Passive MAP - micro-perforated,2.0,7.5,90.5,,,Y,19,N,1.18,0.0144,75,,,,,MAP window not reachable with single film at this temperature/pack; use tuned micro-perforation or ventilated pack,synthetic_rule_physics_model
SCN02629,C044,Onion (dry bulb),fresh_produce_root_bulb,chilled,S04,3.5,89.0,S09,6,3.5,0.25,225,89,0.1,5.6,0.98,5.5,4637.0,,M01,LDPE film,40,4375.0,11.25,16,good,Passive MAP (equilibrium),2.0,7.5,90.5,0.9,4.5,Y,161,N,1.13,0.0183,76,,,,,,synthetic_rule_physics_model
SCN02630,C044,Onion (dry bulb),fresh_produce_root_bulb,chilled,S04,2.6,90.0,S10,6,2.6,0.5,112,89,0.1,5.6,0.98,5.0,5697.0,,M18,Micro-perforated LDPE (breathable),30,60000,30,14,good,Passive MAP - micro-perforated,2.0,7.5,90.5,,,Y,111,Y,0.94,0.0114,75,,,,,MAP window not reachable with single film at this temperature/pack; use tuned micro-perforation or ventilated pack,synthetic_rule_physics_model
SCN02631,C044,Onion (dry bulb),fresh_produce_root_bulb,chilled,S04,0.2,91.0,S10,24,0.2,2.0,225,89,0.1,5.6,0.98,4.1,8510.0,,M18,Micro-perforated LDPE (breathable),30,60000,30,14,good,Passive MAP - micro-perforated,2.0,7.5,90.5,,,Y,150,N,0.59,0.0072,75,,,,,MAP window not reachable with single film at this temperature/pack; use tuned micro-perforation or ventilated pack,synthetic_rule_physics_model
SCN02632,C044,Onion (dry bulb),fresh_produce_root_bulb,ambient,S01,25.3,50.0,S10,24,25.3,0.5,300,89,0.1,5.6,0.98,36.5,11012.0,,M18,Micro-perforated LDPE (breathable),30,60000,30,14,good,Passive MAP - micro-perforated,2.0,7.5,90.5,,,Y,15,N,0.94,0.0114,75,,,,,MAP window not reachable with single film at this temperature/pack; use tuned micro-perforation or ventilated pack,synthetic_rule_physics_model
SCN02633,C044,Onion (dry bulb),fresh_produce_root_bulb,ambient,S02,35.1,92.0,S10,24,35.0,0.25,300,89,0.1,5.6,0.98,85.5,12332.0,,M18,Micro-perforated LDPE (breathable),30,60000,30,14,good,Passive MAP - micro-perforated,2.0,7.5,90.5,,,Y,6,N,1.18,0.0144,75,,,,,MAP window not reachable with single film at this temperature/pack; use tuned micro-perforation or ventilated pack,synthetic_rule_physics_model
SCN02634,C044,Onion (dry bulb),fresh_produce_root_bulb,chilled,S05,4.3,78.0,S10,6,4.3,0.5,112,89,0.1,5.6,0.98,5.9,5948.0,,M01,LDPE film,30,5833.3,15.0,16,good,Passive MAP (equilibrium),2.0,7.5,90.5,1.6,4.3,Y,194,Y,0.68,0.0109,76,,,,,,synthetic_rule_physics_model
SCN02635,C044,Onion (dry bulb),fresh_produce_root_bulb,chilled,S05,3.1,86.0,S10,48,3.2,2.0,225,89,0.1,5.6,0.98,5.3,9124.0,,M18,Micro-perforated LDPE (breathable),30,60000,30,14,good,Passive MAP - micro-perforated,2.0,7.5,90.5,,,Y,115,N,0.59,0.0072,75,,,,,MAP window not reachable with single film at this temperature/pack; use tuned micro-perforation or ventilated pack,synthetic_rule_physics_model
SCN02636,C044,Onion (dry bulb),fresh_produce_root_bulb,ambient,S01,21.0,45.0,S10,24,21.0,1.0,300,89,0.1,5.6,0.98,25.1,12026.0,,M18,Micro-perforated LDPE (breathable),30,60000,30,14,good,Passive MAP - micro-perforated,2.0,7.5,90.5,,,Y,23,N,0.75,0.0091,75,,,,,MAP window not reachable with single film at this temperature/pack; use tuned micro-perforation or ventilated pack,synthetic_rule_physics_model
SCN02637,C044,Onion (dry bulb),fresh_produce_root_bulb,chilled,S05,3.1,90.0,S09,6,3.2,0.25,75,89,0.1,5.6,0.98,5.3,4600.0,,M01,LDPE film,40,4375.0,11.25,16,good,Passive MAP (equilibrium),2.0,7.5,90.5,1.0,4.4,Y,212,Y,1.13,0.0183,76,,,,,,synthetic_rule_physics_model
SCN02638,C044,Onion (dry bulb),fresh_produce_root_bulb,chilled,S04,2.5,93.0,S10,6,2.5,0.5,150,89,0.1,5.6,0.98,5.0,5681.0,,M18,Micro-perforated LDPE (breathable),30,60000,30,14,good,Passive MAP - micro-perforated,2.0,7.5,90.5,,,Y,125,N,0.94,0.0114,75,,,,,MAP window not reachable with single film at this temperature/pack; use tuned micro-perforation or ventilated pack,synthetic_rule_physics_model
SCN02639,C044,Onion (dry bulb),fresh_produce_root_bulb,ambient,S02,28.6,93.0,S10,48,28.4,1.0,300,89,0.1,5.6,0.98,48.2,15421.0,,M18,Micro-perforated LDPE (breathable),30,60000,30,14,good,Passive MAP - micro-perforated,2.0,7.5,90.5,,,Y,10,N,0.75,0.0091,75,,,,,MAP window not reachable with single film at this temperature/pack; use tuned micro-perforation or ventilated pack,synthetic_rule_physics_model
SCN02640,C044,Onion (dry bulb),fresh_produce_root_bulb,ambient,S01,28.5,42.0,S09,24,28.5,0.25,150,89,0.1,5.6,0.98,48.5,9783.0,,M18,Micro-perforated LDPE (breathable),30,60000,30,14,good,Passive MAP - micro-perforated,2.0,7.5,90.5,,,Y,11,N,1.18,0.0144,75,,,,,MAP window not reachable with single film at this temperature/pack; use tuned micro-perforation or ventilated pack,synthetic_rule_physics_model
SCN02641,C045,Carrot,fresh_produce_root_bulb,chilled,S04,1.0,88.0,S10,24,1.0,0.25,68,88,0.2,6.0,0.99,4.4,4757.0,,M01,LDPE film,40,4375.0,11.25,16,good,Passive MAP (equilibrium),3.5,3.0,93.5,2.0,4.2,Y,122,Y,1.13,0.0183,76,,,,,,synthetic_rule_physics_model
SCN02642,C045,Carrot,fresh_produce_root_bulb,chilled,S04,2.5,86.0,S10,24,2.5,1.0,135,88,0.2,6.0,0.99,5.0,7842.0,,M18,Micro-perforated LDPE (breathable),30,60000,30,14,good,Passive MAP - micro-perforated,3.5,3.0,93.5,,,Y,71,N,0.75,0.0091,75,,,,,MAP window not reachable with single film at this temperature/pack; use tuned micro-perforation or ventilated pack,synthetic_rule_physics_model
SCN02643,C045,Carrot,fresh_produce_root_bulb,chilled,S04,2.6,86.0,S10,24,2.6,2.0,90,88,0.2,6.0,0.99,5.1,9880.0,,M18,Micro-perforated LDPE (breathable),30,60000,30,14,good,Passive MAP - micro-perforated,3.5,3.0,93.5,,,Y,72,N,0.59,0.0072,75,,,,,MAP window not reachable with single film at this temperature/pack; use tuned micro-perforation or ventilated pack,synthetic_rule_physics_model
SCN02644,C045,Carrot,fresh_produce_root_bulb,chilled,S04,3.4,90.0,S10,24,3.3,0.25,68,88,0.2,6.0,0.99,5.4,5077.0,,M01,LDPE film,35,5000.0,12.86,16,good,Passive MAP (equilibrium),3.5,3.0,93.5,3.2,3.9,Y,135,Y,0.99,0.016,76,,,,,,synthetic_rule_physics_model
SCN02645,C045,Carrot,fresh_produce_root_bulb,chilled,S04,2.4,92.0,S10,6,2.4,0.25,135,88,0.2,6.0,0.99,5.0,4948.0,,M18,Micro-perforated LDPE (breathable),30,60000,30,14,good,Passive MAP - micro-perforated,3.5,3.0,93.5,,,Y,68,N,1.18,0.0144,75,,,,,MAP window not reachable with single film at this temperature/pack; use tuned micro-perforation or ventilated pack,synthetic_rule_physics_model
SCN02646,C045,Carrot,fresh_produce_root_bulb,chilled,S04,2.1,89.0,S09,6,2.2,2.0,45,88,0.2,6.0,0.99,4.9,9777.0,,M18,Micro-perforated LDPE (breathable),30,60000,30,14,good,Passive MAP - micro-perforated,3.5,3.0,93.5,,,Y,70,Y,0.59,0.0072,75,,,,,MAP window not reachable with single film at this temperature/pack; use tuned micro-perforation or ventilated pack,synthetic_rule_physics_model
SCN02647,C045,Carrot,fresh_produce_root_bulb,ambient,S01,25.3,54.0,S10,24,24.9,0.5,68,88,0.2,6.0,0.99,39.2,13081.0,,M18,Micro-perforated LDPE (breathable),30,60000,30,14,good,Passive MAP - micro-perforated,3.5,3.0,93.5,,,Y,9,N,0.94,0.0114,75,,,,,MAP window not reachable with single film at this temperature/pack; use tuned micro-perforation or ventilated pack,synthetic_rule_physics_model
SCN02648,C045,Carrot,fresh_produce_root_bulb,chilled,S04,3.5,92.0,S09,6,3.6,0.5,90,88,0.2,6.0,0.99,5.5,6424.0,,M01,LDPE film,30,5833.3,15.0,16,good,Passive MAP (equilibrium),3.5,3.0,93.5,1.7,4.3,Y,97,Y,0.68,0.0109,76,,,,,,synthetic_rule_physics_model
SCN02649,C045,Carrot,fresh_produce_root_bulb,chilled,S04,1.4,88.0,S10,6,1.4,0.5,90,88,0.2,6.0,0.99,4.5,6044.0,,M01,LDPE film,30,5833.3,15.0,16,good,Passive MAP (equilibrium),3.5,3.0,93.5,2.9,4.0,Y,126,Y,0.68,0.0109,76,,,,,,synthetic_rule_physics_model
SCN02650,C045,Carrot,fresh_produce_root_bulb,ambient,S02,32.6,87.0,S09,24,32.6,0.5,135,88,0.2,6.0,0.99,79.3,17625.0,,M18,Micro-perforated LDPE (breathable),30,60000,30,14,good,Passive MAP - micro-perforated,3.5,3.0,93.5,,,Y,4,N,0.94,0.0114,75,,,,,MAP window not reachable with single film at this temperature/pack; use tuned micro-perforation or ventilated pack,synthetic_rule_physics_model
SCN02651,C045,Carrot,fresh_produce_root_bulb,ambient,S02,33.6,82.0,S10,24,33.4,1.0,135,88,0.2,6.0,0.99,85.3,22884.0,,M18,Micro-perforated LDPE (breathable),30,60000,30,14,good,Passive MAP - micro-perforated,3.5,3.0,93.5,,,Y,4,N,0.75,0.0091,75,,,,,MAP window not reachable with single film at this temperature/pack; use tuned micro-perforation or ventilated pack,synthetic_rule_physics_model
SCN02652,C045,Carrot,fresh_produce_root_bulb,chilled,S05,6.0,74.0,S09,48,7.0,0.25,68,88,0.2,6.0,0.99,7.6,5653.0,,M18,Micro-perforated LDPE (breathable),30,60000,30,14,good,Passive MAP - micro-perforated,3.5,3.0,93.5,,,Y,47,N,1.18,0.0144,75,,,,,MAP window not reachable with single film at this temperature/pack; use tuned micro-perforation or ventilated pack,synthetic_rule_physics_model
SCN02653,C045,Carrot,fresh_produce_root_bulb,ambient,S01,22.1,59.0,S10,24,21.9,0.5,90,88,0.2,6.0,0.99,29.9,11724.0,,M18,Micro-perforated LDPE (breathable),30,60000,30,14,good,Passive MAP - micro-perforated,3.5,3.0,93.5,,,Y,12,N,0.94,0.0114,75,,,,,MAP window not reachable with single film at this temperature/pack; use tuned micro-perforation or ventilated pack,synthetic_rule_physics_model
SCN02654,C045,Carrot,fresh_produce_root_bulb,chilled,S04,1.5,92.0,S10,24,1.5,1.0,90,88,0.2,6.0,0.99,4.6,7617.0,,M01,LDPE film,25,7000.0,18.0,16,good,Passive MAP (equilibrium),3.5,3.0,93.5,2.0,4.2,Y,120,Y,0.45,0.0072,76,,,,,,synthetic_rule_physics_model
SCN02655,C045,Carrot,fresh_produce_root_bulb,ambient,S01,25.6,45.0,S09,48,25.9,2.0,68,88,0.2,6.0,0.99,42.8,21415.0,,M18,Micro-perforated LDPE (breathable),30,60000,30,14,good,Passive MAP - micro-perforated,3.5,3.0,93.5,,,Y,9,N,0.59,0.0072,75,,,,,MAP window not reachable with single film at this temperature/pack; use tuned micro-perforation or ventilated pack,synthetic_rule_physics_model
SCN02656,C045,Carrot,fresh_produce_root_bulb,ambient,S01,27.7,59.0,S10,24,27.5,0.5,135,88,0.2,6.0,0.99,49.8,14437.0,,M18,Micro-perforated LDPE (breathable),30,60000,30,14,good,Passive MAP - micro-perforated,3.5,3.0,93.5,,,Y,7,N,0.94,0.0114,75,,,,,MAP window not reachable with single film at this temperature/pack; use tuned micro-perforation or ventilated pack,synthetic_rule_physics_model
SCN02657,C045,Carrot,fresh_produce_root_bulb,ambient,S02,28.9,93.0,S10,48,28.5,0.5,135,88,0.2,6.0,0.99,54.6,15006.0,,M18,Micro-perforated LDPE (breathable),30,60000,30,14,good,Passive MAP - micro-perforated,3.5,3.0,93.5,,,Y,7,N,0.94,0.0114,75,,,,,MAP window not reachable with single film at this temperature/pack; use tuned micro-perforation or ventilated pack,synthetic_rule_physics_model
SCN02658,C045,Carrot,fresh_produce_root_bulb,chilled,S05,4.9,70.0,S10,6,4.9,0.25,68,88,0.2,6.0,0.99,6.3,5319.0,,M01,LDPE film,35,5000.0,12.86,16,good,Passive MAP (equilibrium),3.5,3.0,93.5,2.4,4.1,Y,88,Y,0.99,0.016,76,,,,,,synthetic_rule_physics_model
SCN02659,C045,Carrot,fresh_produce_root_bulb,ambient,S02,29.1,81.0,S10,48,28.5,0.25,90,88,0.2,6.0,0.99,54.6,11939.0,,M18,Micro-perforated LDPE (breathable),30,60000,30,14,good,Passive MAP - micro-perforated,3.5,3.0,93.5,,,Y,7,N,1.18,0.0144,75,,,,,MAP window not reachable with single film at this temperature/pack; use tuned micro-perforation or ventilated pack,synthetic_rule_physics_model
SCN02660,C045,Carrot,fresh_produce_root_bulb,ambient,S01,30.2,57.0,S10,48,29.0,2.0,45,88,0.2,6.0,0.99,57.1,24171.0,,M18,Micro-perforated LDPE (breathable),30,60000,30,14,good,Passive MAP - micro-perforated,3.5,3.0,93.5,,,Y,6,N,0.59,0.0072,75,,,,,MAP window not reachable with single film at this temperature/pack; use tuned micro-perforation or ventilated pack,synthetic_rule_physics_model
SCN02661,C045,Carrot,fresh_produce_root_bulb,chilled,S04,1.5,91.0,S10,24,1.5,2.0,135,88,0.2,6.0,0.99,4.6,9569.0,,M18,Micro-perforated LDPE (breathable),30,60000,30,14,good,Passive MAP - micro-perforated,3.5,3.0,93.5,,,Y,77,N,0.59,0.0072,75,,,,,MAP window not reachable with single film at this temperature/pack; use tuned micro-perforation or ventilated pack,synthetic_rule_physics_model
SCN02662,C045,Carrot,fresh_produce_root_bulb,chilled,S04,2.4,92.0,S10,6,2.4,1.0,90,88,0.2,6.0,0.99,5.0,7821.0,,M18,Micro-perforated LDPE (breathable),30,60000,30,14,good,Passive MAP - micro-perforated,3.5,3.0,93.5,,,Y,77,N,0.75,0.0091,75,,,,,MAP window not reachable with single film at this temperature/pack; use tuned micro-perforation or ventilated pack,synthetic_rule_physics_model
SCN02663,C045,Carrot,fresh_produce_root_bulb,chilled,S04,3.7,93.0,S09,6,3.9,2.0,90,88,0.2,6.0,0.99,5.7,10237.0,,M18,Micro-perforated LDPE (breathable),30,60000,30,14,good,Passive MAP - micro-perforated,3.5,3.0,93.5,,,Y,64,N,0.59,0.0072,75,,,,,MAP window not reachable with single film at this temperature/pack; use tuned micro-perforation or ventilated pack,synthetic_rule_physics_model
SCN02664,C045,Carrot,fresh_produce_root_bulb,ambient,S01,27.5,64.0,S10,6,27.4,0.25,90,88,0.2,6.0,0.99,49.4,11449.0,,M18,Micro-perforated LDPE (breathable),30,60000,30,14,good,Passive MAP - micro-perforated,3.5,3.0,93.5,,,Y,8,N,1.18,0.0144,75,,,,,MAP window not reachable with single film at this temperature/pack; use tuned micro-perforation or ventilated pack,synthetic_rule_physics_model
SCN02665,C045,Carrot,fresh_produce_root_bulb,chilled,S04,1.4,88.0,S10,24,1.5,0.25,90,88,0.2,6.0,0.99,4.6,4817.0,,M01,LDPE film,40,4375.0,11.25,16,good,Passive MAP (equilibrium),3.5,3.0,93.5,1.7,4.3,Y,117,Y,1.13,0.0183,76,,,,,,synthetic_rule_physics_model
SCN02666,C045,Carrot,fresh_produce_root_bulb,ambient,S01,27.0,42.0,S09,6,27.0,0.25,45,88,0.2,6.0,0.99,47.6,11276.0,,M18,Micro-perforated LDPE (breathable),30,60000,30,14,good,Passive MAP - micro-perforated,3.5,3.0,93.5,,,Y,7,N,1.18,0.0144,75,,,,,MAP window not reachable with single film at this temperature/pack; use tuned micro-perforation or ventilated pack,synthetic_rule_physics_model
SCN02667,C045,Carrot,fresh_produce_root_bulb,chilled,S04,0.0,90.0,S10,24,0.1,0.5,90,88,0.2,6.0,0.99,4.0,5826.0,,M18,Micro-perforated LDPE (breathable),30,60000,30,14,good,Passive MAP - micro-perforated,3.5,3.0,93.5,,,Y,94,Y,0.94,0.0114,75,,,,,MAP window not reachable with single film at this temperature/pack; use tuned micro-perforation or ventilated pack,synthetic_rule_physics_model
SCN02668,C045,Carrot,fresh_produce_root_bulb,ambient,S02,32.8,92.0,S09,48,32.7,1.0,90,88,0.2,6.0,0.99,79.9,22240.0,,M18,Micro-perforated LDPE (breathable),30,60000,30,14,good,Passive MAP - micro-perforated,3.5,3.0,93.5,,,Y,4,N,0.75,0.0091,75,,,,,MAP window not reachable with single film at this temperature/pack; use tuned micro-perforation or ventilated pack,synthetic_rule_physics_model
SCN02669,C045,Carrot,fresh_produce_root_bulb,chilled,S04,0.4,87.0,S10,24,0.4,0.25,90,88,0.2,6.0,0.99,4.1,4676.0,,M01,LDPE film,40,4375.0,11.25,16,good,Passive MAP (equilibrium),3.5,3.0,93.5,2.3,4.2,Y,130,Y,1.13,0.0183,76,,,,,,synthetic_rule_physics_model
SCN02670,C045,Carrot,fresh_produce_root_bulb,chilled,S04,3.6,90.0,S10,6,3.6,1.0,68,88,0.2,6.0,0.99,5.6,8083.0,,M18,Micro-perforated LDPE (breathable),30,60000,30,14,good,Passive MAP - micro-perforated,3.5,3.0,93.5,,,Y,67,Y,0.75,0.0091,75,,,,,MAP window not reachable with single film at this temperature/pack; use tuned micro-perforation or ventilated pack,synthetic_rule_physics_model
SCN02671,C045,Carrot,fresh_produce_root_bulb,ambient,S02,35.6,89.0,S09,48,35.5,1.0,68,88,0.2,6.0,0.99,103.4,24925.0,,M18,Micro-perforated LDPE (breathable),30,60000,30,14,good,Passive MAP - micro-perforated,3.5,3.0,93.5,,,Y,3,N,0.75,0.0091,75,,,,,MAP window not reachable with single film at this temperature/pack; use tuned micro-perforation or ventilated pack,synthetic_rule_physics_model
SCN02672,C045,Carrot,fresh_produce_root_bulb,chilled,S04,1.6,88.0,S09,48,2.1,0.5,135,88,0.2,6.0,0.99,4.8,6158.0,,M01,LDPE film,30,5833.3,15.0,16,good,Passive MAP (equilibrium),3.5,3.0,93.5,2.5,4.1,Y,112,N,0.68,0.0109,76,,,,,,synthetic_rule_physics_model
SCN02673,C045,Carrot,fresh_produce_root_bulb,ambient,S01,28.3,58.0,S10,6,28.1,2.0,45,88,0.2,6.0,0.99,52.6,23346.0,,M18,Micro-perforated LDPE (breathable),30,60000,30,14,good,Passive MAP - micro-perforated,3.5,3.0,93.5,,,Y,7,N,0.59,0.0072,75,,,,,MAP window not reachable with single film at this temperature/pack; use tuned micro-perforation or ventilated pack,synthetic_rule_physics_model
SCN02674,C045,Carrot,fresh_produce_root_bulb,chilled,S04,3.0,93.0,S10,6,3.0,1.0,90,88,0.2,6.0,0.99,5.3,7945.0,,M18,Micro-perforated LDPE (breathable),30,60000,30,14,good,Passive MAP - micro-perforated,3.5,3.0,93.5,,,Y,70,N,0.75,0.0091,75,,,,,MAP window not reachable with single film at this temperature/pack; use tuned micro-perforation or ventilated pack,synthetic_rule_physics_model
SCN02675,C045,Carrot,fresh_produce_root_bulb,chilled,S04,3.8,87.0,S10,24,3.8,0.5,68,88,0.2,6.0,0.99,5.7,6476.0,,M01,LDPE film,30,5833.3,15.0,16,good,Passive MAP (equilibrium),3.5,3.0,93.5,1.6,4.3,Y,91,Y,0.68,0.0109,76,,,,,,synthetic_rule_physics_model
SCN02676,C045,Carrot,fresh_produce_root_bulb,ambient,S02,34.8,93.0,S10,6,34.6,0.5,45,88,0.2,6.0,0.99,95.3,19117.0,,M18,Micro-perforated LDPE (breathable),30,60000,30,14,good,Passive MAP - micro-perforated,3.5,3.0,93.5,,,Y,4,N,0.94,0.0114,75,,,,,MAP window not reachable with single film at this temperature/pack; use tuned micro-perforation or ventilated pack,synthetic_rule_physics_model
SCN02677,C045,Carrot,fresh_produce_root_bulb,chilled,S04,0.2,93.0,S10,6,0.2,2.0,180,88,0.2,6.0,0.99,4.1,9242.0,,M18,Micro-perforated LDPE (breathable),30,60000,30,14,good,Passive MAP - micro-perforated,3.5,3.0,93.5,,,Y,88,N,0.59,0.0072,75,,,,,MAP window not reachable with single film at this temperature/pack; use tuned micro-perforation or ventilated pack,synthetic_rule_physics_model
SCN02678,C045,Carrot,fresh_produce_root_bulb,ambient,S01,29.7,48.0,S09,48,29.8,0.5,180,88,0.2,6.0,0.99,61.6,15804.0,,M18,Micro-perforated LDPE (breathable),30,60000,30,14,good,Passive MAP - micro-perforated,3.5,3.0,93.5,,,Y,6,N,0.94,0.0114,75,,,,,MAP window not reachable with single film at this temperature/pack; use tuned micro-perforation or ventilated pack,synthetic_rule_physics_model
SCN02679,C045,Carrot,fresh_produce_root_bulb,ambient,S01,23.3,48.0,S09,48,23.5,0.5,180,88,0.2,6.0,0.99,34.4,12399.0,,M18,Micro-perforated LDPE (breathable),30,60000,30,14,good,Passive MAP - micro-perforated,3.5,3.0,93.5,,,Y,10,N,0.94,0.0114,75,,,,,MAP window not reachable with single film at this temperature/pack; use tuned micro-perforation or ventilated pack,synthetic_rule_physics_model
SCN02680,C045,Carrot,fresh_produce_root_bulb,chilled,S04,3.0,85.0,S10,24,2.9,2.0,135,88,0.2,6.0,0.99,5.2,9976.0,,M18,Micro-perforated LDPE (breathable),30,60000,30,14,good,Passive MAP - micro-perforated,3.5,3.0,93.5,,,Y,73,N,0.59,0.0072,75,,,,,MAP window not reachable with single film at this temperature/pack; use tuned micro-perforation or ventilated pack,synthetic_rule_physics_model
SCN02681,C045,Carrot,fresh_produce_root_bulb,chilled,S04,2.1,91.0,S10,48,2.3,0.5,68,88,0.2,6.0,0.99,4.9,6192.0,,M01,LDPE film,30,5833.3,15.0,16,good,Passive MAP (equilibrium),3.5,3.0,93.5,2.4,4.1,Y,114,Y,0.68,0.0109,76,,,,,,synthetic_rule_physics_model
SCN02682,C045,Carrot,fresh_produce_root_bulb,chilled,S05,5.6,77.0,S09,48,6.1,1.0,135,88,0.2,6.0,0.99,7.0,8696.0,,M18,Micro-perforated LDPE (breathable),30,60000,30,14,good,Passive MAP - micro-perforated,3.5,3.0,93.5,,,Y,55,N,0.75,0.0091,75,,,,,MAP window not reachable with single film at this temperature/pack; use tuned micro-perforation or ventilated pack,synthetic_rule_physics_model
SCN02683,C045,Carrot,fresh_produce_root_bulb,ambient,S01,30.5,63.0,S10,24,30.0,0.25,45,88,0.2,6.0,0.99,62.3,12631.0,,M18,Micro-perforated LDPE (breathable),30,60000,30,14,good,Passive MAP - micro-perforated,3.5,3.0,93.5,,,Y,6,N,1.18,0.0144,75,,,,,MAP window not reachable with single film at this temperature/pack; use tuned micro-perforation or ventilated pack,synthetic_rule_physics_model
SCN02684,C045,Carrot,fresh_produce_root_bulb,ambient,S01,31.4,57.0,S10,6,31.3,2.0,135,88,0.2,6.0,0.99,70.4,26454.0,,M18,Micro-perforated LDPE (breathable),30,60000,30,14,good,Passive MAP - micro-perforated,3.5,3.0,93.5,,,Y,5,N,0.59,0.0072,75,,,,,MAP window not reachable with single film at this temperature/pack; use tuned micro-perforation or ventilated pack,synthetic_rule_physics_model
SCN02685,C045,Carrot,fresh_produce_root_bulb,chilled,S04,0.6,91.0,S09,48,1.1,0.5,135,88,0.2,6.0,0.99,4.4,5995.0,,M01,LDPE film,30,5833.3,15.0,16,good,Passive MAP (equilibrium),3.5,3.0,93.5,3.0,4.0,Y,157,Y,0.68,0.0109,76,,,,,,synthetic_rule_physics_model
SCN02686,C045,Carrot,fresh_produce_root_bulb,chilled,S04,4.0,92.0,S10,24,4.0,0.25,135,88,0.2,6.0,0.99,5.8,5172.0,,M01,LDPE film,35,5000.0,12.86,16,good,Passive MAP (equilibrium),3.5,3.0,93.5,2.9,4.0,Y,89,N,0.99,0.016,76,,,,,,synthetic_rule_physics_model
SCN02687,C045,Carrot,fresh_produce_root_bulb,chilled,S04,2.0,89.0,S09,6,2.0,0.5,135,88,0.2,6.0,0.99,4.8,6154.0,,M01,LDPE film,30,5833.3,15.0,16,good,Passive MAP (equilibrium),3.5,3.0,93.5,2.5,4.1,Y,115,N,0.68,0.0109,76,,,,,,synthetic_rule_physics_model
SCN02688,C045,Carrot,fresh_produce_root_bulb,chilled,S04,2.1,92.0,S10,24,2.1,2.0,68,88,0.2,6.0,0.99,4.8,9734.0,,M18,Micro-perforated LDPE (breathable),30,60000,30,14,good,Passive MAP - micro-perforated,3.5,3.0,93.5,,,Y,76,Y,0.59,0.0072,75,,,,,MAP window not reachable with single film at this temperature/pack; use tuned micro-perforation or ventilated pack,synthetic_rule_physics_model
SCN02689,C045,Carrot,fresh_produce_root_bulb,chilled,S04,1.7,89.0,S10,48,1.7,0.25,180,88,0.2,6.0,0.99,4.7,4854.0,,M01,LDPE film,40,4375.0,11.25,16,good,Passive MAP (equilibrium),3.5,3.0,93.5,1.6,4.3,Y,114,N,1.13,0.0183,76,,,,,,synthetic_rule_physics_model
SCN02690,C045,Carrot,fresh_produce_root_bulb,ambient,S01,25.4,50.0,S09,6,25.4,1.0,68,88,0.2,6.0,0.99,41.1,16766.0,,M18,Micro-perforated LDPE (breathable),30,60000,30,14,good,Passive MAP - micro-perforated,3.5,3.0,93.5,,,Y,8,N,0.75,0.0091,75,,,,,MAP window not reachable with single film at this temperature/pack; use tuned micro-perforation or ventilated pack,synthetic_rule_physics_model
SCN02691,C045,Carrot,fresh_produce_root_bulb,ambient,S01,28.6,64.0,S10,48,28.0,0.5,90,88,0.2,6.0,0.99,52.0,14702.0,,M18,Micro-perforated LDPE (breathable),30,60000,30,14,good,Passive MAP - micro-perforated,3.5,3.0,93.5,,,Y,7,N,0.94,0.0114,75,,,,,MAP window not reachable with single film at this temperature/pack; use tuned micro-perforation or ventilated pack,synthetic_rule_physics_model
SCN02692,C045,Carrot,fresh_produce_root_bulb,chilled,S05,3.7,77.0,S10,48,3.7,2.0,90,88,0.2,6.0,0.99,5.6,10186.0,,M18,Micro-perforated LDPE (breathable),30,60000,30,14,good,Passive MAP - micro-perforated,3.5,3.0,93.5,,,Y,66,N,0.59,0.0072,75,,,,,MAP window not reachable with single film at this temperature/pack; use tuned micro-perforation or ventilated pack,synthetic_rule_physics_model
SCN02693,C045,Carrot,fresh_produce_root_bulb,chilled,S04,3.4,94.0,S10,6,3.4,0.25,90,88,0.2,6.0,0.99,5.4,5082.0,,M01,LDPE film,35,5000.0,12.86,16,good,Passive MAP (equilibrium),3.5,3.0,93.5,3.2,4.0,Y,128,Y,0.99,0.016,76,,,,,,synthetic_rule_physics_model
SCN02694,C045,Carrot,fresh_produce_root_bulb,ambient,S02,35.3,94.0,S10,24,35.1,0.25,135,88,0.2,6.0,0.99,100.0,15544.0,,M18,Micro-perforated LDPE (breathable),30,60000,30,14,good,Passive MAP - micro-perforated,3.5,3.0,93.5,,,Y,3,N,1.18,0.0144,75,,,,,MAP window not reachable with single film at this temperature/pack; use tuned micro-perforation or ventilated pack,synthetic_rule_physics_model
SCN02695,C045,Carrot,fresh_produce_root_bulb,chilled,S05,7.8,73.0,S09,6,7.9,2.0,90,88,0.2,6.0,0.99,8.2,11536.0,,M18,Micro-perforated LDPE (breathable),30,60000,30,14,good,Passive MAP - micro-perforated,3.5,3.0,93.5,,,Y,44,N,0.59,0.0072,75,,,,,MAP window not reachable with single film at this temperature/pack; use tuned micro-perforation or ventilated pack,synthetic_rule_physics_model
SCN02696,C045,Carrot,fresh_produce_root_bulb,chilled,S05,5.2,83.0,S09,6,5.3,2.0,45,88,0.2,6.0,0.99,6.5,10695.0,,M18,Micro-perforated LDPE (breathable),30,60000,30,14,good,Passive MAP - micro-perforated,3.5,3.0,93.5,,,Y,57,Y,0.59,0.0072,75,,,,,MAP window not reachable with single film at this temperature/pack; use tuned micro-perforation or ventilated pack,synthetic_rule_physics_model
SCN02697,C045,Carrot,fresh_produce_root_bulb,chilled,S04,2.9,87.0,S10,24,2.9,0.5,180,88,0.2,6.0,0.99,5.2,6302.0,,M01,LDPE film,30,5833.3,15.0,16,good,Passive MAP (equilibrium),3.5,3.0,93.5,2.1,4.2,Y,101,N,0.68,0.0109,76,,,,,,synthetic_rule_physics_model
SCN02698,C045,Carrot,fresh_produce_root_bulb,chilled,S05,7.4,77.0,S10,6,7.4,0.5,45,88,0.2,6.0,0.99,7.9,7201.0,,M01,LDPE film,25,7000.0,18.0,16,good,Passive MAP (equilibrium),3.5,3.0,93.5,3.0,4.0,Y,68,Y,0.56,0.0091,76,,,,,,synthetic_rule_physics_model
SCN02699,C045,Carrot,fresh_produce_root_bulb,chilled,S04,3.5,88.0,S10,24,3.5,2.0,45,88,0.2,6.0,0.99,5.5,10147.0,,M18,Micro-perforated LDPE (breathable),30,60000,30,14,good,Passive MAP - micro-perforated,3.5,3.0,93.5,,,Y,65,Y,0.59,0.0072,75,,,,,MAP window not reachable with single film at this temperature/pack; use tuned micro-perforation or ventilated pack,synthetic_rule_physics_model
SCN02700,C045,Carrot,fresh_produce_root_bulb,chilled,S04,2.3,95.0,S10,6,2.3,1.0,68,88,0.2,6.0,0.99,4.9,7790.0,,M01,LDPE film,25,7000.0,18.0,16,good,Passive MAP (equilibrium),3.5,3.0,93.5,1.5,4.3,Y,114,Y,0.45,0.0072,76,,,,,,synthetic_rule_physics_model
SCN02701,C046,Cabbage,fresh_produce_veg,chilled,S04,0.8,86.0,S10,24,0.9,0.25,30,92,0.1,6.2,0.99,5.4,5908.0,,M01,LDPE film,30,5833.3,15.0,16,good,Passive MAP (equilibrium),3.5,4.5,92.0,3.3,3.9,Y,118,Y,0.85,0.0137,76,,,,,,synthetic_rule_physics_model
SCN02702,C046,Cabbage,fresh_produce_veg,chilled,S05,3.1,73.0,S10,6,3.1,2.0,90,92,0.1,6.2,0.99,6.6,12364.0,,M18,Micro-perforated LDPE (breathable),30,60000,30,14,good,Passive MAP - micro-perforated,3.5,4.5,92.0,,,Y,45,N,0.59,0.0072,75,,,,,MAP window not reachable with single film at this temperature/pack; use tuned micro-perforation or ventilated pack,synthetic_rule_physics_model
SCN02703,C046,Cabbage,fresh_produce_veg,chilled,S04,1.0,94.0,S10,24,1.0,0.25,60,92,0.1,6.2,0.99,5.4,5917.0,,M01,LDPE film,30,5833.3,15.0,16,good,Passive MAP (equilibrium),3.5,4.5,92.0,3.2,3.9,Y,118,Y,0.85,0.0137,76,,,,,,synthetic_rule_physics_model
SCN02704,C046,Cabbage,fresh_produce_veg,ambient,S02,33.5,91.0,S09,48,33.4,1.0,90,92,0.1,6.2,0.99,93.5,25008.0,,M18,Micro-perforated LDPE (breathable),30,60000,30,14,good,Passive MAP - micro-perforated,3.5,4.5,92.0,,,Y,3,N,0.75,0.0091,75,,,,,MAP window not reachable with single film at this temperature/pack; use tuned micro-perforation or ventilated pack,synthetic_rule_physics_model
SCN02705,C046,Cabbage,fresh_produce_veg,chilled,S04,1.5,94.0,S09,24,2.0,1.0,60,92,0.1,6.2,0.99,6.0,9582.0,,M18,Micro-perforated LDPE (breathable),30,60000,30,14,good,Passive MAP - micro-perforated,3.5,4.5,92.0,,,Y,48,N,0.75,0.0091,75,,,,,MAP window not reachable with single film at this temperature/pack; use tuned micro-perforation or ventilated pack,synthetic_rule_physics_model
SCN02706,C046,Cabbage,fresh_produce_veg,chilled,S04,1.3,86.0,S10,48,1.4,2.0,60,92,0.1,6.2,0.99,5.6,11867.0,,M18,Micro-perforated LDPE (breathable),30,60000,30,14,good,Passive MAP - micro-perforated,3.5,4.5,92.0,,,Y,54,N,0.59,0.0072,75,,,,,MAP window not reachable with single film at this temperature/pack; use tuned micro-perforation or ventilated pack,synthetic_rule_physics_model
SCN02707,C046,Cabbage,fresh_produce_veg,chilled,S04,0.8,88.0,S10,24,0.8,1.0,120,92,0.1,6.2,0.99,5.4,9310.0,,M18,Micro-perforated LDPE (breathable),30,60000,30,14,good,Passive MAP - micro-perforated,3.5,4.5,92.0,,,Y,59,N,0.75,0.0091,75,,,,,MAP window not reachable with single film at this temperature/pack; use tuned micro-perforation or ventilated pack,synthetic_rule_physics_model
SCN02708,C046,Cabbage,fresh_produce_veg,chilled,S05,7.3,87.0,S10,24,7.3,1.0,120,92,0.1,6.2,0.99,9.5,10941.0,,M18,Micro-perforated LDPE (breathable),30,60000,30,14,good,Passive MAP - micro-perforated,3.5,4.5,92.0,,,Y,31,N,0.75,0.0091,75,,,,,MAP window not reachable with single film at this temperature/pack; use tuned micro-perforation or ventilated pack,synthetic_rule_physics_model
SCN02709,C046,Cabbage,fresh_produce_veg,ambient,S01,25.5,49.0,S10,6,25.4,1.0,45,92,0.1,6.2,0.99,46.3,18888.0,,M18,Micro-perforated LDPE (breathable),30,60000,30,14,good,Passive MAP - micro-perforated,3.5,4.5,92.0,,,Y,6,N,0.75,0.0091,75,,,,,MAP window not reachable with single film at this temperature/pack; use tuned micro-perforation or ventilated pack,synthetic_rule_physics_model
SCN02710,C046,Cabbage,fresh_produce_veg,ambient,S01,27.8,59.0,S10,6,27.7,1.0,60,92,0.1,6.2,0.99,56.5,20403.0,,M18,Micro-perforated LDPE (breathable),30,60000,30,14,good,Passive MAP - micro-perforated,3.5,4.5,92.0,,,Y,5,N,0.75,0.0091,75,,,,,MAP window not reachable with single film at this temperature/pack; use tuned micro-perforation or ventilated pack,synthetic_rule_physics_model
SCN02711,C046,Cabbage,fresh_produce_veg,ambient,S02,33.5,92.0,S10,6,33.4,1.0,60,92,0.1,6.2,0.99,93.0,24951.0,,M18,Micro-perforated LDPE (breathable),30,60000,30,14,good,Passive MAP - micro-perforated,3.5,4.5,92.0,,,Y,3,N,0.75,0.0091,75,,,,,MAP window not reachable with single film at this temperature/pack; use tuned micro-perforation or ventilated pack,synthetic_rule_physics_model
SCN02712,C046,Cabbage,fresh_produce_veg,chilled,S04,2.9,91.0,S10,6,2.9,0.5,30,92,0.1,6.2,0.99,6.4,7785.0,,M01,LDPE film,25,7000.0,18.0,16,good,Passive MAP (equilibrium),3.5,4.5,92.0,1.5,4.3,Y,67,Y,0.56,0.0091,76,,,,,,synthetic_rule_physics_model
SCN02713,C046,Cabbage,fresh_produce_veg,ambient,S02,34.1,90.0,S10,48,32.8,2.0,45,92,0.1,6.2,0.99,88.3,30704.0,,M18,Micro-perforated LDPE (breathable),30,60000,30,14,good,Passive MAP - micro-perforated,3.5,4.5,92.0,,,Y,3,N,0.59,0.0072,75,,,,,MAP window not reachable with single film at this temperature/pack; use tuned micro-perforation or ventilated pack,synthetic_rule_physics_model
SCN02714,C046,Cabbage,fresh_produce_veg,chilled,S04,0.6,95.0,S10,6,0.6,1.0,30,92,0.1,6.2,0.99,5.3,9267.0,,M18,Micro-perforated LDPE (breathable),30,60000,30,14,good,Passive MAP - micro-perforated,3.5,4.5,92.0,,,Y,56,Y,0.75,0.0091,75,,,,,MAP window not reachable with single film at this temperature/pack; use tuned micro-perforation or ventilated pack,synthetic_rule_physics_model
SCN02715,C046,Cabbage,fresh_produce_veg,chilled,S04,1.3,95.0,S10,24,1.3,0.5,30,92,0.1,6.2,0.99,5.6,7495.0,,M01,LDPE film,25,7000.0,18.0,16,good,Passive MAP (equilibrium),3.5,4.5,92.0,2.3,4.2,Y,106,Y,0.56,0.0091,76,,,,,,synthetic_rule_physics_model
SCN02716,C046,Cabbage,fresh_produce_veg,ambient,S02,28.2,79.0,S10,6,28.0,1.0,45,92,0.1,6.2,0.99,58.2,20647.0,,M18,Micro-perforated LDPE (breathable),30,60000,30,14,good,Passive MAP - micro-perforated,3.5,4.5,92.0,,,Y,5,N,0.75,0.0091,75,,,,,MAP window not reachable with single film at this temperature/pack; use tuned micro-perforation or ventilated pack,synthetic_rule_physics_model
SCN02717,C046,Cabbage,fresh_produce_veg,chilled,S04,2.7,92.0,S10,24,2.7,2.0,120,92,0.1,6.2,0.99,6.3,12254.0,,M18,Micro-perforated LDPE (breathable),30,60000,30,14,good,Passive MAP - micro-perforated,3.5,4.5,92.0,,,Y,48,N,0.59,0.0072,75,,,,,MAP window not reachable with single film at this temperature/pack; use tuned micro-perforation or ventilated pack,synthetic_rule_physics_model
SCN02718,C046,Cabbage,fresh_produce_veg,chilled,S04,3.2,92.0,S10,6,3.2,1.0,120,92,0.1,6.2,0.99,6.6,9858.0,,M18,Micro-perforated LDPE (breathable),30,60000,30,14,good,Passive MAP - micro-perforated,3.5,4.5,92.0,,,Y,44,N,0.75,0.0091,75,,,,,MAP window not reachable with single film at this temperature/pack; use tuned micro-perforation or ventilated pack,synthetic_rule_physics_model
SCN02719,C046,Cabbage,fresh_produce_veg,chilled,S04,0.7,90.0,S10,48,0.9,2.0,45,92,0.1,6.2,0.99,5.4,11730.0,,M18,Micro-perforated LDPE (breathable),30,60000,30,14,good,Passive MAP - micro-perforated,3.5,4.5,92.0,,,Y,60,Y,0.59,0.0072,75,,,,,MAP window not reachable with single film at this temperature/pack; use tuned micro-perforation or ventilated pack,synthetic_rule_physics_model
SCN02720,C046,Cabbage,fresh_produce_veg,chilled,S04,2.8,90.0,S10,24,2.8,1.0,60,92,0.1,6.2,0.99,6.4,9764.0,,M18,Micro-perforated LDPE (breathable),30,60000,30,14,good,Passive MAP - micro-perforated,3.5,4.5,92.0,,,Y,46,N,0.75,0.0091,75,,,,,MAP window not reachable with single film at this temperature/pack; use tuned micro-perforation or ventilated pack,synthetic_rule_physics_model
SCN02721,C046,Cabbage,fresh_produce_veg,chilled,S05,5.2,71.0,S10,6,5.2,0.25,120,92,0.1,6.2,0.99,7.9,6555.0,,M18,Micro-perforated LDPE (breathable),30,60000,30,14,good,Passive MAP - micro-perforated,3.5,4.5,92.0,,,Y,38,N,1.18,0.0144,75,,,,,MAP window not reachable with single film at this temperature/pack; use tuned micro-perforation or ventilated pack,synthetic_rule_physics_model
SCN02722,C046,Cabbage,fresh_produce_veg,chilled,S04,0.3,92.0,S09,48,1.3,1.0,60,92,0.1,6.2,0.99,5.6,9427.0,,M18,Micro-perforated LDPE (breathable),30,60000,30,14,good,Passive MAP - micro-perforated,3.5,4.5,92.0,,,Y,54,N,0.75,0.0091,75,,,,,MAP window not reachable with single film at this temperature/pack; use tuned micro-perforation or ventilated pack,synthetic_rule_physics_model
SCN02723,C046,Cabbage,fresh_produce_veg,chilled,S04,3.1,86.0,S10,6,3.1,2.0,90,92,0.1,6.2,0.99,6.5,12357.0,,M18,Micro-perforated LDPE (breathable),30,60000,30,14,good,Passive MAP - micro-perforated,3.5,4.5,92.0,,,Y,47,N,0.59,0.0072,75,,,,,MAP window not reachable with single film at this temperature/pack; use tuned micro-perforation or ventilated pack,synthetic_rule_physics_model
SCN02724,C046,Cabbage,fresh_produce_veg,chilled,S04,1.0,86.0,S09,24,1.4,1.0,90,92,0.1,6.2,0.99,5.7,9448.0,,M18,Micro-perforated LDPE (breathable),30,60000,30,14,good,Passive MAP - micro-perforated,3.5,4.5,92.0,,,Y,56,N,0.75,0.0091,75,,,,,MAP window not reachable with single film at this temperature/pack; use tuned micro-perforation or ventilated pack,synthetic_rule_physics_model
SCN02725,C046,Cabbage,fresh_produce_veg,ambient,S01,29.0,59.0,S10,48,27.1,2.0,30,92,0.1,6.2,0.99,53.6,25117.0,,M18,Micro-perforated LDPE (breathable),30,60000,30,14,good,Passive MAP - micro-perforated,3.5,4.5,92.0,,,Y,5,N,0.59,0.0072,75,,,,,MAP window not reachable with single film at this temperature/pack; use tuned micro-perforation or ventilated pack,synthetic_rule_physics_model
SCN02726,C046,Cabbage,fresh_produce_veg,chilled,S04,0.5,95.0,S10,48,0.5,0.25,120,92,0.1,6.2,0.99,5.2,5853.0,,M01,LDPE film,30,5833.3,15.0,16,good,Passive MAP (equilibrium),3.5,4.5,92.0,3.4,3.9,Y,119,Y,0.85,0.0137,76,,,,,,synthetic_rule_physics_model
SCN02727,C046,Cabbage,fresh_produce_veg,chilled,S04,2.4,89.0,S10,24,2.6,1.0,30,92,0.1,6.2,0.99,6.3,9708.0,,M18,Micro-perforated LDPE (breathable),30,60000,30,14,good,Passive MAP - micro-perforated,3.5,4.5,92.0,,,Y,47,Y,0.75,0.0091,75,,,,,MAP window not reachable with single film at this temperature/pack; use tuned micro-perforation or ventilated pack,synthetic_rule_physics_model
SCN02728,C046,Cabbage,fresh_produce_veg,ambient,S01,31.3,48.0,S10,48,30.0,0.5,45,92,0.1,6.2,0.99,69.2,17597.0,,M18,Micro-perforated LDPE (breathable),30,60000,30,14,good,Passive MAP - micro-perforated,3.5,4.5,92.0,,,Y,4,N,0.94,0.0114,75,,,,,MAP window not reachable with single film at this temperature/pack; use tuned micro-perforation or ventilated pack,synthetic_rule_physics_model
SCN02729,C046,Cabbage,fresh_produce_veg,chilled,S04,3.2,94.0,S09,48,3.6,0.5,120,92,0.1,6.2,0.99,6.9,7931.0,,M18,Micro-perforated LDPE (breathable),30,60000,30,14,good,Passive MAP - micro-perforated,3.5,4.5,92.0,,,Y,41,N,0.94,0.0114,75,,,,,MAP window not reachable with single film at this temperature/pack; use tuned micro-perforation or ventilated pack,synthetic_rule_physics_model
SCN02730,C046,Cabbage,fresh_produce_veg,chilled,S05,3.2,80.0,S09,6,3.3,1.0,45,92,0.1,6.2,0.99,6.7,9891.0,,M18,Micro-perforated LDPE (breathable),30,60000,30,14,good,Passive MAP - micro-perforated,3.5,4.5,92.0,,,Y,46,Y,0.75,0.0091,75,,,,,MAP window not reachable with single film at this temperature/pack; use tuned micro-perforation or ventilated pack,synthetic_rule_physics_model
SCN02731,C046,Cabbage,fresh_produce_veg,chilled,S04,1.2,85.0,S10,6,1.2,0.5,30,92,0.1,6.2,0.99,5.6,7479.0,,M01,LDPE film,25,7000.0,18.0,16,good,Passive MAP (equilibrium),3.5,4.5,92.0,2.3,4.2,Y,112,Y,0.56,0.0091,76,,,,,,synthetic_rule_physics_model
SCN02732,C046,Cabbage,fresh_produce_veg,chilled,S04,1.9,93.0,S10,48,2.0,0.25,30,92,0.1,6.2,0.99,6.0,6063.0,,M01,LDPE film,30,5833.3,15.0,16,good,Passive MAP (equilibrium),3.5,4.5,92.0,2.8,4.0,Y,97,Y,0.85,0.0137,76,,,,,,synthetic_rule_physics_model
SCN02733,C046,Cabbage,fresh_produce_veg,ambient,S01,27.5,45.0,S10,6,27.5,0.5,60,92,0.1,6.2,0.99,55.3,16098.0,,M18,Micro-perforated LDPE (breathable),30,60000,30,14,good,Passive MAP - micro-perforated,3.5,4.5,92.0,,,Y,5,N,0.94,0.0114,75,,,,,MAP window not reachable with single film at this temperature/pack; use tuned micro-perforation or ventilated pack,synthetic_rule_physics_model
SCN02734,C046,Cabbage,fresh_produce_veg,chilled,S04,2.5,87.0,S09,24,2.8,0.5,120,92,0.1,6.2,0.99,6.4,7764.0,,M01,LDPE film,25,7000.0,18.0,16,good,Passive MAP (equilibrium),3.5,4.5,92.0,1.6,4.3,Y,66,N,0.56,0.0091,76,,,,,,synthetic_rule_physics_model
SCN02735,C046,Cabbage,fresh_produce_veg,chilled,S04,0.1,86.0,S10,6,0.1,2.0,120,92,0.1,6.2,0.99,5.0,11508.0,,M18,Micro-perforated LDPE (breathable),30,60000,30,14,good,Passive MAP - micro-perforated,3.5,4.5,92.0,,,Y,60,N,0.59,0.0072,75,,,,,MAP window not reachable with single film at this temperature/pack; use tuned micro-perforation or ventilated pack,synthetic_rule_physics_model
SCN02736,C046,Cabbage,fresh_produce_veg,chilled,S04,3.1,88.0,S10,6,3.1,0.5,120,92,0.1,6.2,0.99,6.6,7832.0,,M18,Micro-perforated LDPE (breathable),30,60000,30,14,good,Passive MAP - micro-perforated,3.5,4.5,92.0,,,Y,46,N,0.94,0.0114,75,,,,,MAP window not reachable with single film at this temperature/pack; use tuned micro-perforation or ventilated pack,synthetic_rule_physics_model
SCN02737,C046,Cabbage,fresh_produce_veg,chilled,S05,6.7,85.0,S10,6,6.7,0.5,45,92,0.1,6.2,0.99,9.0,8577.0,,M18,Micro-perforated LDPE (breathable),30,60000,30,14,good,Passive MAP - micro-perforated,3.5,4.5,92.0,,,Y,32,N,0.94,0.0114,75,,,,,MAP window not reachable with single film at this temperature/pack; use tuned micro-perforation or ventilated pack,synthetic_rule_physics_model
SCN02738,C046,Cabbage,fresh_produce_veg,chilled,S05,4.2,81.0,S10,24,4.2,0.5,90,92,0.1,6.2,0.99,7.2,8045.0,,M18,Micro-perforated LDPE (breathable),30,60000,30,14,good,Passive MAP - micro-perforated,3.5,4.5,92.0,,,Y,41,N,0.94,0.0114,75,,,,,MAP window not reachable with single film at this temperature/pack; use tuned micro-perforation or ventilated pack,synthetic_rule_physics_model
SCN02739,C046,Cabbage,fresh_produce_veg,chilled,S04,0.5,90.0,S10,48,0.5,1.0,60,92,0.1,6.2,0.99,5.2,9251.0,,M18,Micro-perforated LDPE (breathable),30,60000,30,14,good,Passive MAP - micro-perforated,3.5,4.5,92.0,,,Y,56,N,0.75,0.0091,75,,,,,MAP window not reachable with single film at this temperature/pack; use tuned micro-perforation or ventilated pack,synthetic_rule_physics_model
SCN02740,C046,Cabbage,fresh_produce_veg,ambient,S01,30.1,42.0,S09,6,30.1,1.0,60,92,0.1,6.2,0.99,69.5,22158.0,,M18,Micro-perforated LDPE (breathable),30,60000,30,14,good,Passive MAP - micro-perforated,3.5,4.5,92.0,,,Y,4,N,0.75,0.0091,75,,,,,MAP window not reachable with single film at this temperature/pack; use tuned micro-perforation or ventilated pack,synthetic_rule_physics_model
SCN02741,C046,Cabbage,fresh_produce_veg,chilled,S04,3.1,89.0,S09,48,3.5,2.0,120,92,0.1,6.2,0.99,6.8,12500.0,,M18,Micro-perforated LDPE (breathable),30,60000,30,14,good,Passive MAP - micro-perforated,3.5,4.5,92.0,,,Y,44,N,0.59,0.0072,75,,,,,MAP window not reachable with single film at this temperature/pack; use tuned micro-perforation or ventilated pack,synthetic_rule_physics_model
SCN02742,C046,Cabbage,fresh_produce_veg,chilled,S04,0.9,94.0,S10,24,0.9,0.5,120,92,0.1,6.2,0.99,5.4,7424.0,,M01,LDPE film,25,7000.0,18.0,16,good,Passive MAP (equilibrium),3.5,4.5,92.0,2.4,4.1,Y,106,N,0.56,0.0091,76,,,,,,synthetic_rule_physics_model
SCN02743,C046,Cabbage,fresh_produce_veg,chilled,S04,1.0,93.0,S10,24,1.0,0.5,60,92,0.1,6.2,0.99,5.5,7444.0,,M01,LDPE film,25,7000.0,18.0,16,good,Passive MAP (equilibrium),3.5,4.5,92.0,2.4,4.1,Y,109,Y,0.56,0.0091,76,,,,,,synthetic_rule_physics_model
SCN02744,C046,Cabbage,fresh_produce_veg,ambient,S01,25.5,49.0,S10,24,25.0,0.5,45,92,0.1,6.2,0.99,44.8,14832.0,,M18,Micro-perforated LDPE (breathable),30,60000,30,14,good,Passive MAP - micro-perforated,3.5,4.5,92.0,,,Y,6,N,0.94,0.0114,75,,,,,MAP window not reachable with single film at this temperature/pack; use tuned micro-perforation or ventilated pack,synthetic_rule_physics_model
SCN02745,C046,Cabbage,fresh_produce_veg,chilled,S04,1.0,90.0,S10,6,1.0,0.25,60,92,0.1,6.2,0.99,5.4,5916.0,,M01,LDPE film,30,5833.3,15.0,16,good,Passive MAP (equilibrium),3.5,4.5,92.0,3.3,3.9,Y,109,Y,0.85,0.0137,76,,,,,,synthetic_rule_physics_model
SCN02746,C046,Cabbage,fresh_produce_veg,chilled,S04,1.1,86.0,S10,6,1.1,0.25,30,92,0.1,6.2,0.99,5.5,5937.0,,M01,LDPE film,30,5833.3,15.0,16,good,Passive MAP (equilibrium),3.5,4.5,92.0,3.2,4.0,Y,103,Y,0.85,0.0137,76,,,,,,synthetic_rule_physics_model
SCN02747,C046,Cabbage,fresh_produce_veg,chilled,S04,0.9,85.0,S10,48,1.0,0.25,90,92,0.1,6.2,0.99,5.4,5914.0,,M01,LDPE film,30,5833.3,15.0,16,good,Passive MAP (equilibrium),3.5,4.5,92.0,3.3,3.9,Y,109,Y,0.85,0.0137,76,,,,,,synthetic_rule_physics_model
SCN02748,C046,Cabbage,fresh_produce_veg,chilled,S04,3.1,89.0,S10,6,3.1,0.25,90,92,0.1,6.2,0.99,6.6,6227.0,,M01,LDPE film,30,5833.3,15.0,16,good,Passive MAP (equilibrium),3.5,4.5,92.0,2.3,4.2,Y,90,Y,0.85,0.0137,76,,,,,,synthetic_rule_physics_model
SCN02749,C046,Cabbage,fresh_produce_veg,chilled,S04,2.0,92.0,S10,6,2.1,0.5,30,92,0.1,6.2,0.99,6.0,7630.0,,M01,LDPE film,25,7000.0,18.0,16,good,Passive MAP (equilibrium),3.5,4.5,92.0,1.9,4.2,Y,71,Y,0.56,0.0091,76,,,,,,synthetic_rule_physics_model
SCN02750,C046,Cabbage,fresh_produce_veg,chilled,S04,0.5,88.0,S10,24,0.7,2.0,30,92,0.1,6.2,0.99,5.3,11677.0,,M18,Micro-perforated LDPE (breathable),30,60000,30,14,good,Passive MAP - micro-perforated,3.5,4.5,92.0,,,Y,57,Y,0.59,0.0072,75,,,,,MAP window not reachable with single film at this temperature/pack; use tuned micro-perforation or ventilated pack,synthetic_rule_physics_model
SCN02751,C046,Cabbage,fresh_produce_veg,chilled,S05,7.4,71.0,S10,6,7.3,1.0,30,92,0.1,6.2,0.99,9.5,10956.0,,M18,Micro-perforated LDPE (breathable),30,60000,30,14,good,Passive MAP - micro-perforated,3.5,4.5,92.0,,,Y,31,Y,0.75,0.0091,75,,,,,MAP window not reachable with single film at this temperature/pack; use tuned micro-perforation or ventilated pack,synthetic_rule_physics_model
SCN02752,C046,Cabbage,fresh_produce_veg,chilled,S04,0.0,89.0,S09,24,0.4,0.25,120,92,0.1,6.2,0.99,5.2,5832.0,,M18,Micro-perforated LDPE (breathable),30,60000,30,14,good,Passive MAP - micro-perforated,3.5,4.5,92.0,,,Y,59,N,1.18,0.0144,75,,,,,MAP window not reachable with single film at this temperature/pack; use tuned micro-perforation or ventilated pack,synthetic_rule_physics_model
SCN02753,C046,Cabbage,fresh_produce_veg,chilled,S04,1.5,91.0,S10,6,1.5,1.0,90,92,0.1,6.2,0.99,5.7,9455.0,,M18,Micro-perforated LDPE (breathable),30,60000,30,14,good,Passive MAP - micro-perforated,3.5,4.5,92.0,,,Y,51,N,0.75,0.0091,75,,,,,MAP window not reachable with single film at this temperature/pack; use tuned micro-perforation or ventilated pack,synthetic_rule_physics_model
SCN02754,C046,Cabbage,fresh_produce_veg,chilled,S05,5.3,80.0,S10,48,5.2,0.25,120,92,0.1,6.2,0.99,7.9,6568.0,,M18,Micro-perforated LDPE (breathable),30,60000,30,14,good,Passive MAP - micro-perforated,3.5,4.5,92.0,,,Y,36,N,1.18,0.0144,75,,,,,MAP window not reachable with single film at this temperature/pack; use tuned micro-perforation or ventilated pack,synthetic_rule_physics_model
SCN02755,C046,Cabbage,fresh_produce_veg,chilled,S04,2.3,89.0,S10,48,2.4,2.0,90,92,0.1,6.2,0.99,6.1,12145.0,,M18,Micro-perforated LDPE (breathable),30,60000,30,14,good,Passive MAP - micro-perforated,3.5,4.5,92.0,,,Y,49,N,0.59,0.0072,75,,,,,MAP window not reachable with single film at this temperature/pack; use tuned micro-perforation or ventilated pack,synthetic_rule_physics_model
SCN02756,C046,Cabbage,fresh_produce_veg,chilled,S04,0.1,89.0,S10,6,0.1,2.0,60,92,0.1,6.2,0.99,5.0,11514.0,,M18,Micro-perforated LDPE (breathable),30,60000,30,14,good,Passive MAP - micro-perforated,3.5,4.5,92.0,,,Y,60,Y,0.59,0.0072,75,,,,,MAP window not reachable with single film at this temperature/pack; use tuned micro-perforation or ventilated pack,synthetic_rule_physics_model
SCN02757,C046,Cabbage,fresh_produce_veg,ambient,S01,31.1,59.0,S10,24,30.7,0.25,60,92,0.1,6.2,0.99,73.3,14321.0,,M18,Micro-perforated LDPE (breathable),30,60000,30,14,good,Passive MAP - micro-perforated,3.5,4.5,92.0,,,Y,4,N,1.18,0.0144,75,,,,,MAP window not reachable with single film at this temperature/pack; use tuned micro-perforation or ventilated pack,synthetic_rule_physics_model
SCN02758,C046,Cabbage,fresh_produce_veg,ambient,S01,30.6,44.0,S10,48,29.8,0.25,60,92,0.1,6.2,0.99,67.9,13893.0,,M18,Micro-perforated LDPE (breathable),30,60000,30,14,good,Passive MAP - micro-perforated,3.5,4.5,92.0,,,Y,4,N,1.18,0.0144,75,,,,,MAP window not reachable with single film at this temperature/pack; use tuned micro-perforation or ventilated pack,synthetic_rule_physics_model
SCN02759,C046,Cabbage,fresh_produce_veg,chilled,S04,0.4,88.0,S10,48,0.4,0.5,60,92,0.1,6.2,0.99,5.2,7338.0,,M01,LDPE film,25,7000.0,18.0,16,good,Passive MAP (equilibrium),3.5,4.5,92.0,2.7,4.1,Y,121,Y,0.56,0.0091,76,,,,,,synthetic_rule_physics_model
SCN02760,C046,Cabbage,fresh_produce_veg,chilled,S04,2.4,95.0,S10,24,2.4,2.0,60,92,0.1,6.2,0.99,6.2,12154.0,,M18,Micro-perforated LDPE (breathable),30,60000,30,14,good,Passive MAP - micro-perforated,3.5,4.5,92.0,,,Y,50,N,0.59,0.0072,75,,,,,MAP window not reachable with single film at this temperature/pack; use tuned micro-perforation or ventilated pack,synthetic_rule_physics_model
SCN02761,C047,Cauliflower,fresh_produce_veg,chilled,S04,2.2,91.0,S10,24,2.5,0.25,16,92,0.3,6.5,0.99,15.0,14864.0,,M18,Micro-perforated LDPE (breathable),30,60000,30,14,good,Passive MAP - micro-perforated,3.5,3.5,93.0,,,Y,16,Y,1.18,0.0144,75,,,,,MAP window not reachable with single film at this temperature/pack; use tuned micro-perforation or ventilated pack,synthetic_rule_physics_model
SCN02762,C047,Cauliflower,fresh_produce_veg,chilled,S05,6.9,75.0,S10,48,6.8,2.0,42,92,0.3,6.5,0.99,22.3,33486.0,,M18,Micro-perforated LDPE (breathable),30,60000,30,14,good,Passive MAP - micro-perforated,3.5,3.5,93.0,,,Y,10,N,0.59,0.0072,75,,,,,MAP window not reachable with single film at this temperature/pack; use tuned micro-perforation or ventilated pack,synthetic_rule_physics_model
SCN02763,C047,Cauliflower,fresh_produce_veg,ambient,S01,20.9,49.0,S09,6,21.0,0.5,42,92,0.3,6.5,0.99,82.5,34040.0,,M18,Micro-perforated LDPE (breathable),30,60000,30,14,good,Passive MAP - micro-perforated,3.5,3.5,93.0,,,Y,2,N,0.94,0.0114,75,,,,,MAP window not reachable with single film at this temperature/pack; use tuned micro-perforation or ventilated pack,synthetic_rule_physics_model
SCN02764,C047,Cauliflower,fresh_produce_veg,ambient,S01,22.0,63.0,S10,6,21.6,1.0,10,92,0.3,6.5,0.99,86.7,43626.0,,M18,Micro-perforated LDPE (breathable),30,60000,30,14,good,Passive MAP - micro-perforated,3.5,3.5,93.0,,,Y,2,N,0.75,0.0091,75,,,,,MAP window not reachable with single film at this temperature/pack; use tuned micro-perforation or ventilated pack,synthetic_rule_physics_model
SCN02765,C047,Cauliflower,fresh_produce_veg,ambient,S01,28.2,54.0,S10,6,28.1,0.5,42,92,0.3,6.5,0.99,157.3,44267.0,,M18,Micro-perforated LDPE (breathable),30,60000,30,14,good,Passive MAP - micro-perforated,3.5,3.5,93.0,,,Y,1,N,0.94,0.0114,75,,,,,MAP window not reachable with single film at this temperature/pack; use tuned micro-perforation or ventilated pack,synthetic_rule_physics_model
SCN02766,C047,Cauliflower,fresh_produce_veg,chilled,S04,0.5,87.0,S10,24,0.5,2.0,10,92,0.3,6.5,0.99,12.6,27976.0,,M18,Micro-perforated LDPE (breathable),30,60000,30,14,good,Passive MAP - micro-perforated,3.5,3.5,93.0,,,Y,19,Y,0.59,0.0072,75,,,,,MAP window not reachable with single film at this temperature/pack; use tuned micro-perforation or ventilated pack,synthetic_rule_physics_model
SCN02767,C047,Cauliflower,fresh_produce_veg,chilled,S05,7.0,85.0,S10,48,6.9,2.0,21,92,0.3,6.5,0.99,22.6,33637.0,,M18,Micro-perforated LDPE (breathable),30,60000,30,14,good,Passive MAP - micro-perforated,3.5,3.5,93.0,,,Y,10,N,0.59,0.0072,75,,,,,MAP window not reachable with single film at this temperature/pack; use tuned micro-perforation or ventilated pack,synthetic_rule_physics_model
SCN02768,C047,Cauliflower,fresh_produce_veg,chilled,S05,6.1,71.0,S10,6,6.1,0.25,32,92,0.3,6.5,0.99,21.0,16535.0,,M18,Micro-perforated LDPE (breathable),30,60000,30,14,good,Passive MAP - micro-perforated,3.5,3.5,93.0,,,Y,11,N,1.18,0.0144,75,,,,,MAP window not reachable with single film at this temperature/pack; use tuned micro-perforation or ventilated pack,synthetic_rule_physics_model
SCN02769,C047,Cauliflower,fresh_produce_veg,chilled,S04,1.3,89.0,S10,24,1.3,0.25,10,92,0.3,6.5,0.99,13.5,14378.0,,M18,Micro-perforated LDPE (breathable),30,60000,30,14,good,Passive MAP - micro-perforated,3.5,3.5,93.0,,,Y,19,Y,1.18,0.0144,75,,,,,MAP window not reachable with single film at this temperature/pack; use tuned micro-perforation or ventilated pack,synthetic_rule_physics_model
SCN02770,C047,Cauliflower,fresh_produce_veg,chilled,S04,0.8,93.0,S09,6,1.1,1.0,32,92,0.3,6.5,0.99,13.3,22633.0,,M18,Micro-perforated LDPE (breathable),30,60000,30,14,good,Passive MAP - micro-perforated,3.5,3.5,93.0,,,Y,19,N,0.75,0.0091,75,,,,,MAP window not reachable with single film at this temperature/pack; use tuned micro-perforation or ventilated pack,synthetic_rule_physics_model
SCN02771,C047,Cauliflower,fresh_produce_veg,ambient,S01,22.0,52.0,S09,48,24.2,2.0,16,92,0.3,6.5,0.99,109.8,60287.0,,M18,Micro-perforated LDPE (breathable),30,60000,30,14,good,Passive MAP - micro-perforated,3.5,3.5,93.0,,,Y,2,N,0.59,0.0072,75,,,,,MAP window not reachable with single film at this temperature/pack; use tuned micro-perforation or ventilated pack,synthetic_rule_physics_model
SCN02772,C047,Cauliflower,fresh_produce_veg,ambient,S02,31.3,83.0,S10,48,30.0,2.0,42,92,0.3,6.5,0.99,187.2,75317.0,,M18,Micro-perforated LDPE (breathable),30,60000,30,14,good,Passive MAP - micro-perforated,3.5,3.5,93.0,,,Y,1,N,0.59,0.0072,75,,,,,MAP window not reachable with single film at this temperature/pack; use tuned micro-perforation or ventilated pack,synthetic_rule_physics_model
SCN02773,C047,Cauliflower,fresh_produce_veg,ambient,S02,32.2,89.0,S10,48,30.5,0.25,32,92,0.3,6.5,0.99,196.0,38676.0,,M18,Micro-perforated LDPE (breathable),30,60000,30,14,good,Passive MAP - micro-perforated,3.5,3.5,93.0,,,Y,1,N,1.18,0.0144,75,,,,,MAP window not reachable with single film at this temperature/pack; use tuned micro-perforation or ventilated pack,synthetic_rule_physics_model
SCN02774,C047,Cauliflower,fresh_produce_veg,ambient,S02,29.3,76.0,S09,6,29.4,0.25,32,92,0.3,6.5,0.99,177.2,37046.0,,M18,Micro-perforated LDPE (breathable),30,60000,30,14,good,Passive MAP - micro-perforated,3.5,3.5,93.0,,,Y,1,N,1.18,0.0144,75,,,,,MAP window not reachable with single film at this temperature/pack; use tuned micro-perforation or ventilated pack,synthetic_rule_physics_model
SCN02775,C047,Cauliflower,fresh_produce_veg,chilled,S04,2.7,87.0,S10,6,2.8,0.5,32,92,0.3,6.5,0.99,15.5,18839.0,,M18,Micro-perforated LDPE (breathable),30,60000,30,14,good,Passive MAP - micro-perforated,3.5,3.5,93.0,,,Y,16,N,0.94,0.0114,75,,,,,MAP window not reachable with single film at this temperature/pack; use tuned micro-perforation or ventilated pack,synthetic_rule_physics_model
SCN02776,C047,Cauliflower,fresh_produce_veg,ambient,S01,22.9,52.0,S09,24,23.7,0.25,10,92,0.3,6.5,0.99,105.0,29811.0,,M18,Micro-perforated LDPE (breathable),30,60000,30,14,good,Passive MAP - micro-perforated,3.5,3.5,93.0,,,Y,2,N,1.18,0.0144,75,,,,,MAP window not reachable with single film at this temperature/pack; use tuned micro-perforation or ventilated pack,synthetic_rule_physics_model
SCN02777,C047,Cauliflower,fresh_produce_veg,chilled,S04,2.7,91.0,S10,6,2.7,1.0,42,92,0.3,6.5,0.99,15.4,23634.0,,M18,Micro-perforated LDPE (breathable),30,60000,30,14,good,Passive MAP - micro-perforated,3.5,3.5,93.0,,,Y,15,N,0.75,0.0091,75,,,,,MAP window not reachable with single film at this temperature/pack; use tuned micro-perforation or ventilated pack,synthetic_rule_physics_model
SCN02778,C047,Cauliflower,fresh_produce_veg,chilled,S04,1.7,95.0,S09,24,3.9,0.25,16,92,0.3,6.5,0.99,17.1,15469.0,,M18,Micro-perforated LDPE (breathable),30,60000,30,14,good,Passive MAP - micro-perforated,3.5,3.5,93.0,,,Y,15,N,1.18,0.0144,75,,,,,MAP window not reachable with single film at this temperature/pack; use tuned micro-perforation or ventilated pack,synthetic_rule_physics_model
SCN02779,C047,Cauliflower,fresh_produce_veg,chilled,S04,2.5,86.0,S10,24,3.0,1.0,10,92,0.3,6.5,0.99,15.9,23873.0,,M18,Micro-perforated LDPE (breathable),30,60000,30,14,good,Passive MAP - micro-perforated,3.5,3.5,93.0,,,Y,13,Y,0.75,0.0091,75,,,,,MAP window not reachable with single film at this temperature/pack; use tuned micro-perforation or ventilated pack,synthetic_rule_physics_model
SCN02780,C047,Cauliflower,fresh_produce_veg,ambient,S01,20.8,55.0,S10,24,20.0,0.25,21,92,0.3,6.5,0.99,74.8,26054.0,,M18,Micro-perforated LDPE (breathable),30,60000,30,14,good,Passive MAP - micro-perforated,3.5,3.5,93.0,,,Y,2,N,1.18,0.0144,75,,,,,MAP window not reachable with single film at this temperature/pack; use tuned micro-perforation or ventilated pack,synthetic_rule_physics_model
SCN02781,C047,Cauliflower,fresh_produce_veg,ambient,S02,28.9,89.0,S10,48,23.4,0.25,10,92,0.3,6.5,0.99,102.2,29489.0,,M18,Micro-perforated LDPE (breathable),30,60000,30,14,good,Passive MAP - micro-perforated,3.5,3.5,93.0,,,Y,2,N,1.18,0.0144,75,,,,,MAP window not reachable with single film at this temperature/pack; use tuned micro-perforation or ventilated pack,synthetic_rule_physics_model
SCN02782,C047,Cauliflower,fresh_produce_veg,chilled,S05,4.2,82.0,S10,24,4.1,0.5,42,92,0.3,6.5,0.99,17.4,19570.0,,M18,Micro-perforated LDPE (breathable),30,60000,30,14,good,Passive MAP - micro-perforated,3.5,3.5,93.0,,,Y,13,N,0.94,0.0114,75,,,,,MAP window not reachable with single film at this temperature/pack; use tuned micro-perforation or ventilated pack,synthetic_rule_physics_model
SCN02783,C047,Cauliflower,fresh_produce_veg,chilled,S04,3.1,91.0,S10,24,3.2,2.0,42,92,0.3,6.5,0.99,16.1,30122.0,,M18,Micro-perforated LDPE (breathable),30,60000,30,14,good,Passive MAP - micro-perforated,3.5,3.5,93.0,,,Y,15,N,0.59,0.0072,75,,,,,MAP window not reachable with single film at this temperature/pack; use tuned micro-perforation or ventilated pack,synthetic_rule_physics_model
SCN02784,C047,Cauliflower,fresh_produce_veg,chilled,S05,6.7,86.0,S10,24,6.6,2.0,21,92,0.3,6.5,0.99,22.0,33324.0,,M18,Micro-perforated LDPE (breathable),30,60000,30,14,good,Passive MAP - micro-perforated,3.5,3.5,93.0,,,Y,11,N,0.59,0.0072,75,,,,,MAP window not reachable with single film at this temperature/pack; use tuned micro-perforation or ventilated pack,synthetic_rule_physics_model
SCN02785,C047,Cauliflower,fresh_produce_veg,chilled,S04,2.5,94.0,S10,24,3.1,0.5,10,92,0.3,6.5,0.99,15.9,18997.0,,M18,Micro-perforated LDPE (breathable),30,60000,30,14,good,Passive MAP - micro-perforated,3.5,3.5,93.0,,,Y,14,Y,0.94,0.0114,75,,,,,MAP window not reachable with single film at this temperature/pack; use tuned micro-perforation or ventilated pack,synthetic_rule_physics_model
SCN02786,C047,Cauliflower,fresh_produce_veg,chilled,S04,3.1,87.0,S10,24,3.2,0.25,32,92,0.3,6.5,0.99,16.1,15175.0,,M18,Micro-perforated LDPE (breathable),30,60000,30,14,good,Passive MAP - micro-perforated,3.5,3.5,93.0,,,Y,15,N,1.18,0.0144,75,,,,,MAP window not reachable with single film at this temperature/pack; use tuned micro-perforation or ventilated pack,synthetic_rule_physics_model
SCN02787,C047,Cauliflower,fresh_produce_veg,chilled,S04,3.9,90.0,S09,6,4.3,2.0,16,92,0.3,6.5,0.99,17.8,31117.0,,M18,Micro-perforated LDPE (breathable),30,60000,30,14,good,Passive MAP - micro-perforated,3.5,3.5,93.0,,,Y,13,N,0.59,0.0072,75,,,,,MAP window not reachable with single film at this temperature/pack; use tuned micro-perforation or ventilated pack,synthetic_rule_physics_model
SCN02788,C047,Cauliflower,fresh_produce_veg,chilled,S04,0.9,88.0,S10,48,1.7,1.0,16,92,0.3,6.5,0.99,14.0,22991.0,,M18,Micro-perforated LDPE (breathable),30,60000,30,14,good,Passive MAP - micro-perforated,3.5,3.5,93.0,,,Y,18,Y,0.75,0.0091,75,,,,,MAP window not reachable with single film at this temperature/pack; use tuned micro-perforation or ventilated pack,synthetic_rule_physics_model
SCN02789,C047,Cauliflower,fresh_produce_veg,ambient,S02,30.2,89.0,S10,24,27.8,0.5,10,92,0.3,6.5,0.99,153.0,43758.0,,M18,Micro-perforated LDPE (breathable),30,60000,30,14,good,Passive MAP - micro-perforated,3.5,3.5,93.0,,,Y,1,N,0.94,0.0114,75,,,,,MAP window not reachable with single film at this temperature/pack; use tuned micro-perforation or ventilated pack,synthetic_rule_physics_model
SCN02790,C047,Cauliflower,fresh_produce_veg,ambient,S01,22.9,58.0,S10,48,18.9,0.25,10,92,0.3,6.5,0.99,67.5,25045.0,,M18,Micro-perforated LDPE (breathable),30,60000,30,14,good,Passive MAP - micro-perforated,3.5,3.5,93.0,,,Y,3,N,1.18,0.0144,75,,,,,MAP window not reachable with single film at this temperature/pack; use tuned micro-perforation or ventilated pack,synthetic_rule_physics_model
SCN02791,C047,Cauliflower,fresh_produce_veg,chilled,S04,0.7,93.0,S10,6,0.8,0.5,10,92,0.3,6.5,0.99,12.9,17846.0,,M18,Micro-perforated LDPE (breathable),30,60000,30,14,good,Passive MAP - micro-perforated,3.5,3.5,93.0,,,Y,20,Y,0.94,0.0114,75,,,,,MAP window not reachable with single film at this temperature/pack; use tuned micro-perforation or ventilated pack,synthetic_rule_physics_model
SCN02792,C047,Cauliflower,fresh_produce_veg,ambient,S01,22.9,61.0,S10,24,22.4,1.0,32,92,0.3,6.5,0.99,93.4,44935.0,,M18,Micro-perforated LDPE (breathable),30,60000,30,14,good,Passive MAP - micro-perforated,3.5,3.5,93.0,,,Y,2,N,0.75,0.0091,75,,,,,MAP window not reachable with single film at this temperature/pack; use tuned micro-perforation or ventilated pack,synthetic_rule_physics_model
SCN02793,C047,Cauliflower,fresh_produce_veg,chilled,S04,2.7,90.0,S10,6,2.7,2.0,21,92,0.3,6.5,0.99,15.4,29744.0,,M18,Micro-perforated LDPE (breathable),30,60000,30,14,good,Passive MAP - micro-perforated,3.5,3.5,93.0,,,Y,17,N,0.59,0.0072,75,,,,,MAP window not reachable with single film at this temperature/pack; use tuned micro-perforation or ventilated pack,synthetic_rule_physics_model
SCN02794,C047,Cauliflower,fresh_produce_veg,chilled,S05,5.9,72.0,S10,24,5.6,0.25,16,92,0.3,6.5,0.99,20.1,16280.0,,M18,Micro-perforated LDPE (breathable),30,60000,30,14,good,Passive MAP - micro-perforated,3.5,3.5,93.0,,,Y,12,N,1.18,0.0144,75,,,,,MAP window not reachable with single film at this temperature/pack; use tuned micro-perforation or ventilated pack,synthetic_rule_physics_model
SCN02795,C047,Cauliflower,fresh_produce_veg,chilled,S05,4.5,76.0,S10,6,4.5,0.25,42,92,0.3,6.5,0.99,18.1,15759.0,,M18,Micro-perforated LDPE (breathable),30,60000,30,14,good,Passive MAP - micro-perforated,3.5,3.5,93.0,,,Y,13,N,1.18,0.0144,75,,,,,MAP window not reachable with single film at this temperature/pack; use tuned micro-perforation or ventilated pack,synthetic_rule_physics_model
SCN02796,C047,Cauliflower,fresh_produce_veg,chilled,S04,0.3,94.0,S09,24,1.5,0.5,21,92,0.3,6.5,0.99,13.8,18183.0,,M18,Micro-perforated LDPE (breathable),30,60000,30,14,good,Passive MAP - micro-perforated,3.5,3.5,93.0,,,Y,18,N,0.94,0.0114,75,,,,,MAP window not reachable with single film at this temperature/pack; use tuned micro-perforation or ventilated pack,synthetic_rule_physics_model
SCN02797,C047,Cauliflower,fresh_produce_veg,ambient,S01,27.1,44.0,S10,48,25.5,2.0,32,92,0.3,6.5,0.99,124.3,63425.0,,M18,Micro-perforated LDPE (breathable),30,60000,30,14,good,Passive MAP - micro-perforated,3.5,3.5,93.0,,,Y,1,N,0.59,0.0072,75,,,,,MAP window not reachable with single film at this temperature/pack; use tuned micro-perforation or ventilated pack,synthetic_rule_physics_model
SCN02798,C047,Cauliflower,fresh_produce_veg,chilled,S04,2.3,94.0,S10,24,2.3,0.5,42,92,0.3,6.5,0.99,14.8,18599.0,,M18,Micro-perforated LDPE (breathable),30,60000,30,14,good,Passive MAP - micro-perforated,3.5,3.5,93.0,,,Y,16,N,0.94,0.0114,75,,,,,MAP window not reachable with single film at this temperature/pack; use tuned micro-perforation or ventilated pack,synthetic_rule_physics_model
SCN02799,C047,Cauliflower,fresh_produce_veg,chilled,S04,1.0,93.0,S10,48,1.2,0.5,42,92,0.3,6.5,0.99,13.3,18011.0,,M18,Micro-perforated LDPE (breathable),30,60000,30,14,good,Passive MAP - micro-perforated,3.5,3.5,93.0,,,Y,19,N,0.94,0.0114,75,,,,,MAP window not reachable with single film at this temperature/pack; use tuned micro-perforation or ventilated pack,synthetic_rule_physics_model
SCN02800,C047,Cauliflower,fresh_produce_veg,chilled,S04,2.5,87.0,S09,6,2.8,0.5,21,92,0.3,6.5,0.99,15.5,18848.0,,M18,Micro-perforated LDPE (breathable),30,60000,30,14,good,Passive MAP - micro-perforated,3.5,3.5,93.0,,,Y,15,N,0.94,0.0114,75,,,,,MAP window not reachable with single film at this temperature/pack; use tuned micro-perforation or ventilated pack,synthetic_rule_physics_model
SCN02801,C047,Cauliflower,fresh_produce_veg,chilled,S05,3.9,78.0,S10,24,3.8,0.5,16,92,0.3,6.5,0.99,17.1,19432.0,,M18,Micro-perforated LDPE (breathable),30,60000,30,14,good,Passive MAP - micro-perforated,3.5,3.5,93.0,,,Y,14,N,0.94,0.0114,75,,,,,MAP window not reachable with single film at this temperature/pack; use tuned micro-perforation or ventilated pack,synthetic_rule_physics_model
SCN02802,C047,Cauliflower,fresh_produce_veg,chilled,S04,1.5,94.0,S10,48,1.8,1.0,10,92,0.3,6.5,0.99,14.1,23045.0,,M18,Micro-perforated LDPE (breathable),30,60000,30,14,good,Passive MAP - micro-perforated,3.5,3.5,93.0,,,Y,16,Y,0.75,0.0091,75,,,,,MAP window not reachable with single film at this temperature/pack; use tuned micro-perforation or ventilated pack,synthetic_rule_physics_model
SCN02803,C047,Cauliflower,fresh_produce_veg,ambient,S01,22.1,46.0,S10,24,21.7,0.5,42,92,0.3,6.5,0.99,87.3,34800.0,,M18,Micro-perforated LDPE (breathable),30,60000,30,14,good,Passive MAP - micro-perforated,3.5,3.5,93.0,,,Y,2,N,0.94,0.0114,75,,,,,MAP window not reachable with single film at this temperature/pack; use tuned micro-perforation or ventilated pack,synthetic_rule_physics_model
SCN02804,C047,Cauliflower,fresh_produce_veg,chilled,S04,1.8,87.0,S09,48,4.7,1.0,16,92,0.3,6.5,0.99,18.5,25077.0,,M18,Micro-perforated LDPE (breathable),30,60000,30,14,good,Passive MAP - micro-perforated,3.5,3.5,93.0,,,Y,12,N,0.75,0.0091,75,,,,,MAP window not reachable with single film at this temperature/pack; use tuned micro-perforation or ventilated pack,synthetic_rule_physics_model
SCN02805,C047,Cauliflower,fresh_produce_veg,ambient,S01,31.9,55.0,S09,48,33.0,0.25,16,92,0.3,6.5,0.99,246.0,42699.0,,M18,Micro-perforated LDPE (breathable),30,60000,30,14,good,Passive MAP - micro-perforated,3.5,3.5,93.0,,,Y,1,N,1.18,0.0144,75,,,,,MAP window not reachable with single film at this temperature/pack; use tuned micro-perforation or ventilated pack,synthetic_rule_physics_model
SCN02806,C047,Cauliflower,fresh_produce_veg,chilled,S04,3.6,94.0,S10,6,3.6,1.0,42,92,0.3,6.5,0.99,16.7,24264.0,,M18,Micro-perforated LDPE (breathable),30,60000,30,14,good,Passive MAP - micro-perforated,3.5,3.5,93.0,,,Y,14,N,0.75,0.0091,75,,,,,MAP window not reachable with single film at this temperature/pack; use tuned micro-perforation or ventilated pack,synthetic_rule_physics_model
SCN02807,C047,Cauliflower,fresh_produce_veg,chilled,S04,1.0,86.0,S10,48,1.1,0.25,42,92,0.3,6.5,0.99,13.2,14290.0,,M18,Micro-perforated LDPE (breathable),30,60000,30,14,good,Passive MAP - micro-perforated,3.5,3.5,93.0,,,Y,18,N,1.18,0.0144,75,,,,,MAP window not reachable with single film at this temperature/pack; use tuned micro-perforation or ventilated pack,synthetic_rule_physics_model
SCN02808,C047,Cauliflower,fresh_produce_veg,chilled,S04,0.5,90.0,S10,48,0.9,1.0,42,92,0.3,6.5,0.99,13.0,22463.0,,M18,Micro-perforated LDPE (breathable),30,60000,30,14,good,Passive MAP - micro-perforated,3.5,3.5,93.0,,,Y,18,N,0.75,0.0091,75,,,,,MAP window not reachable with single film at this temperature/pack; use tuned micro-perforation or ventilated pack,synthetic_rule_physics_model
SCN02809,C047,Cauliflower,fresh_produce_veg,ambient,S02,31.4,87.0,S10,48,29.6,0.25,32,92,0.3,6.5,0.99,180.8,37362.0,,M18,Micro-perforated LDPE (breathable),30,60000,30,14,good,Passive MAP - micro-perforated,3.5,3.5,93.0,,,Y,1,N,1.18,0.0144,75,,,,,MAP window not reachable with single film at this temperature/pack; use tuned micro-perforation or ventilated pack,synthetic_rule_physics_model
SCN02810,C047,Cauliflower,fresh_produce_veg,chilled,S04,2.8,94.0,S10,6,2.8,2.0,42,92,0.3,6.5,0.99,15.5,29821.0,,M18,Micro-perforated LDPE (breathable),30,60000,30,14,good,Passive MAP - micro-perforated,3.5,3.5,93.0,,,Y,16,N,0.59,0.0072,75,,,,,MAP window not reachable with single film at this temperature/pack; use tuned micro-perforation or ventilated pack,synthetic_rule_physics_model
SCN02811,C047,Cauliflower,fresh_produce_veg,chilled,S04,0.3,85.0,S09,6,0.6,1.0,32,92,0.3,6.5,0.99,12.7,22310.0,,M18,Micro-perforated LDPE (breathable),30,60000,30,14,good,Passive MAP - micro-perforated,3.5,3.5,93.0,,,Y,20,N,0.75,0.0091,75,,,,,MAP window not reachable with single film at this temperature/pack; use tuned micro-perforation or ventilated pack,synthetic_rule_physics_model
SCN02812,C047,Cauliflower,fresh_produce_veg,chilled,S04,1.9,89.0,S10,48,2.1,1.0,10,92,0.3,6.5,0.99,14.5,23215.0,,M18,Micro-perforated LDPE (breathable),30,60000,30,14,good,Passive MAP - micro-perforated,3.5,3.5,93.0,,,Y,17,Y,0.75,0.0091,75,,,,,MAP window not reachable with single film at this temperature/pack; use tuned micro-perforation or ventilated pack,synthetic_rule_physics_model
SCN02813,C047,Cauliflower,fresh_produce_veg,chilled,S04,0.4,90.0,S10,24,0.6,0.5,16,92,0.3,6.5,0.99,12.7,17755.0,,M18,Micro-perforated LDPE (breathable),30,60000,30,14,good,Passive MAP - micro-perforated,3.5,3.5,93.0,,,Y,19,Y,0.94,0.0114,75,,,,,MAP window not reachable with single film at this temperature/pack; use tuned micro-perforation or ventilated pack,synthetic_rule_physics_model
SCN02814,C047,Cauliflower,fresh_produce_veg,ambient,S01,31.6,49.0,S09,24,32.6,1.0,10,92,0.3,6.5,0.99,238.9,66605.0,,M18,Micro-perforated LDPE (breathable),30,60000,30,14,good,Passive MAP - micro-perforated,3.5,3.5,93.0,,,Y,1,N,0.75,0.0091,75,,,,,MAP window not reachable with single film at this temperature/pack; use tuned micro-perforation or ventilated pack,synthetic_rule_physics_model
SCN02815,C047,Cauliflower,fresh_produce_veg,chilled,S05,6.9,78.0,S10,24,6.9,0.5,32,92,0.3,6.5,0.99,22.6,21267.0,,M18,Micro-perforated LDPE (breathable),30,60000,30,14,good,Passive MAP - micro-perforated,3.5,3.5,93.0,,,Y,11,N,0.94,0.0114,75,,,,,MAP window not reachable with single film at this temperature/pack; use tuned micro-perforation or ventilated pack,synthetic_rule_physics_model
SCN02816,C047,Cauliflower,fresh_produce_veg,chilled,S04,0.5,92.0,S09,24,4.5,2.0,10,92,0.3,6.5,0.99,18.2,31316.0,,M18,Micro-perforated LDPE (breathable),30,60000,30,14,good,Passive MAP - micro-perforated,3.5,3.5,93.0,,,Y,13,Y,0.59,0.0072,75,,,,,MAP window not reachable with single film at this temperature/pack; use tuned micro-perforation or ventilated pack,synthetic_rule_physics_model
SCN02817,C047,Cauliflower,fresh_produce_veg,chilled,S04,1.3,89.0,S10,6,1.3,0.5,21,92,0.3,6.5,0.99,13.5,18087.0,,M18,Micro-perforated LDPE (breathable),30,60000,30,14,good,Passive MAP - micro-perforated,3.5,3.5,93.0,,,Y,17,N,0.94,0.0114,75,,,,,MAP window not reachable with single film at this temperature/pack; use tuned micro-perforation or ventilated pack,synthetic_rule_physics_model
SCN02818,C047,Cauliflower,fresh_produce_veg,ambient,S02,33.5,80.0,S10,48,31.7,2.0,32,92,0.3,6.5,0.99,219.5,80688.0,,M18,Micro-perforated LDPE (breathable),30,60000,30,14,good,Passive MAP - micro-perforated,3.5,3.5,93.0,,,Y,1,N,0.59,0.0072,75,,,,,MAP window not reachable with single film at this temperature/pack; use tuned micro-perforation or ventilated pack,synthetic_rule_physics_model
SCN02819,C047,Cauliflower,fresh_produce_veg,ambient,S01,26.2,60.0,S10,48,25.2,0.5,42,92,0.3,6.5,0.99,120.9,39687.0,,M18,Micro-perforated LDPE (breathable),30,60000,30,14,good,Passive MAP - micro-perforated,3.5,3.5,93.0,,,Y,1,N,0.94,0.0114,75,,,,,MAP window not reachable with single film at this temperature/pack; use tuned micro-perforation or ventilated pack,synthetic_rule_physics_model
SCN02820,C047,Cauliflower,fresh_produce_veg,chilled,S04,1.0,92.0,S09,24,3.4,2.0,16,92,0.3,6.5,0.99,16.4,30317.0,,M18,Micro-perforated LDPE (breathable),30,60000,30,14,good,Passive MAP - micro-perforated,3.5,3.5,93.0,,,Y,14,N,0.59,0.0072,75,,,,,MAP window not reachable with single film at this temperature/pack; use tuned micro-perforation or ventilated pack,synthetic_rule_physics_model
SCN02821,C048,Broccoli,fresh_produce_veg,ambient,S01,21.0,59.0,S09,24,21.2,2.0,28,89,0.4,6.4,0.99,222.8,132243.0,,M18,Micro-perforated LDPE (breathable),30,60000,30,14,good,Passive MAP - micro-perforated,2.0,7.5,90.5,,,Y,1,N,0.59,0.0072,75,,,,,MAP window not reachable with single film at this temperature/pack; use tuned micro-perforation or ventilated pack,synthetic_rule_physics_model
SCN02822,C048,Broccoli,fresh_produce_veg,chilled,S04,3.2,91.0,S10,48,3.1,1.0,10,89,0.4,6.4,0.99,34.2,47429.0,,M18,Micro-perforated LDPE (breathable),30,60000,30,14,good,Passive MAP - micro-perforated,2.0,7.5,90.5,,,Y,9,N,0.75,0.0091,75,,,,,MAP window not reachable with single film at this temperature/pack; use tuned micro-perforation or ventilated pack,synthetic_rule_physics_model
SCN02823,C048,Broccoli,fresh_produce_veg,chilled,S04,1.9,94.0,S10,48,2.2,0.25,10,89,0.4,6.4,0.99,31.3,29000.0,,M18,Micro-perforated LDPE (breathable),30,60000,30,14,good,Passive MAP - micro-perforated,2.0,7.5,90.5,,,Y,11,Y,1.18,0.0144,75,,,,,MAP window not reachable with single film at this temperature/pack; use tuned micro-perforation or ventilated pack,synthetic_rule_physics_model
SCN02824,C048,Broccoli,fresh_produce_veg,chilled,S04,1.0,92.0,S10,48,1.3,2.0,28,89,0.4,6.4,0.99,28.5,55597.0,,M18,Micro-perforated LDPE (breathable),30,60000,30,14,good,Passive MAP - micro-perforated,2.0,7.5,90.5,,,Y,11,N,0.59,0.0072,75,,,,,MAP window not reachable with single film at this temperature/pack; use tuned micro-perforation or ventilated pack,synthetic_rule_physics_model
SCN02825,C048,Broccoli,fresh_produce_veg,chilled,S04,0.4,86.0,S09,48,3.1,1.0,21,89,0.4,6.4,0.99,34.3,47480.0,,M18,Micro-perforated LDPE (breathable),30,60000,30,14,good,Passive MAP - micro-perforated,2.0,7.5,90.5,,,Y,10,N,0.75,0.0091,75,,,,,MAP window not reachable with single film at this temperature/pack; use tuned micro-perforation or ventilated pack,synthetic_rule_physics_model
SCN02826,C048,Broccoli,fresh_produce_veg,chilled,S04,1.9,93.0,S09,24,6.3,0.5,7,89,0.4,6.4,0.99,47.8,43047.0,,M18,Micro-perforated LDPE (breathable),30,60000,30,14,good,Passive MAP - micro-perforated,2.0,7.5,90.5,,,Y,6,N,0.94,0.0114,75,,,,,MAP window not reachable with single film at this temperature/pack; use tuned micro-perforation or ventilated pack,synthetic_rule_physics_model
SCN02827,C048,Broccoli,fresh_produce_veg,chilled,S04,3.5,87.0,S10,24,3.4,0.5,21,89,0.4,6.4,0.99,35.6,38303.0,,M18,Micro-perforated LDPE (breathable),30,60000,30,14,good,Passive MAP - micro-perforated,2.0,7.5,90.5,,,Y,10,N,0.94,0.0114,75,,,,,MAP window not reachable with single film at this temperature/pack; use tuned micro-perforation or ventilated pack,synthetic_rule_physics_model
SCN02828,C048,Broccoli,fresh_produce_veg,chilled,S05,6.5,80.0,S09,24,7.8,2.0,21,89,0.4,6.4,0.99,55.9,72462.0,,M18,Micro-perforated LDPE (breathable),30,60000,30,14,good,Passive MAP - micro-perforated,2.0,7.5,90.5,,,Y,5,N,0.59,0.0072,75,,,,,MAP window not reachable with single film at this temperature/pack; use tuned micro-perforation or ventilated pack,synthetic_rule_physics_model
SCN02829,C048,Broccoli,fresh_produce_veg,ambient,S02,32.9,89.0,S10,48,27.8,1.0,10,89,0.4,6.4,0.99,438.9,144962.0,,M18,Micro-perforated LDPE (breathable),30,60000,30,14,good,Passive MAP - micro-perforated,2.0,7.5,90.5,,,Y,1,N,0.75,0.0091,75,,,,,MAP window not reachable with single film at this temperature/pack; use tuned micro-perforation or ventilated pack,synthetic_rule_physics_model
SCN02830,C048,Broccoli,fresh_produce_veg,chilled,S04,0.8,92.0,S09,24,4.7,0.25,10,89,0.4,6.4,0.99,40.5,32048.0,,M18,Micro-perforated LDPE (breathable),30,60000,30,14,good,Passive MAP - micro-perforated,2.0,7.5,90.5,,,Y,8,N,1.18,0.0144,75,,,,,MAP window not reachable with single film at this temperature/pack; use tuned micro-perforation or ventilated pack,synthetic_rule_physics_model
SCN02831,C048,Broccoli,fresh_produce_veg,chilled,S04,0.1,94.0,S10,24,0.4,2.0,21,89,0.4,6.4,0.99,26.1,53775.0,,M18,Micro-perforated LDPE (breathable),30,60000,30,14,good,Passive MAP - micro-perforated,2.0,7.5,90.5,,,Y,14,N,0.59,0.0072,75,,,,,MAP window not reachable with single film at this temperature/pack; use tuned micro-perforation or ventilated pack,synthetic_rule_physics_model
SCN02832,C048,Broccoli,fresh_produce_veg,chilled,S04,2.4,89.0,S10,48,2.0,2.0,10,89,0.4,6.4,0.99,30.8,57255.0,,M18,Micro-perforated LDPE (breathable),30,60000,30,14,good,Passive MAP - micro-perforated,2.0,7.5,90.5,,,Y,11,Y,0.59,0.0072,75,,,,,MAP window not reachable with single film at this temperature/pack; use tuned micro-perforation or ventilated pack,synthetic_rule_physics_model
SCN02833,C048,Broccoli,fresh_produce_veg,chilled,S05,6.9,83.0,S10,24,6.9,0.25,21,89,0.4,6.4,0.99,51.1,35170.0,,M18,Micro-perforated LDPE (breathable),30,60000,30,14,good,Passive MAP - micro-perforated,2.0,7.5,90.5,,,Y,6,N,1.18,0.0144,75,,,,,MAP window not reachable with single film at this temperature/pack; use tuned micro-perforation or ventilated pack,synthetic_rule_physics_model
SCN02834,C048,Broccoli,fresh_produce_veg,chilled,S04,2.9,87.0,S10,48,3.5,1.0,10,89,0.4,6.4,0.99,35.8,48247.0,,M18,Micro-perforated LDPE (breathable),30,60000,30,14,good,Passive MAP - micro-perforated,2.0,7.5,90.5,,,Y,10,Y,0.75,0.0091,75,,,,,MAP window not reachable with single film at this temperature/pack; use tuned micro-perforation or ventilated pack,synthetic_rule_physics_model
SCN02835,C048,Broccoli,fresh_produce_veg,ambient,S01,25.1,46.0,S09,24,25.8,0.5,21,89,0.4,6.4,0.99,356.4,104339.0,,M18,Micro-perforated LDPE (breathable),30,60000,30,14,good,Passive MAP - micro-perforated,2.0,7.5,90.5,,,Y,1,N,0.94,0.0114,75,,,,,MAP window not reachable with single film at this temperature/pack; use tuned micro-perforation or ventilated pack,synthetic_rule_physics_model
SCN02836,C048,Broccoli,fresh_produce_veg,ambient,S02,33.1,93.0,S10,24,30.7,0.25,14,89,0.4,6.4,0.99,589.7,105990.0,,M18,Micro-perforated LDPE (breathable),30,60000,30,14,good,Passive MAP - micro-perforated,2.0,7.5,90.5,,,Y,1,N,1.18,0.0144,75,,,,,MAP window not reachable with single film at this temperature/pack; use tuned micro-perforation or ventilated pack,synthetic_rule_physics_model
SCN02837,C048,Broccoli,fresh_produce_veg,ambient,S01,20.8,58.0,S09,6,21.0,1.0,21,89,0.4,6.4,0.99,217.5,104046.0,,M18,Micro-perforated LDPE (breathable),30,60000,30,14,good,Passive MAP - micro-perforated,2.0,7.5,90.5,,,Y,1,N,0.75,0.0091,75,,,,,MAP window not reachable with single film at this temperature/pack; use tuned micro-perforation or ventilated pack,synthetic_rule_physics_model
SCN02838,C048,Broccoli,fresh_produce_veg,chilled,S04,2.8,91.0,S10,6,2.9,1.0,7,89,0.4,6.4,0.99,33.6,47086.0,,M18,Micro-perforated LDPE (breathable),30,60000,30,14,good,Passive MAP - micro-perforated,2.0,7.5,90.5,,,Y,9,Y,0.75,0.0091,75,,,,,MAP window not reachable with single film at this temperature/pack; use tuned micro-perforation or ventilated pack,synthetic_rule_physics_model
SCN02839,C048,Broccoli,fresh_produce_veg,chilled,S04,0.9,95.0,S09,24,5.0,2.0,7,89,0.4,6.4,0.99,41.7,64444.0,,M18,Micro-perforated LDPE (breathable),30,60000,30,14,good,Passive MAP - micro-perforated,2.0,7.5,90.5,,,Y,7,Y,0.59,0.0072,75,,,,,MAP window not reachable with single film at this temperature/pack; use tuned micro-perforation or ventilated pack,synthetic_rule_physics_model
SCN02840,C048,Broccoli,fresh_produce_veg,ambient,S01,25.6,51.0,S10,24,24.9,2.0,28,89,0.4,6.4,0.99,325.0,157788.0,,M18,Micro-perforated LDPE (breathable),30,60000,30,14,good,Passive MAP - micro-perforated,2.0,7.5,90.5,,,Y,1,N,0.59,0.0072,75,,,,,MAP window not reachable with single film at this temperature/pack; use tuned micro-perforation or ventilated pack,synthetic_rule_physics_model
SCN02841,C048,Broccoli,fresh_produce_veg,chilled,S04,2.3,89.0,S10,6,2.4,2.0,28,89,0.4,6.4,0.99,31.9,58025.0,,M18,Micro-perforated LDPE (breathable),30,60000,30,14,good,Passive MAP - micro-perforated,2.0,7.5,90.5,,,Y,10,N,0.59,0.0072,75,,,,,MAP window not reachable with single film at this temperature/pack; use tuned micro-perforation or ventilated pack,synthetic_rule_physics_model
SCN02842,C048,Broccoli,fresh_produce_veg,ambient,S01,20.2,49.0,S10,48,15.3,1.0,7,89,0.4,6.4,0.99,121.4,80057.0,,M18,Micro-perforated LDPE (breathable),30,60000,30,14,good,Passive MAP - micro-perforated,2.0,7.5,90.5,,,Y,2,N,0.75,0.0091,75,,,,,MAP window not reachable with single film at this temperature/pack; use tuned micro-perforation or ventilated pack,synthetic_rule_physics_model
SCN02843,C048,Broccoli,fresh_produce_veg,ambient,S01,28.4,57.0,S10,24,27.1,0.5,21,89,0.4,6.4,0.99,408.5,111386.0,,M18,Micro-perforated LDPE (breathable),30,60000,30,14,good,Passive MAP - micro-perforated,2.0,7.5,90.5,,,Y,1,N,0.94,0.0114,75,,,,,MAP window not reachable with single film at this temperature/pack; use tuned micro-perforation or ventilated pack,synthetic_rule_physics_model
SCN02844,C048,Broccoli,fresh_produce_veg,ambient,S02,34.8,81.0,S09,6,34.9,2.0,10,89,0.4,6.4,0.99,907.6,261262.0,,M18,Micro-perforated LDPE (breathable),30,60000,30,14,good,Passive MAP - micro-perforated,2.0,7.5,90.5,,,Y,1,N,0.59,0.0072,75,,,,,MAP window not reachable with single film at this temperature/pack; use tuned micro-perforation or ventilated pack,synthetic_rule_physics_model
SCN02845,C048,Broccoli,fresh_produce_veg,chilled,S04,3.5,90.0,S10,6,3.5,1.0,21,89,0.4,6.4,0.99,35.8,48269.0,,M18,Micro-perforated LDPE (breathable),30,60000,30,14,good,Passive MAP - micro-perforated,2.0,7.5,90.5,,,Y,9,N,0.75,0.0091,75,,,,,MAP window not reachable with single film at this temperature/pack; use tuned micro-perforation or ventilated pack,synthetic_rule_physics_model
SCN02846,C048,Broccoli,fresh_produce_veg,chilled,S04,2.4,86.0,S10,24,2.7,1.0,10,89,0.4,6.4,0.99,33.1,46806.0,,M18,Micro-perforated LDPE (breathable),30,60000,30,14,good,Passive MAP - micro-perforated,2.0,7.5,90.5,,,Y,9,N,0.75,0.0091,75,,,,,MAP window not reachable with single film at this temperature/pack; use tuned micro-perforation or ventilated pack,synthetic_rule_physics_model
SCN02847,C048,Broccoli,fresh_produce_veg,ambient,S01,20.0,48.0,S10,48,16.2,0.5,10,89,0.4,6.4,0.99,132.4,66176.0,,M18,Micro-perforated LDPE (breathable),30,60000,30,14,good,Passive MAP - micro-perforated,2.0,7.5,90.5,,,Y,2,N,0.94,0.0114,75,,,,,MAP window not reachable with single film at this temperature/pack; use tuned micro-perforation or ventilated pack,synthetic_rule_physics_model
SCN02848,C048,Broccoli,fresh_produce_veg,chilled,S04,0.9,89.0,S10,24,1.2,2.0,21,89,0.4,6.4,0.99,28.3,55436.0,,M18,Micro-perforated LDPE (breathable),30,60000,30,14,good,Passive MAP - micro-perforated,2.0,7.5,90.5,,,Y,13,N,0.59,0.0072,75,,,,,MAP window not reachable with single film at this temperature/pack; use tuned micro-perforation or ventilated pack,synthetic_rule_physics_model
SCN02849,C048,Broccoli,fresh_produce_veg,chilled,S04,0.4,86.0,S10,6,0.5,0.5,7,89,0.4,6.4,0.99,26.2,34096.0,,M18,Micro-perforated LDPE (breathable),30,60000,30,14,good,Passive MAP - micro-perforated,2.0,7.5,90.5,,,Y,13,Y,0.94,0.0114,75,,,,,MAP window not reachable with single film at this temperature/pack; use tuned micro-perforation or ventilated pack,synthetic_rule_physics_model
SCN02850,C048,Broccoli,fresh_produce_veg,chilled,S04,1.5,88.0,S09,6,1.8,1.0,28,89,0.4,6.4,0.99,30.0,45081.0,,M18,Micro-perforated LDPE (breathable),30,60000,30,14,good,Passive MAP - micro-perforated,2.0,7.5,90.5,,,Y,11,N,0.75,0.0091,75,,,,,MAP window not reachable with single film at this temperature/pack; use tuned micro-perforation or ventilated pack,synthetic_rule_physics_model
SCN02851,C048,Broccoli,fresh_produce_veg,ambient,S02,34.2,82.0,S10,48,29.5,1.0,14,89,0.4,6.4,0.99,518.9,157269.0,,M18,Micro-perforated LDPE (breathable),30,60000,30,14,good,Passive MAP - micro-perforated,2.0,7.5,90.5,,,Y,1,N,0.75,0.0091,75,,,,,MAP window not reachable with single film at this temperature/pack; use tuned micro-perforation or ventilated pack,synthetic_rule_physics_model
SCN02852,C048,Broccoli,fresh_produce_veg,ambient,S01,20.7,54.0,S10,48,18.0,0.25,10,89,0.4,6.4,0.99,159.1,57130.0,,M18,Micro-perforated LDPE (breathable),30,60000,30,14,good,Passive MAP - micro-perforated,2.0,7.5,90.5,,,Y,2,N,1.18,0.0144,75,,,,,MAP window not reachable with single film at this temperature/pack; use tuned micro-perforation or ventilated pack,synthetic_rule_physics_model
SCN02853,C048,Broccoli,fresh_produce_veg,ambient,S01,30.1,64.0,S10,48,24.8,0.5,10,89,0.4,6.4,0.99,321.2,99297.0,,M18,Micro-perforated LDPE (breathable),30,60000,30,14,good,Passive MAP - micro-perforated,2.0,7.5,90.5,,,Y,1,N,0.94,0.0114,75,,,,,MAP window not reachable with single film at this temperature/pack; use tuned micro-perforation or ventilated pack,synthetic_rule_physics_model
SCN02854,C048,Broccoli,fresh_produce_veg,chilled,S04,3.4,91.0,S10,48,3.6,0.25,28,89,0.4,6.4,0.99,36.2,30692.0,,M18,Micro-perforated LDPE (breathable),30,60000,30,14,good,Passive MAP - micro-perforated,2.0,7.5,90.5,,,Y,9,N,1.18,0.0144,75,,,,,MAP window not reachable with single film at this temperature/pack; use tuned micro-perforation or ventilated pack,synthetic_rule_physics_model
SCN02855,C048,Broccoli,fresh_produce_veg,ambient,S02,35.7,76.0,S10,48,29.2,1.0,10,89,0.4,6.4,0.99,503.5,154971.0,,M18,Micro-perforated LDPE (breathable),30,60000,30,14,good,Passive MAP - micro-perforated,2.0,7.5,90.5,,,Y,1,N,0.75,0.0091,75,,,,,MAP window not reachable with single film at this temperature/pack; use tuned micro-perforation or ventilated pack,synthetic_rule_physics_model
SCN02856,C048,Broccoli,fresh_produce_veg,chilled,S05,7.1,76.0,S10,24,7.0,1.0,28,89,0.4,6.4,0.99,51.5,55777.0,,M18,Micro-perforated LDPE (breathable),30,60000,30,14,good,Passive MAP - micro-perforated,2.0,7.5,90.5,,,Y,6,N,0.75,0.0091,75,,,,,MAP window not reachable with single film at this temperature/pack; use tuned micro-perforation or ventilated pack,synthetic_rule_physics_model
SCN02857,C048,Broccoli,fresh_produce_veg,ambient,S01,20.6,55.0,S09,24,21.4,1.0,10,89,0.4,6.4,0.99,225.4,105772.0,,M18,Micro-perforated LDPE (breathable),30,60000,30,14,good,Passive MAP - micro-perforated,2.0,7.5,90.5,,,Y,1,N,0.75,0.0091,75,,,,,MAP window not reachable with single film at this temperature/pack; use tuned micro-perforation or ventilated pack,synthetic_rule_physics_model
SCN02858,C048,Broccoli,fresh_produce_veg,ambient,S02,30.4,95.0,S10,6,29.7,0.5,10,89,0.4,6.4,0.99,531.2,126555.0,,M18,Micro-perforated LDPE (breathable),30,60000,30,14,good,Passive MAP - micro-perforated,2.0,7.5,90.5,,,Y,1,N,0.94,0.0114,75,,,,,MAP window not reachable with single film at this temperature/pack; use tuned micro-perforation or ventilated pack,synthetic_rule_physics_model
SCN02859,C048,Broccoli,fresh_produce_veg,chilled,S04,3.4,95.0,S10,24,3.2,0.25,14,89,0.4,6.4,0.99,34.7,30166.0,,M18,Micro-perforated LDPE (breathable),30,60000,30,14,good,Passive MAP - micro-perforated,2.0,7.5,90.5,,,Y,10,N,1.18,0.0144,75,,,,,MAP window not reachable with single film at this temperature/pack; use tuned micro-perforation or ventilated pack,synthetic_rule_physics_model
SCN02860,C048,Broccoli,fresh_produce_veg,chilled,S04,1.8,86.0,S10,48,2.5,2.0,14,89,0.4,6.4,0.99,32.4,58403.0,,M18,Micro-perforated LDPE (breathable),30,60000,30,14,good,Passive MAP - micro-perforated,2.0,7.5,90.5,,,Y,10,N,0.59,0.0072,75,,,,,MAP window not reachable with single film at this temperature/pack; use tuned micro-perforation or ventilated pack,synthetic_rule_physics_model
SCN02861,C048,Broccoli,fresh_produce_veg,chilled,S04,1.8,92.0,S10,24,1.8,1.0,14,89,0.4,6.4,0.99,30.2,45192.0,,M18,Micro-perforated LDPE (breathable),30,60000,30,14,good,Passive MAP - micro-perforated,2.0,7.5,90.5,,,Y,11,N,0.75,0.0091,75,,,,,MAP window not reachable with single film at this temperature/pack; use tuned micro-perforation or ventilated pack,synthetic_rule_physics_model
SCN02862,C048,Broccoli,fresh_produce_veg,chilled,S04,2.2,95.0,S10,48,2.1,2.0,28,89,0.4,6.4,0.99,31.1,57479.0,,M18,Micro-perforated LDPE (breathable),30,60000,30,14,good,Passive MAP - micro-perforated,2.0,7.5,90.5,,,Y,11,N,0.59,0.0072,75,,,,,MAP window not reachable with single film at this temperature/pack; use tuned micro-perforation or ventilated pack,synthetic_rule_physics_model
SCN02863,C048,Broccoli,fresh_produce_veg,chilled,S04,2.7,94.0,S09,6,3.2,0.25,21,89,0.4,6.4,0.99,34.6,30154.0,,M18,Micro-perforated LDPE (breathable),30,60000,30,14,good,Passive MAP - micro-perforated,2.0,7.5,90.5,,,Y,10,N,1.18,0.0144,75,,,,,MAP window not reachable with single film at this temperature/pack; use tuned micro-perforation or ventilated pack,synthetic_rule_physics_model
SCN02864,C048,Broccoli,fresh_produce_veg,ambient,S02,34.0,95.0,S10,48,25.7,0.25,7,89,0.4,6.4,0.99,351.9,82497.0,,M18,Micro-perforated LDPE (breathable),30,60000,30,14,good,Passive MAP - micro-perforated,2.0,7.5,90.5,,,Y,1,N,1.18,0.0144,75,,,,,MAP window not reachable with single film at this temperature/pack; use tuned micro-perforation or ventilated pack,synthetic_rule_physics_model
SCN02865,C048,Broccoli,fresh_produce_veg,chilled,S04,1.0,93.0,S10,6,1.0,2.0,28,89,0.4,6.4,0.99,27.8,55051.0,,M18,Micro-perforated LDPE (breathable),30,60000,30,14,good,Passive MAP - micro-perforated,2.0,7.5,90.5,,,Y,12,N,0.59,0.0072,75,,,,,MAP window not reachable with single film at this temperature/pack; use tuned micro-perforation or ventilated pack,synthetic_rule_physics_model
SCN02866,C048,Broccoli,fresh_produce_veg,chilled,S04,0.3,93.0,S10,48,0.8,0.5,21,89,0.4,6.4,0.99,27.1,34516.0,,M18,Micro-perforated LDPE (breathable),30,60000,30,14,good,Passive MAP - micro-perforated,2.0,7.5,90.5,,,Y,12,N,0.94,0.0114,75,,,,,MAP window not reachable with single film at this temperature/pack; use tuned micro-perforation or ventilated pack,synthetic_rule_physics_model
SCN02867,C048,Broccoli,fresh_produce_veg,chilled,S04,2.1,91.0,S10,6,2.3,0.25,7,89,0.4,6.4,0.99,31.6,29099.0,,M18,Micro-perforated LDPE (breathable),30,60000,30,14,good,Passive MAP - micro-perforated,2.0,7.5,90.5,,,Y,10,Y,1.18,0.0144,75,,,,,MAP window not reachable with single film at this temperature/pack; use tuned micro-perforation or ventilated pack,synthetic_rule_physics_model
SCN02868,C048,Broccoli,fresh_produce_veg,chilled,S04,0.9,92.0,S10,6,1.0,1.0,21,89,0.4,6.4,0.99,27.7,43742.0,,M18,Micro-perforated LDPE (breathable),30,60000,30,14,good,Passive MAP - micro-perforated,2.0,7.5,90.5,,,Y,12,N,0.75,0.0091,75,,,,,MAP window not reachable with single film at this temperature/pack; use tuned micro-perforation or ventilated pack,synthetic_rule_physics_model
SCN02869,C048,Broccoli,fresh_produce_veg,chilled,S04,2.8,87.0,S10,48,3.5,2.0,14,89,0.4,6.4,0.99,35.9,60721.0,,M18,Micro-perforated LDPE (breathable),30,60000,30,14,good,Passive MAP - micro-perforated,2.0,7.5,90.5,,,Y,9,N,0.59,0.0072,75,,,,,MAP window not reachable with single film at this temperature/pack; use tuned micro-perforation or ventilated pack,synthetic_rule_physics_model
SCN02870,C048,Broccoli,fresh_produce_veg,chilled,S04,2.0,86.0,S09,48,8.5,0.25,10,89,0.4,6.4,0.99,59.8,37508.0,,M18,Micro-perforated LDPE (breathable),30,60000,30,14,good,Passive MAP - micro-perforated,2.0,7.5,90.5,,,Y,5,N,1.18,0.0144,75,,,,,MAP window not reachable with single film at this temperature/pack; use tuned micro-perforation or ventilated pack,synthetic_rule_physics_model
SCN02871,C048,Broccoli,fresh_produce_veg,chilled,S04,2.9,85.0,S10,48,3.1,0.25,10,89,0.4,6.4,0.99,34.4,30092.0,,M18,Micro-perforated LDPE (breathable),30,60000,30,14,good,Passive MAP - micro-perforated,2.0,7.5,90.5,,,Y,10,Y,1.18,0.0144,75,,,,,MAP window not reachable with single film at this temperature/pack; use tuned micro-perforation or ventilated pack,synthetic_rule_physics_model
SCN02872,C048,Broccoli,fresh_produce_veg,ambient,S02,31.2,91.0,S10,24,28.5,0.5,10,89,0.4,6.4,0.99,471.1,119352.0,,M18,Micro-perforated LDPE (breathable),30,60000,30,14,good,Passive MAP - micro-perforated,2.0,7.5,90.5,,,Y,1,N,0.94,0.0114,75,,,,,MAP window not reachable with single film at this temperature/pack; use tuned micro-perforation or ventilated pack,synthetic_rule_physics_model
SCN02873,C048,Broccoli,fresh_produce_veg,ambient,S01,30.6,47.0,S09,48,31.0,1.0,7,89,0.4,6.4,0.99,606.1,169771.0,,M18,Micro-perforated LDPE (breathable),30,60000,30,14,good,Passive MAP - micro-perforated,2.0,7.5,90.5,,,Y,1,N,0.75,0.0091,75,,,,,MAP window not reachable with single film at this temperature/pack; use tuned micro-perforation or ventilated pack,synthetic_rule_physics_model
SCN02874,C048,Broccoli,fresh_produce_veg,chilled,S05,4.3,72.0,S10,24,4.4,1.0,21,89,0.4,6.4,0.99,39.2,49989.0,,M18,Micro-perforated LDPE (breathable),30,60000,30,14,good,Passive MAP - micro-perforated,2.0,7.5,90.5,,,Y,8,N,0.75,0.0091,75,,,,,MAP window not reachable with single film at this temperature/pack; use tuned micro-perforation or ventilated pack,synthetic_rule_physics_model
SCN02875,C048,Broccoli,fresh_produce_veg,chilled,S04,3.6,88.0,S09,48,9.3,0.5,10,89,0.4,6.4,0.99,65.5,48940.0,,M18,Micro-perforated LDPE (breathable),30,60000,30,14,good,Passive MAP - micro-perforated,2.0,7.5,90.5,,,Y,4,N,0.94,0.0114,75,,,,,MAP window not reachable with single film at this temperature/pack; use tuned micro-perforation or ventilated pack,synthetic_rule_physics_model
SCN02876,C048,Broccoli,fresh_produce_veg,chilled,S05,5.7,89.0,S10,48,5.8,1.0,21,89,0.4,6.4,0.99,45.4,52987.0,,M18,Micro-perforated LDPE (breathable),30,60000,30,14,good,Passive MAP - micro-perforated,2.0,7.5,90.5,,,Y,8,N,0.75,0.0091,75,,,,,MAP window not reachable with single film at this temperature/pack; use tuned micro-perforation or ventilated pack,synthetic_rule_physics_model
SCN02877,C048,Broccoli,fresh_produce_veg,chilled,S05,4.2,74.0,S10,48,3.4,0.5,10,89,0.4,6.4,0.99,35.6,38314.0,,M18,Micro-perforated LDPE (breathable),30,60000,30,14,good,Passive MAP - micro-perforated,2.0,7.5,90.5,,,Y,9,N,0.94,0.0114,75,,,,,MAP window not reachable with single film at this temperature/pack; use tuned micro-perforation or ventilated pack,synthetic_rule_physics_model
SCN02878,C048,Broccoli,fresh_produce_veg,chilled,S04,0.4,86.0,S10,24,0.5,2.0,7,89,0.4,6.4,0.99,26.4,53979.0,,M18,Micro-perforated LDPE (breathable),30,60000,30,14,good,Passive MAP - micro-perforated,2.0,7.5,90.5,,,Y,12,Y,0.59,0.0072,75,,,,,MAP window not reachable with single film at this temperature/pack; use tuned micro-perforation or ventilated pack,synthetic_rule_physics_model
SCN02879,C048,Broccoli,fresh_produce_veg,ambient,S01,25.4,62.0,S09,6,25.5,0.5,28,89,0.4,6.4,0.99,343.8,102555.0,,M18,Micro-perforated LDPE (breathable),30,60000,30,14,good,Passive MAP - micro-perforated,2.0,7.5,90.5,,,Y,1,N,0.94,0.0114,75,,,,,MAP window not reachable with single film at this temperature/pack; use tuned micro-perforation or ventilated pack,synthetic_rule_physics_model
SCN02880,C048,Broccoli,fresh_produce_veg,chilled,S04,0.5,92.0,S10,48,2.0,1.0,10,89,0.4,6.4,0.99,30.7,45456.0,,M18,Micro-perforated LDPE (breathable),30,60000,30,14,good,Passive MAP - micro-perforated,2.0,7.5,90.5,,,Y,11,Y,0.75,0.0091,75,,,,,MAP window not reachable with single film at this temperature/pack; use tuned micro-perforation or ventilated pack,synthetic_rule_physics_model
SCN02881,C049,Spinach,fresh_produce_leafy,chilled,S04,0.3,92.0,S10,6,0.4,0.25,8,91,0.4,6.5,0.99,26.0,40990.0,,M18,Micro-perforated LDPE (breathable),30,60000,30,14,good,Passive MAP - micro-perforated,8.5,7.5,84.0,,,Y,8,Y,1.18,0.0144,75,,,,,MAP window not reachable with single film at this temperature/pack; use tuned micro-perforation or ventilated pack,synthetic_rule_physics_model
SCN02882,C049,Spinach,fresh_produce_leafy,chilled,S04,0.5,87.0,S10,6,0.5,2.0,12,91,0.4,6.5,0.99,26.3,81715.0,,M18,Micro-perforated LDPE (breathable),30,60000,30,14,good,Passive MAP - micro-perforated,8.5,7.5,84.0,,,Y,7,N,0.59,0.0072,75,,,,,MAP window not reachable with single film at this temperature/pack; use tuned micro-perforation or ventilated pack,synthetic_rule_physics_model
SCN02883,C049,Spinach,fresh_produce_leafy,chilled,S04,0.9,92.0,S10,48,0.8,1.0,16,91,0.4,6.5,0.99,26.9,65548.0,,M18,Micro-perforated LDPE (breathable),30,60000,30,14,good,Passive MAP - micro-perforated,8.5,7.5,84.0,,,Y,7,N,0.75,0.0091,75,,,,,MAP window not reachable with single film at this temperature/pack; use tuned micro-perforation or ventilated pack,synthetic_rule_physics_model
SCN02884,C049,Spinach,fresh_produce_leafy,chilled,S04,2.5,92.0,S10,48,3.8,2.0,6,91,0.4,6.5,0.99,36.0,90799.0,,M18,Micro-perforated LDPE (breathable),30,60000,30,14,good,Passive MAP - micro-perforated,8.5,7.5,84.0,,,Y,5,N,0.59,0.0072,75,,,,,MAP window not reachable with single film at this temperature/pack; use tuned micro-perforation or ventilated pack,synthetic_rule_physics_model
SCN02885,C049,Spinach,fresh_produce_leafy,ambient,S01,27.9,57.0,S09,6,27.9,0.5,16,91,0.4,6.5,0.99,361.1,143318.0,,M18,Micro-perforated LDPE (breathable),30,60000,30,14,good,Passive MAP - micro-perforated,8.5,7.5,84.0,,,Y,1,N,0.94,0.0114,75,,,,,MAP window not reachable with single film at this temperature/pack; use tuned micro-perforation or ventilated pack,synthetic_rule_physics_model
SCN02886,C049,Spinach,fresh_produce_leafy,ambient,S01,21.3,45.0,S10,48,18.9,2.0,16,91,0.4,6.5,0.99,151.7,156349.0,,M18,Micro-perforated LDPE (breathable),30,60000,30,14,good,Passive MAP - micro-perforated,8.5,7.5,84.0,,,Y,1,N,0.59,0.0072,75,,,,,MAP window not reachable with single film at this temperature/pack; use tuned micro-perforation or ventilated pack,synthetic_rule_physics_model
SCN02887,C049,Spinach,fresh_produce_leafy,chilled,S04,3.8,89.0,S09,24,5.8,0.25,16,91,0.4,6.5,0.99,43.4,48813.0,,M18,Micro-perforated LDPE (breathable),30,60000,30,14,good,Passive MAP - micro-perforated,8.5,7.5,84.0,,,Y,4,N,1.18,0.0144,75,,,,,MAP window not reachable with single film at this temperature/pack; use tuned micro-perforation or ventilated pack,synthetic_rule_physics_model
SCN02888,C049,Spinach,fresh_produce_leafy,chilled,S04,3.2,87.0,S09,24,5.3,1.0,16,91,0.4,6.5,0.99,41.7,76033.0,,M18,Micro-perforated LDPE (breathable),30,60000,30,14,good,Passive MAP - micro-perforated,8.5,7.5,84.0,,,Y,4,N,0.75,0.0091,75,,,,,MAP window not reachable with single film at this temperature/pack; use tuned micro-perforation or ventilated pack,synthetic_rule_physics_model
SCN02889,C049,Spinach,fresh_produce_leafy,chilled,S04,0.8,94.0,S10,48,1.0,1.0,16,91,0.4,6.5,0.99,27.6,66098.0,,M18,Micro-perforated LDPE (breathable),30,60000,30,14,good,Passive MAP - micro-perforated,8.5,7.5,84.0,,,Y,7,N,0.75,0.0091,75,,,,,MAP window not reachable with single film at this temperature/pack; use tuned micro-perforation or ventilated pack,synthetic_rule_physics_model
SCN02890,C049,Spinach,fresh_produce_leafy,chilled,S04,2.0,91.0,S10,48,3.5,1.0,4,91,0.4,6.5,0.99,34.8,71459.0,,M18,Micro-perforated LDPE (breathable),30,60000,30,14,good,Passive MAP - micro-perforated,8.5,7.5,84.0,,,Y,5,Y,0.75,0.0091,75,,,,,MAP window not reachable with single film at this temperature/pack; use tuned micro-perforation or ventilated pack,synthetic_rule_physics_model
SCN02891,C049,Spinach,fresh_produce_leafy,ambient,S02,31.1,93.0,S09,48,31.6,1.0,4,91,0.4,6.5,0.99,510.3,210587.0,,M18,Micro-perforated LDPE (breathable),30,60000,30,14,good,Passive MAP - micro-perforated,8.5,7.5,84.0,,,Y,1,N,0.75,0.0091,75,,,,,MAP window not reachable with single film at this temperature/pack; use tuned micro-perforation or ventilated pack,synthetic_rule_physics_model
SCN02892,C049,Spinach,fresh_produce_leafy,ambient,S01,29.5,55.0,S10,24,27.8,1.0,16,91,0.4,6.5,0.99,356.2,179074.0,,M18,Micro-perforated LDPE (breathable),30,60000,30,14,good,Passive MAP - micro-perforated,8.5,7.5,84.0,,,Y,1,N,0.75,0.0091,75,,,,,MAP window not reachable with single film at this temperature/pack; use tuned micro-perforation or ventilated pack,synthetic_rule_physics_model
SCN02893,C049,Spinach,fresh_produce_leafy,ambient,S01,29.3,51.0,S09,48,30.1,2.0,16,91,0.4,6.5,0.99,443.6,248364.0,,M18,Micro-perforated LDPE (breathable),30,60000,30,14,good,Passive MAP - micro-perforated,8.5,7.5,84.0,,,Y,1,N,0.59,0.0072,75,,,,,MAP window not reachable with single film at this temperature/pack; use tuned micro-perforation or ventilated pack,synthetic_rule_physics_model
SCN02894,C049,Spinach,fresh_produce_leafy,chilled,S04,3.7,85.0,S09,48,11.5,0.5,8,91,0.4,6.5,0.99,74.7,74846.0,,M18,Micro-perforated LDPE (breathable),30,60000,30,14,good,Passive MAP - micro-perforated,8.5,7.5,84.0,,,Y,2,N,0.94,0.0114,75,,,,,MAP window not reachable with single film at this temperature/pack; use tuned micro-perforation or ventilated pack,synthetic_rule_physics_model
SCN02895,C049,Spinach,fresh_produce_leafy,ambient,S01,24.8,45.0,S10,24,23.6,1.0,16,91,0.4,6.5,0.99,238.0,150197.0,,M18,Micro-perforated LDPE (breathable),30,60000,30,14,good,Passive MAP - micro-perforated,8.5,7.5,84.0,,,Y,1,N,0.75,0.0091,75,,,,,MAP window not reachable with single film at this temperature/pack; use tuned micro-perforation or ventilated pack,synthetic_rule_physics_model
SCN02896,C049,Spinach,fresh_produce_leafy,ambient,S01,21.9,63.0,S10,48,17.4,0.5,8,91,0.4,6.5,0.99,132.4,93612.0,,M18,Micro-perforated LDPE (breathable),30,60000,30,14,good,Passive MAP - micro-perforated,8.5,7.5,84.0,,,Y,1,N,0.94,0.0114,75,,,,,MAP window not reachable with single film at this temperature/pack; use tuned micro-perforation or ventilated pack,synthetic_rule_physics_model
SCN02897,C049,Spinach,fresh_produce_leafy,chilled,S04,0.2,91.0,S09,48,13.1,0.25,4,91,0.4,6.5,0.99,87.3,63171.0,,M18,Micro-perforated LDPE (breathable),30,60000,30,14,good,Passive MAP - micro-perforated,8.5,7.5,84.0,,,Y,2,N,1.18,0.0144,75,,,,,MAP window not reachable with single film at this temperature/pack; use tuned micro-perforation or ventilated pack,synthetic_rule_physics_model
SCN02898,C049,Spinach,fresh_produce_leafy,ambient,S02,35.8,80.0,S09,6,35.7,1.0,16,91,0.4,6.5,0.99,754.0,252484.0,,M18,Micro-perforated LDPE (breathable),30,60000,30,14,good,Passive MAP - micro-perforated,8.5,7.5,84.0,,,Y,1,N,0.75,0.0091,75,,,,,MAP window not reachable with single film at this temperature/pack; use tuned micro-perforation or ventilated pack,synthetic_rule_physics_model
SCN02899,C049,Spinach,fresh_produce_leafy,ambient,S02,31.5,80.0,S09,6,31.6,2.0,12,91,0.4,6.5,0.99,510.0,264644.0,,M18,Micro-perforated LDPE (breathable),30,60000,30,14,good,Passive MAP - micro-perforated,8.5,7.5,84.0,,,Y,1,N,0.59,0.0072,75,,,,,MAP window not reachable with single film at this temperature/pack; use tuned micro-perforation or ventilated pack,synthetic_rule_physics_model
SCN02900,C049,Spinach,fresh_produce_leafy,ambient,S02,30.6,80.0,S09,6,30.6,0.5,12,91,0.4,6.5,0.99,466.0,160735.0,,M18,Micro-perforated LDPE (breathable),30,60000,30,14,good,Passive MAP - micro-perforated,8.5,7.5,84.0,,,Y,1,N,0.94,0.0114,75,,,,,MAP window not reachable with single film at this temperature/pack; use tuned micro-perforation or ventilated pack,synthetic_rule_physics_model
SCN02901,C049,Spinach,fresh_produce_leafy,ambient,S02,35.5,91.0,S10,6,34.2,2.0,6,91,0.4,6.5,0.99,656.8,297481.0,,M18,Micro-perforated LDPE (breathable),30,60000,30,14,good,Passive MAP - micro-perforated,8.5,7.5,84.0,,,Y,1,N,0.59,0.0072,75,,,,,MAP window not reachable with single film at this temperature/pack; use tuned micro-perforation or ventilated pack,synthetic_rule_physics_model
SCN02902,C049,Spinach,fresh_produce_leafy,chilled,S05,6.7,78.0,S10,48,6.6,0.25,4,91,0.4,6.5,0.99,46.9,50175.0,,M18,Micro-perforated LDPE (breathable),30,60000,30,14,good,Passive MAP - micro-perforated,8.5,7.5,84.0,,,Y,3,N,1.18,0.0144,75,,,,,MAP window not reachable with single film at this temperature/pack; use tuned micro-perforation or ventilated pack,synthetic_rule_physics_model
SCN02903,C049,Spinach,fresh_produce_leafy,ambient,S01,24.2,51.0,S10,6,23.0,1.0,4,91,0.4,6.5,0.99,225.5,146765.0,,M18,Micro-perforated LDPE (breathable),30,60000,30,14,good,Passive MAP - micro-perforated,8.5,7.5,84.0,,,Y,1,N,0.75,0.0091,75,,,,,MAP window not reachable with single film at this temperature/pack; use tuned micro-perforation or ventilated pack,synthetic_rule_physics_model
SCN02904,C049,Spinach,fresh_produce_leafy,ambient,S02,35.0,94.0,S09,6,35.1,0.5,16,91,0.4,6.5,0.99,713.3,195689.0,,M18,Micro-perforated LDPE (breathable),30,60000,30,14,good,Passive MAP - micro-perforated,8.5,7.5,84.0,,,Y,1,N,0.94,0.0114,75,,,,,MAP window not reachable with single film at this temperature/pack; use tuned micro-perforation or ventilated pack,synthetic_rule_physics_model
SCN02905,C049,Spinach,fresh_produce_leafy,chilled,S04,3.5,90.0,S10,24,3.3,0.5,12,91,0.4,6.5,0.99,34.3,56550.0,,M18,Micro-perforated LDPE (breathable),30,60000,30,14,good,Passive MAP - micro-perforated,8.5,7.5,84.0,,,Y,5,N,0.94,0.0114,75,,,,,MAP window not reachable with single film at this temperature/pack; use tuned micro-perforation or ventilated pack,synthetic_rule_physics_model
SCN02906,C049,Spinach,fresh_produce_leafy,chilled,S04,2.4,89.0,S10,24,2.4,2.0,4,91,0.4,6.5,0.99,31.3,86626.0,,M18,Micro-perforated LDPE (breathable),30,60000,30,14,good,Passive MAP - micro-perforated,8.5,7.5,84.0,,,Y,6,Y,0.59,0.0072,75,,,,,MAP window not reachable with single film at this temperature/pack; use tuned micro-perforation or ventilated pack,synthetic_rule_physics_model
SCN02907,C049,Spinach,fresh_produce_leafy,chilled,S04,1.9,88.0,S10,48,2.6,0.25,16,91,0.4,6.5,0.99,32.0,43924.0,,M18,Micro-perforated LDPE (breathable),30,60000,30,14,good,Passive MAP - micro-perforated,8.5,7.5,84.0,,,Y,6,N,1.18,0.0144,75,,,,,MAP window not reachable with single film at this temperature/pack; use tuned micro-perforation or ventilated pack,synthetic_rule_physics_model
SCN02908,C049,Spinach,fresh_produce_leafy,chilled,S04,1.9,89.0,S10,6,2.0,1.0,8,91,0.4,6.5,0.99,30.4,68223.0,,M18,Micro-perforated LDPE (breathable),30,60000,30,14,good,Passive MAP - micro-perforated,8.5,7.5,84.0,,,Y,6,N,0.75,0.0091,75,,,,,MAP window not reachable with single film at this temperature/pack; use tuned micro-perforation or ventilated pack,synthetic_rule_physics_model
SCN02909,C049,Spinach,fresh_produce_leafy,chilled,S04,0.8,86.0,S09,48,5.2,0.5,16,91,0.4,6.5,0.99,40.9,60112.0,,M18,Micro-perforated LDPE (breathable),30,60000,30,14,good,Passive MAP - micro-perforated,8.5,7.5,84.0,,,Y,4,N,0.94,0.0114,75,,,,,MAP window not reachable with single film at this temperature/pack; use tuned micro-perforation or ventilated pack,synthetic_rule_physics_model
SCN02910,C049,Spinach,fresh_produce_leafy,ambient,S01,26.2,56.0,S10,24,24.3,2.0,12,91,0.4,6.5,0.99,255.9,194759.0,,M18,Micro-perforated LDPE (breathable),30,60000,30,14,good,Passive MAP - micro-perforated,8.5,7.5,84.0,,,Y,1,N,0.59,0.0072,75,,,,,MAP window not reachable with single film at this temperature/pack; use tuned micro-perforation or ventilated pack,synthetic_rule_physics_model
SCN02911,C049,Spinach,fresh_produce_leafy,chilled,S05,3.2,70.0,S10,48,4.1,1.0,6,91,0.4,6.5,0.99,36.8,72836.0,,M18,Micro-perforated LDPE (breathable),30,60000,30,14,good,Passive MAP - micro-perforated,8.5,7.5,84.0,,,Y,5,N,0.75,0.0091,75,,,,,MAP window not reachable with single film at this temperature/pack; use tuned micro-perforation or ventilated pack,synthetic_rule_physics_model
SCN02912,C049,Spinach,fresh_produce_leafy,ambient,S01,22.7,59.0,S10,24,20.5,0.25,8,91,0.4,6.5,0.99,177.2,83920.0,,M18,Micro-perforated LDPE (breathable),30,60000,30,14,good,Passive MAP - micro-perforated,8.5,7.5,84.0,,,Y,1,N,1.18,0.0144,75,,,,,MAP window not reachable with single film at this temperature/pack; use tuned micro-perforation or ventilated pack,synthetic_rule_physics_model
SCN02913,C049,Spinach,fresh_produce_leafy,chilled,S04,0.0,91.0,S09,24,3.3,0.25,12,91,0.4,6.5,0.99,34.3,44982.0,,M18,Micro-perforated LDPE (breathable),30,60000,30,14,good,Passive MAP - micro-perforated,8.5,7.5,84.0,,,Y,5,N,1.18,0.0144,75,,,,,MAP window not reachable with single film at this temperature/pack; use tuned micro-perforation or ventilated pack,synthetic_rule_physics_model
SCN02914,C049,Spinach,fresh_produce_leafy,ambient,S02,33.6,81.0,S10,6,32.9,2.0,12,91,0.4,6.5,0.99,579.0,280547.0,,M18,Micro-perforated LDPE (breathable),30,60000,30,14,good,Passive MAP - micro-perforated,8.5,7.5,84.0,,,Y,1,N,0.59,0.0072,75,,,,,MAP window not reachable with single film at this temperature/pack; use tuned micro-perforation or ventilated pack,synthetic_rule_physics_model
SCN02915,C049,Spinach,fresh_produce_leafy,chilled,S04,3.8,91.0,S10,24,4.0,1.0,16,91,0.4,6.5,0.99,36.6,72679.0,,M18,Micro-perforated LDPE (breathable),30,60000,30,14,good,Passive MAP - micro-perforated,8.5,7.5,84.0,,,Y,5,N,0.75,0.0091,75,,,,,MAP window not reachable with single film at this temperature/pack; use tuned micro-perforation or ventilated pack,synthetic_rule_physics_model
SCN02916,C049,Spinach,fresh_produce_leafy,chilled,S04,0.3,94.0,S10,24,1.0,0.5,6,91,0.4,6.5,0.99,27.4,52431.0,,M18,Micro-perforated LDPE (breathable),30,60000,30,14,good,Passive MAP - micro-perforated,8.5,7.5,84.0,,,Y,7,Y,0.94,0.0114,75,,,,,MAP window not reachable with single film at this temperature/pack; use tuned micro-perforation or ventilated pack,synthetic_rule_physics_model
SCN02917,C049,Spinach,fresh_produce_leafy,chilled,S05,5.0,72.0,S10,6,5.0,2.0,8,91,0.4,6.5,0.99,40.4,94504.0,,M18,Micro-perforated LDPE (breathable),30,60000,30,14,good,Passive MAP - micro-perforated,8.5,7.5,84.0,,,Y,4,N,0.59,0.0072,75,,,,,MAP window not reachable with single film at this temperature/pack; use tuned micro-perforation or ventilated pack,synthetic_rule_physics_model
SCN02918,C049,Spinach,fresh_produce_leafy,chilled,S04,1.3,91.0,S10,6,1.5,1.0,6,91,0.4,6.5,0.99,28.8,66983.0,,M18,Micro-perforated LDPE (breathable),30,60000,30,14,good,Passive MAP - micro-perforated,8.5,7.5,84.0,,,Y,7,Y,0.75,0.0091,75,,,,,MAP window not reachable with single film at this temperature/pack; use tuned micro-perforation or ventilated pack,synthetic_rule_physics_model
SCN02919,C049,Spinach,fresh_produce_leafy,ambient,S02,30.8,75.0,S09,48,32.0,1.0,12,91,0.4,6.5,0.99,529.6,214205.0,,M18,Micro-perforated LDPE (breathable),30,60000,30,14,good,Passive MAP - micro-perforated,8.5,7.5,84.0,,,Y,1,N,0.75,0.0091,75,,,,,MAP window not reachable with single film at this temperature/pack; use tuned micro-perforation or ventilated pack,synthetic_rule_physics_model
SCN02920,C049,Spinach,fresh_produce_leafy,chilled,S05,7.2,77.0,S10,6,7.0,2.0,4,91,0.4,6.5,0.99,49.0,101224.0,,M18,Micro-perforated LDPE (breathable),30,60000,30,14,good,Passive MAP - micro-perforated,8.5,7.5,84.0,,,Y,3,N,0.59,0.0072,75,,,,,MAP window not reachable with single film at this temperature/pack; use tuned micro-perforation or ventilated pack,synthetic_rule_physics_model
SCN02921,C049,Spinach,fresh_produce_leafy,ambient,S01,23.1,56.0,S09,48,26.1,0.5,6,91,0.4,6.5,0.99,302.5,132554.0,,M18,Micro-perforated LDPE (breathable),30,60000,30,14,good,Passive MAP - micro-perforated,8.5,7.5,84.0,,,Y,1,N,0.94,0.0114,75,,,,,MAP window not reachable with single film at this temperature/pack; use tuned micro-perforation or ventilated pack,synthetic_rule_physics_model
SCN02922,C049,Spinach,fresh_produce_leafy,ambient,S01,29.4,56.0,S10,24,22.7,2.0,4,91,0.4,6.5,0.99,218.4,182007.0,,M18,Micro-perforated LDPE (breathable),30,60000,30,14,good,Passive MAP - micro-perforated,8.5,7.5,84.0,,,Y,1,N,0.59,0.0072,75,,,,,MAP window not reachable with single film at this temperature/pack; use tuned micro-perforation or ventilated pack,synthetic_rule_physics_model
SCN02923,C049,Spinach,fresh_produce_leafy,ambient,S02,33.1,77.0,S10,24,28.2,2.0,6,91,0.4,6.5,0.99,370.5,229060.0,,M18,Micro-perforated LDPE (breathable),30,60000,30,14,good,Passive MAP - micro-perforated,8.5,7.5,84.0,,,Y,1,N,0.59,0.0072,75,,,,,MAP window not reachable with single film at this temperature/pack; use tuned micro-perforation or ventilated pack,synthetic_rule_physics_model
SCN02924,C049,Spinach,fresh_produce_leafy,chilled,S04,1.4,88.0,S10,24,1.3,0.5,12,91,0.4,6.5,0.99,28.3,53021.0,,M18,Micro-perforated LDPE (breathable),30,60000,30,14,good,Passive MAP - micro-perforated,8.5,7.5,84.0,,,Y,6,N,0.94,0.0114,75,,,,,MAP window not reachable with single film at this temperature/pack; use tuned micro-perforation or ventilated pack,synthetic_rule_physics_model
SCN02925,C049,Spinach,fresh_produce_leafy,chilled,S04,1.8,87.0,S09,24,3.9,0.25,12,91,0.4,6.5,0.99,36.4,45887.0,,M18,Micro-perforated LDPE (breathable),30,60000,30,14,good,Passive MAP - micro-perforated,8.5,7.5,84.0,,,Y,5,N,1.18,0.0144,75,,,,,MAP window not reachable with single film at this temperature/pack; use tuned micro-perforation or ventilated pack,synthetic_rule_physics_model
SCN02926,C049,Spinach,fresh_produce_leafy,chilled,S05,3.2,87.0,S09,24,5.6,0.25,12,91,0.4,6.5,0.99,42.7,48523.0,,M18,Micro-perforated LDPE (breathable),30,60000,30,14,good,Passive MAP - micro-perforated,8.5,7.5,84.0,,,Y,4,N,1.18,0.0144,75,,,,,MAP window not reachable with single film at this temperature/pack; use tuned micro-perforation or ventilated pack,synthetic_rule_physics_model
SCN02927,C049,Spinach,fresh_produce_leafy,chilled,S05,5.4,79.0,S10,48,6.0,1.0,8,91,0.4,6.5,0.99,44.2,77643.0,,M18,Micro-perforated LDPE (breathable),30,60000,30,14,good,Passive MAP - micro-perforated,8.5,7.5,84.0,,,Y,4,N,0.75,0.0091,75,,,,,MAP window not reachable with single film at this temperature/pack; use tuned micro-perforation or ventilated pack,synthetic_rule_physics_model
SCN02928,C049,Spinach,fresh_produce_leafy,chilled,S04,3.6,87.0,S10,48,3.5,0.5,16,91,0.4,6.5,0.99,35.0,56949.0,,M18,Micro-perforated LDPE (breathable),30,60000,30,14,good,Passive MAP - micro-perforated,8.5,7.5,84.0,,,Y,5,N,0.94,0.0114,75,,,,,MAP window not reachable with single film at this temperature/pack; use tuned micro-perforation or ventilated pack,synthetic_rule_physics_model
SCN02929,C049,Spinach,fresh_produce_leafy,chilled,S04,4.0,93.0,S10,48,3.7,1.0,16,91,0.4,6.5,0.99,35.7,72068.0,,M18,Micro-perforated LDPE (breathable),30,60000,30,14,good,Passive MAP - micro-perforated,8.5,7.5,84.0,,,Y,5,N,0.75,0.0091,75,,,,,MAP window not reachable with single film at this temperature/pack; use tuned micro-perforation or ventilated pack,synthetic_rule_physics_model
SCN02930,C049,Spinach,fresh_produce_leafy,chilled,S04,2.0,90.0,S10,6,2.1,1.0,4,91,0.4,6.5,0.99,30.6,68357.0,,M18,Micro-perforated LDPE (breathable),30,60000,30,14,good,Passive MAP - micro-perforated,8.5,7.5,84.0,,,Y,6,Y,0.75,0.0091,75,,,,,MAP window not reachable with single film at this temperature/pack; use tuned micro-perforation or ventilated pack,synthetic_rule_physics_model
SCN02931,C049,Spinach,fresh_produce_leafy,chilled,S04,0.8,85.0,S10,6,0.8,2.0,8,91,0.4,6.5,0.99,26.9,82347.0,,M18,Micro-perforated LDPE (breathable),30,60000,30,14,good,Passive MAP - micro-perforated,8.5,7.5,84.0,,,Y,8,Y,0.59,0.0072,75,,,,,MAP window not reachable with single film at this temperature/pack; use tuned micro-perforation or ventilated pack,synthetic_rule_physics_model
SCN02932,C049,Spinach,fresh_produce_leafy,chilled,S04,1.2,91.0,S10,24,1.9,0.5,8,91,0.4,6.5,0.99,30.1,54089.0,,M18,Micro-perforated LDPE (breathable),30,60000,30,14,good,Passive MAP - micro-perforated,8.5,7.5,84.0,,,Y,6,N,0.94,0.0114,75,,,,,MAP window not reachable with single film at this temperature/pack; use tuned micro-perforation or ventilated pack,synthetic_rule_physics_model
SCN02933,C049,Spinach,fresh_produce_leafy,chilled,S04,3.1,94.0,S09,48,11.9,0.25,6,91,0.4,6.5,0.99,78.0,60503.0,,M18,Micro-perforated LDPE (breathable),30,60000,30,14,good,Passive MAP - micro-perforated,8.5,7.5,84.0,,,Y,2,N,1.18,0.0144,75,,,,,MAP window not reachable with single film at this temperature/pack; use tuned micro-perforation or ventilated pack,synthetic_rule_physics_model
SCN02934,C049,Spinach,fresh_produce_leafy,ambient,S01,31.7,57.0,S10,48,25.6,0.5,8,91,0.4,6.5,0.99,288.3,129794.0,,M18,Micro-perforated LDPE (breathable),30,60000,30,14,good,Passive MAP - micro-perforated,8.5,7.5,84.0,,,Y,1,N,0.94,0.0114,75,,,,,MAP window not reachable with single film at this temperature/pack; use tuned micro-perforation or ventilated pack,synthetic_rule_physics_model
SCN02935,C049,Spinach,fresh_produce_leafy,ambient,S01,24.7,41.0,S10,6,24.3,0.5,12,91,0.4,6.5,0.99,255.0,123077.0,,M18,Micro-perforated LDPE (breathable),30,60000,30,14,good,Passive MAP - micro-perforated,8.5,7.5,84.0,,,Y,1,N,0.94,0.0114,75,,,,,MAP window not reachable with single film at this temperature/pack; use tuned micro-perforation or ventilated pack,synthetic_rule_physics_model
SCN02936,C049,Spinach,fresh_produce_leafy,ambient,S02,31.8,87.0,S10,48,23.3,0.25,6,91,0.4,6.5,0.99,230.6,93781.0,,M18,Micro-perforated LDPE (breathable),30,60000,30,14,good,Passive MAP - micro-perforated,8.5,7.5,84.0,,,Y,1,N,1.18,0.0144,75,,,,,MAP window not reachable with single film at this temperature/pack; use tuned micro-perforation or ventilated pack,synthetic_rule_physics_model
SCN02937,C049,Spinach,fresh_produce_leafy,chilled,S04,2.3,86.0,S10,6,2.3,0.5,6,91,0.4,6.5,0.99,31.1,54687.0,,M18,Micro-perforated LDPE (breathable),30,60000,30,14,good,Passive MAP - micro-perforated,8.5,7.5,84.0,,,Y,6,Y,0.94,0.0114,75,,,,,MAP window not reachable with single film at this temperature/pack; use tuned micro-perforation or ventilated pack,synthetic_rule_physics_model
SCN02938,C049,Spinach,fresh_produce_leafy,chilled,S04,2.6,88.0,S10,24,2.7,0.25,16,91,0.4,6.5,0.99,32.2,44037.0,,M18,Micro-perforated LDPE (breathable),30,60000,30,14,good,Passive MAP - micro-perforated,8.5,7.5,84.0,,,Y,6,N,1.18,0.0144,75,,,,,MAP window not reachable with single film at this temperature/pack; use tuned micro-perforation or ventilated pack,synthetic_rule_physics_model
SCN02939,C049,Spinach,fresh_produce_leafy,ambient,S01,21.8,48.0,S10,24,20.2,1.0,12,91,0.4,6.5,0.99,171.5,130805.0,,M18,Micro-perforated LDPE (breathable),30,60000,30,14,good,Passive MAP - micro-perforated,8.5,7.5,84.0,,,Y,1,N,0.75,0.0091,75,,,,,MAP window not reachable with single film at this temperature/pack; use tuned micro-perforation or ventilated pack,synthetic_rule_physics_model
SCN02940,C049,Spinach,fresh_produce_leafy,chilled,S05,4.4,88.0,S10,24,4.0,1.0,8,91,0.4,6.5,0.99,36.6,72700.0,,M18,Micro-perforated LDPE (breathable),30,60000,30,14,good,Passive MAP - micro-perforated,8.5,7.5,84.0,,,Y,5,N,0.75,0.0091,75,,,,,MAP window not reachable with single film at this temperature/pack; use tuned micro-perforation or ventilated pack,synthetic_rule_physics_model
SCN02941,C050,Cucumber,fresh_produce_veg,cool,S06,12.6,92.0,S09,6,14.0,1.0,5,96,0.1,5.5,0.99,17.9,14254.0,,M18,Micro-perforated LDPE (breathable),30,60000,30,14,good,Passive MAP - micro-perforated,4.0,1.0,95.0,,,Y,8,Y,0.75,0.0091,75,,,,,MAP window not reachable with single film at this temperature/pack; use tuned micro-perforation or ventilated pack,synthetic_rule_physics_model
SCN02942,C050,Cucumber,fresh_produce_veg,cool,S06,10.7,92.0,S12,48,10.5,0.25,8,96,0.1,5.5,0.99,13.2,8167.0,,M18,Micro-perforated LDPE (breathable),30,60000,30,14,good,Passive MAP - micro-perforated,4.0,1.0,95.0,,,Y,12,Y,1.18,0.0144,75,,,,,MAP window not reachable with single film at this temperature/pack; use tuned micro-perforation or ventilated pack,synthetic_rule_physics_model
SCN02943,C050,Cucumber,fresh_produce_veg,cool,S06,11.6,91.0,S09,48,19.9,1.0,5,96,0.1,5.5,0.99,29.8,17014.0,,M18,Micro-perforated LDPE (breathable),30,60000,30,14,good,Passive MAP - micro-perforated,4.0,1.0,95.0,,,Y,4,N,0.75,0.0091,75,,,,,MAP window not reachable with single film at this temperature/pack; use tuned micro-perforation or ventilated pack,synthetic_rule_physics_model
SCN02944,C050,Cucumber,fresh_produce_veg,ambient,S01,23.4,52.0,S12,6,22.9,0.5,8,96,0.1,5.5,0.99,39.1,14948.0,,M18,Micro-perforated LDPE (breathable),30,60000,30,14,good,Passive MAP - micro-perforated,4.0,1.0,95.0,,,Y,3,N,0.94,0.0114,75,,,,,MAP window not reachable with single film at this temperature/pack; use tuned micro-perforation or ventilated pack,synthetic_rule_physics_model
SCN02945,C050,Cucumber,fresh_produce_veg,cool,S06,9.2,90.0,S09,24,13.1,0.25,8,96,0.1,5.5,0.99,16.5,8777.0,,M18,Micro-perforated LDPE (breathable),30,60000,30,14,good,Passive MAP - micro-perforated,4.0,1.0,95.0,,,Y,9,Y,1.18,0.0144,75,,,,,MAP window not reachable with single film at this temperature/pack; use tuned micro-perforation or ventilated pack,synthetic_rule_physics_model
SCN02946,C050,Cucumber,fresh_produce_veg,cool,S06,9.2,91.0,S12,24,9.4,2.0,10,96,0.1,5.5,0.99,12.0,15734.0,,M18,Micro-perforated LDPE (breathable),30,60000,30,14,good,Passive MAP - micro-perforated,4.0,1.0,95.0,,,Y,13,Y,0.59,0.0072,75,,,,,MAP window not reachable with single film at this temperature/pack; use tuned micro-perforation or ventilated pack,synthetic_rule_physics_model
SCN02947,C050,Cucumber,fresh_produce_veg,cool,S06,13.9,93.0,S12,24,13.6,0.5,15,96,0.1,5.5,0.99,17.2,11199.0,,M18,Micro-perforated LDPE (breathable),30,60000,30,14,good,Passive MAP - micro-perforated,4.0,1.0,95.0,,,Y,8,N,0.94,0.0114,75,,,,,MAP window not reachable with single film at this temperature/pack; use tuned micro-perforation or ventilated pack,synthetic_rule_physics_model
SCN02948,C050,Cucumber,fresh_produce_veg,cool,S06,11.6,88.0,S12,6,11.6,0.25,15,96,0.1,5.5,0.99,14.5,8417.0,,M18,Micro-perforated LDPE (breathable),30,60000,30,14,good,Passive MAP - micro-perforated,4.0,1.0,95.0,,,Y,11,N,1.18,0.0144,75,,,,,MAP window not reachable with single film at this temperature/pack; use tuned micro-perforation or ventilated pack,synthetic_rule_physics_model
SCN02949,C050,Cucumber,fresh_produce_veg,cool,S06,11.3,94.0,S12,48,10.1,1.0,5,96,0.1,5.5,0.99,12.7,12745.0,,M18,Micro-perforated LDPE (breathable),30,60000,30,14,good,Passive MAP - micro-perforated,4.0,1.0,95.0,,,Y,12,Y,0.75,0.0091,75,,,,,MAP window not reachable with single film at this temperature/pack; use tuned micro-perforation or ventilated pack,synthetic_rule_physics_model
SCN02950,C050,Cucumber,fresh_produce_veg,cool,S06,11.4,88.0,S09,48,16.4,2.0,10,96,0.1,5.5,0.99,22.1,19251.0,,M18,Micro-perforated LDPE (breathable),30,60000,30,14,good,Passive MAP - micro-perforated,4.0,1.0,95.0,,,Y,6,N,0.59,0.0072,75,,,,,MAP window not reachable with single film at this temperature/pack; use tuned micro-perforation or ventilated pack,synthetic_rule_physics_model
SCN02951,C050,Cucumber,fresh_produce_veg,cool,S06,10.8,89.0,S12,48,10.7,1.0,8,96,0.1,5.5,0.99,13.4,12967.0,,M18,Micro-perforated LDPE (breathable),30,60000,30,14,good,Passive MAP - micro-perforated,4.0,1.0,95.0,,,Y,12,Y,0.75,0.0091,75,,,,,MAP window not reachable with single film at this temperature/pack; use tuned micro-perforation or ventilated pack,synthetic_rule_physics_model
SCN02952,C050,Cucumber,fresh_produce_veg,ambient,S01,24.6,63.0,S09,6,25.1,2.0,5,96,0.1,5.5,0.99,47.4,25402.0,,M18,Micro-perforated LDPE (breathable),30,60000,30,14,good,Passive MAP - micro-perforated,4.0,1.0,95.0,,,Y,2,N,0.59,0.0072,75,,,,,MAP window not reachable with single film at this temperature/pack; use tuned micro-perforation or ventilated pack,synthetic_rule_physics_model
SCN02953,C050,Cucumber,fresh_produce_veg,ambient,S01,21.4,64.0,S12,48,18.8,0.25,10,96,0.1,5.5,0.99,27.1,10407.0,,M18,Micro-perforated LDPE (breathable),30,60000,30,14,good,Passive MAP - micro-perforated,4.0,1.0,95.0,,,Y,5,N,1.18,0.0144,75,,,,,MAP window not reachable with single film at this temperature/pack; use tuned micro-perforation or ventilated pack,synthetic_rule_physics_model
SCN02954,C050,Cucumber,fresh_produce_veg,cool,S06,9.1,95.0,S12,24,9.2,0.25,15,96,0.1,5.5,0.99,11.7,7875.0,,M18,Micro-perforated LDPE (breathable),30,60000,30,14,good,Passive MAP - micro-perforated,4.0,1.0,95.0,,,Y,14,N,1.18,0.0144,75,,,,,MAP window not reachable with single film at this temperature/pack; use tuned micro-perforation or ventilated pack,synthetic_rule_physics_model
SCN02955,C050,Cucumber,fresh_produce_veg,ambient,S02,28.5,80.0,S09,24,29.6,1.0,8,96,0.1,5.5,0.99,70.3,23577.0,,M18,Micro-perforated LDPE (breathable),30,60000,30,14,good,Passive MAP - micro-perforated,4.0,1.0,95.0,,,Y,2,N,0.75,0.0091,75,,,,,MAP window not reachable with single film at this temperature/pack; use tuned micro-perforation or ventilated pack,synthetic_rule_physics_model
SCN02956,C050,Cucumber,fresh_produce_veg,ambient,S01,21.7,43.0,S12,48,20.9,0.25,20,96,0.1,5.5,0.99,32.6,11124.0,,M18,Micro-perforated LDPE (breathable),30,60000,30,14,good,Passive MAP - micro-perforated,4.0,1.0,95.0,,,Y,4,N,1.18,0.0144,75,,,,,MAP window not reachable with single film at this temperature/pack; use tuned micro-perforation or ventilated pack,synthetic_rule_physics_model
SCN02957,C050,Cucumber,fresh_produce_veg,cool,S06,8.1,94.0,S09,6,8.3,1.0,20,96,0.1,5.5,0.99,10.9,12150.0,,M18,Micro-perforated LDPE (breathable),30,60000,30,14,good,Passive MAP - micro-perforated,4.0,1.0,95.0,,,Y,15,N,0.75,0.0091,75,,,,,MAP window not reachable with single film at this temperature/pack; use tuned micro-perforation or ventilated pack,synthetic_rule_physics_model
SCN02958,C050,Cucumber,fresh_produce_veg,ambient,S01,29.9,45.0,S09,24,30.3,0.25,15,96,0.1,5.5,0.99,74.6,15285.0,,M18,Micro-perforated LDPE (breathable),30,60000,30,14,good,Passive MAP - micro-perforated,4.0,1.0,95.0,,,Y,1,N,1.18,0.0144,75,,,,,MAP window not reachable with single film at this temperature/pack; use tuned micro-perforation or ventilated pack,synthetic_rule_physics_model
SCN02959,C050,Cucumber,fresh_produce_veg,cool,S06,8.5,90.0,S09,6,9.1,0.5,10,96,0.1,5.5,0.99,11.6,9865.0,,M18,Micro-perforated LDPE (breathable),30,60000,30,14,good,Passive MAP - micro-perforated,4.0,1.0,95.0,,,Y,14,Y,0.94,0.0114,75,,,,,MAP window not reachable with single film at this temperature/pack; use tuned micro-perforation or ventilated pack,synthetic_rule_physics_model
SCN02960,C050,Cucumber,fresh_produce_veg,cool,S06,9.0,89.0,S12,48,9.9,0.25,8,96,0.1,5.5,0.99,12.5,8036.0,,M18,Micro-perforated LDPE (breathable),30,60000,30,14,good,Passive MAP - micro-perforated,4.0,1.0,95.0,,,Y,13,Y,1.18,0.0144,75,,,,,MAP window not reachable with single film at this temperature/pack; use tuned micro-perforation or ventilated pack,synthetic_rule_physics_model
SCN02961,C050,Cucumber,fresh_produce_veg,cool,S06,11.1,92.0,S12,24,11.1,0.25,8,96,0.1,5.5,0.99,13.9,8302.0,,M18,Micro-perforated LDPE (breathable),30,60000,30,14,good,Passive MAP - micro-perforated,4.0,1.0,95.0,,,Y,11,Y,1.18,0.0144,75,,,,,MAP window not reachable with single film at this temperature/pack; use tuned micro-perforation or ventilated pack,synthetic_rule_physics_model
SCN02962,C050,Cucumber,fresh_produce_veg,ambient,S01,30.3,51.0,S12,6,29.4,2.0,5,96,0.1,5.5,0.99,68.7,29364.0,,M18,Micro-perforated LDPE (breathable),30,60000,30,14,good,Passive MAP - micro-perforated,4.0,1.0,95.0,,,Y,2,N,0.59,0.0072,75,,,,,MAP window not reachable with single film at this temperature/pack; use tuned micro-perforation or ventilated pack,synthetic_rule_physics_model
SCN02963,C050,Cucumber,fresh_produce_veg,cool,S06,8.3,92.0,S12,24,8.6,2.0,5,96,0.1,5.5,0.99,11.1,15378.0,,M18,Micro-perforated LDPE (breathable),30,60000,30,14,good,Passive MAP - micro-perforated,4.0,1.0,95.0,,,Y,15,Y,0.59,0.0072,75,,,,,MAP window not reachable with single film at this temperature/pack; use tuned micro-perforation or ventilated pack,synthetic_rule_physics_model
SCN02964,C050,Cucumber,fresh_produce_veg,cool,S06,10.4,92.0,S12,6,10.4,1.0,8,96,0.1,5.5,0.99,13.0,12857.0,,M18,Micro-perforated LDPE (breathable),30,60000,30,14,good,Passive MAP - micro-perforated,4.0,1.0,95.0,,,Y,11,Y,0.75,0.0091,75,,,,,MAP window not reachable with single film at this temperature/pack; use tuned micro-perforation or ventilated pack,synthetic_rule_physics_model
SCN02965,C050,Cucumber,fresh_produce_veg,cool,S06,11.3,93.0,S12,6,11.3,2.0,5,96,0.1,5.5,0.99,14.1,16581.0,,M18,Micro-perforated LDPE (breathable),30,60000,30,14,good,Passive MAP - micro-perforated,4.0,1.0,95.0,,,Y,11,Y,0.59,0.0072,75,,,,,MAP window not reachable with single film at this temperature/pack; use tuned micro-perforation or ventilated pack,synthetic_rule_physics_model
SCN02966,C050,Cucumber,fresh_produce_veg,cool,S06,9.3,90.0,S09,6,10.3,2.0,8,96,0.1,5.5,0.99,12.9,16110.0,,M18,Micro-perforated LDPE (breathable),30,60000,30,14,good,Passive MAP - micro-perforated,4.0,1.0,95.0,,,Y,12,Y,0.59,0.0072,75,,,,,MAP window not reachable with single film at this temperature/pack; use tuned micro-perforation or ventilated pack,synthetic_rule_physics_model
SCN02967,C050,Cucumber,fresh_produce_veg,cool,S06,9.4,89.0,S12,24,9.5,2.0,10,96,0.1,5.5,0.99,12.0,15759.0,,M18,Micro-perforated LDPE (breathable),30,60000,30,14,good,Passive MAP - micro-perforated,4.0,1.0,95.0,,,Y,13,Y,0.59,0.0072,75,,,,,MAP window not reachable with single film at this temperature/pack; use tuned micro-perforation or ventilated pack,synthetic_rule_physics_model
SCN02968,C050,Cucumber,fresh_produce_veg,ambient,S02,30.1,92.0,S12,6,29.8,1.0,20,96,0.1,5.5,0.99,71.5,23738.0,,M18,Micro-perforated LDPE (breathable),30,60000,30,14,good,Passive MAP - micro-perforated,4.0,1.0,95.0,,,Y,1,N,0.75,0.0091,75,,,,,MAP window not reachable with single film at this temperature/pack; use tuned micro-perforation or ventilated pack,synthetic_rule_physics_model
SCN02969,C050,Cucumber,fresh_produce_veg,ambient,S02,33.8,79.0,S12,6,33.4,1.0,15,96,0.1,5.5,0.99,97.5,26946.0,,M18,Micro-perforated LDPE (breathable),30,60000,30,14,good,Passive MAP - micro-perforated,4.0,1.0,95.0,,,Y,1,N,0.75,0.0091,75,,,,,MAP window not reachable with single film at this temperature/pack; use tuned micro-perforation or ventilated pack,synthetic_rule_physics_model
SCN02970,C050,Cucumber,fresh_produce_veg,ambient,S02,34.8,78.0,S12,48,32.4,1.0,20,96,0.1,5.5,0.99,89.8,26044.0,,M18,Micro-perforated LDPE (breathable),30,60000,30,14,good,Passive MAP - micro-perforated,4.0,1.0,95.0,,,Y,1,N,0.75,0.0091,75,,,,,MAP window not reachable with single film at this temperature/pack; use tuned micro-perforation or ventilated pack,synthetic_rule_physics_model
SCN02971,C050,Cucumber,fresh_produce_veg,cool,S06,8.7,89.0,S12,24,9.1,2.0,15,96,0.1,5.5,0.99,11.6,15577.0,,M18,Micro-perforated LDPE (breathable),30,60000,30,14,good,Passive MAP - micro-perforated,4.0,1.0,95.0,,,Y,13,N,0.59,0.0072,75,,,,,MAP window not reachable with single film at this temperature/pack; use tuned micro-perforation or ventilated pack,synthetic_rule_physics_model
SCN02972,C050,Cucumber,fresh_produce_veg,ambient,S02,30.9,88.0,S12,48,28.8,0.5,20,96,0.1,5.5,0.99,65.4,18220.0,,M18,Micro-perforated LDPE (breathable),30,60000,30,14,good,Passive MAP - micro-perforated,4.0,1.0,95.0,,,Y,2,N,0.94,0.0114,75,,,,,MAP window not reachable with single film at this temperature/pack; use tuned micro-perforation or ventilated pack,synthetic_rule_physics_model
SCN02973,C050,Cucumber,fresh_produce_veg,cool,S06,11.5,90.0,S12,48,12.0,0.25,8,96,0.1,5.5,0.99,15.0,8513.0,,M18,Micro-perforated LDPE (breathable),30,60000,30,14,good,Passive MAP - micro-perforated,4.0,1.0,95.0,,,Y,10,Y,1.18,0.0144,75,,,,,MAP window not reachable with single film at this temperature/pack; use tuned micro-perforation or ventilated pack,synthetic_rule_physics_model
SCN02974,C050,Cucumber,fresh_produce_veg,cool,S06,11.0,95.0,S12,24,11.5,2.0,5,96,0.1,5.5,0.99,14.3,16651.0,,M18,Micro-perforated LDPE (breathable),30,60000,30,14,good,Passive MAP - micro-perforated,4.0,1.0,95.0,,,Y,10,Y,0.59,0.0072,75,,,,,MAP window not reachable with single film at this temperature/pack; use tuned micro-perforation or ventilated pack,synthetic_rule_physics_model
SCN02975,C050,Cucumber,fresh_produce_veg,cool,S06,13.5,95.0,S12,6,13.5,0.5,20,96,0.1,5.5,0.99,17.1,11167.0,,M18,Micro-perforated LDPE (breathable),30,60000,30,14,good,Passive MAP - micro-perforated,4.0,1.0,95.0,,,Y,9,N,0.94,0.0114,75,,,,,MAP window not reachable with single film at this temperature/pack; use tuned micro-perforation or ventilated pack,synthetic_rule_physics_model
SCN02976,C050,Cucumber,fresh_produce_veg,ambient,S02,34.3,85.0,S12,24,32.8,2.0,15,96,0.1,5.5,0.99,93.1,33223.0,,M18,Micro-perforated LDPE (breathable),30,60000,30,14,good,Passive MAP - micro-perforated,4.0,1.0,95.0,,,Y,1,N,0.59,0.0072,75,,,,,MAP window not reachable with single film at this temperature/pack; use tuned micro-perforation or ventilated pack,synthetic_rule_physics_model
SCN02977,C050,Cucumber,fresh_produce_veg,ambient,S01,22.5,54.0,S09,24,22.8,0.5,15,96,0.1,5.5,0.99,38.6,14875.0,,M18,Micro-perforated LDPE (breathable),30,60000,30,14,good,Passive MAP - micro-perforated,4.0,1.0,95.0,,,Y,3,N,0.94,0.0114,75,,,,,MAP window not reachable with single film at this temperature/pack; use tuned micro-perforation or ventilated pack,synthetic_rule_physics_model
SCN02978,C050,Cucumber,fresh_produce_veg,cool,S06,13.3,94.0,S09,24,15.9,0.25,5,96,0.1,5.5,0.99,21.0,9524.0,,M18,Micro-perforated LDPE (breathable),30,60000,30,14,good,Passive MAP - micro-perforated,4.0,1.0,95.0,,,Y,7,Y,1.18,0.0144,75,,,,,MAP window not reachable with single film at this temperature/pack; use tuned micro-perforation or ventilated pack,synthetic_rule_physics_model
SCN02979,C050,Cucumber,fresh_produce_veg,cool,S06,11.3,91.0,S12,48,11.5,2.0,20,96,0.1,5.5,0.99,14.3,16651.0,,M18,Micro-perforated LDPE (breathable),30,60000,30,14,good,Passive MAP - micro-perforated,4.0,1.0,95.0,,,Y,9,N,0.59,0.0072,75,,,,,MAP window not reachable with single film at this temperature/pack; use tuned micro-perforation or ventilated pack,synthetic_rule_physics_model
SCN02980,C050,Cucumber,fresh_produce_veg,ambient,S02,30.3,78.0,S12,6,29.5,0.5,5,96,0.1,5.5,0.99,69.2,18641.0,,M18,Micro-perforated LDPE (breathable),30,60000,30,14,good,Passive MAP - micro-perforated,4.0,1.0,95.0,,,Y,1,N,0.94,0.0114,75,,,,,MAP window not reachable with single film at this temperature/pack; use tuned micro-perforation or ventilated pack,synthetic_rule_physics_model
SCN02981,C050,Cucumber,fresh_produce_veg,cool,S06,9.7,88.0,S12,48,10.0,0.25,15,96,0.1,5.5,0.99,12.6,8053.0,,M18,Micro-perforated LDPE (breathable),30,60000,30,14,good,Passive MAP - micro-perforated,4.0,1.0,95.0,,,Y,13,N,1.18,0.0144,75,,,,,MAP window not reachable with single film at this temperature/pack; use tuned micro-perforation or ventilated pack,synthetic_rule_physics_model
SCN02982,C050,Cucumber,fresh_produce_veg,ambient,S02,30.1,80.0,S09,6,30.1,1.0,8,96,0.1,5.5,0.99,73.3,23978.0,,M18,Micro-perforated LDPE (breathable),30,60000,30,14,good,Passive MAP - micro-perforated,4.0,1.0,95.0,,,Y,1,N,0.75,0.0091,75,,,,,MAP window not reachable with single film at this temperature/pack; use tuned micro-perforation or ventilated pack,synthetic_rule_physics_model
SCN02983,C050,Cucumber,fresh_produce_veg,cool,S06,12.7,92.0,S12,48,12.5,0.5,15,96,0.1,5.5,0.99,15.6,10837.0,,M18,Micro-perforated LDPE (breathable),30,60000,30,14,good,Passive MAP - micro-perforated,4.0,1.0,95.0,,,Y,10,N,0.94,0.0114,75,,,,,MAP window not reachable with single film at this temperature/pack; use tuned micro-perforation or ventilated pack,synthetic_rule_physics_model
SCN02984,C050,Cucumber,fresh_produce_veg,ambient,S01,20.4,50.0,S09,48,22.2,1.0,10,96,0.1,5.5,0.99,36.6,18328.0,,M18,Micro-perforated LDPE (breathable),30,60000,30,14,good,Passive MAP - micro-perforated,4.0,1.0,95.0,,,Y,3,N,0.75,0.0091,75,,,,,MAP window not reachable with single film at this temperature/pack; use tuned micro-perforation or ventilated pack,synthetic_rule_physics_model
SCN02985,C050,Cucumber,fresh_produce_veg,cool,S06,8.7,92.0,S09,6,9.4,0.25,10,96,0.1,5.5,0.99,12.0,7927.0,,M18,Micro-perforated LDPE (breathable),30,60000,30,14,good,Passive MAP - micro-perforated,4.0,1.0,95.0,,,Y,13,Y,1.18,0.0144,75,,,,,MAP window not reachable with single film at this temperature/pack; use tuned micro-perforation or ventilated pack,synthetic_rule_physics_model
SCN02986,C050,Cucumber,fresh_produce_veg,cool,S06,13.8,94.0,S12,24,13.4,0.5,15,96,0.1,5.5,0.99,16.9,11135.0,,M18,Micro-perforated LDPE (breathable),30,60000,30,14,good,Passive MAP - micro-perforated,4.0,1.0,95.0,,,Y,9,N,0.94,0.0114,75,,,,,MAP window not reachable with single film at this temperature/pack; use tuned micro-perforation or ventilated pack,synthetic_rule_physics_model
SCN02987,C050,Cucumber,fresh_produce_veg,cool,S06,10.0,88.0,S12,48,10.4,2.0,20,96,0.1,5.5,0.99,13.0,16154.0,,M18,Micro-perforated LDPE (breathable),30,60000,30,14,good,Passive MAP - micro-perforated,4.0,1.0,95.0,,,Y,12,N,0.59,0.0072,75,,,,,MAP window not reachable with single film at this temperature/pack; use tuned micro-perforation or ventilated pack,synthetic_rule_physics_model
SCN02988,C050,Cucumber,fresh_produce_veg,cool,S06,10.7,91.0,S12,6,10.6,0.5,8,96,0.1,5.5,0.99,13.3,10287.0,,M18,Micro-perforated LDPE (breathable),30,60000,30,14,good,Passive MAP - micro-perforated,4.0,1.0,95.0,,,Y,12,Y,0.94,0.0114,75,,,,,MAP window not reachable with single film at this temperature/pack; use tuned micro-perforation or ventilated pack,synthetic_rule_physics_model
SCN02989,C050,Cucumber,fresh_produce_veg,cool,S06,13.4,89.0,S09,6,13.9,2.0,15,96,0.1,5.5,0.99,17.7,17833.0,,M18,Micro-perforated LDPE (breathable),30,60000,30,14,good,Passive MAP - micro-perforated,4.0,1.0,95.0,,,Y,8,N,0.59,0.0072,75,,,,,MAP window not reachable with single film at this temperature/pack; use tuned micro-perforation or ventilated pack,synthetic_rule_physics_model
SCN02990,C050,Cucumber,fresh_produce_veg,ambient,S02,34.2,88.0,S12,48,28.4,2.0,8,96,0.1,5.5,0.99,62.8,28343.0,,M18,Micro-perforated LDPE (breathable),30,60000,30,14,good,Passive MAP - micro-perforated,4.0,1.0,95.0,,,Y,2,N,0.59,0.0072,75,,,,,MAP window not reachable with single film at this temperature/pack; use tuned micro-perforation or ventilated pack,synthetic_rule_physics_model
SCN02991,C050,Cucumber,fresh_produce_veg,ambient,S01,23.0,44.0,S12,48,19.8,2.0,8,96,0.1,5.5,0.99,29.7,21358.0,,M18,Micro-perforated LDPE (breathable),30,60000,30,14,good,Passive MAP - micro-perforated,4.0,1.0,95.0,,,Y,4,N,0.59,0.0072,75,,,,,MAP window not reachable with single film at this temperature/pack; use tuned micro-perforation or ventilated pack,synthetic_rule_physics_model
SCN02992,C050,Cucumber,fresh_produce_veg,ambient,S01,25.7,57.0,S12,6,24.9,2.0,5,96,0.1,5.5,0.99,46.4,25189.0,,M18,Micro-perforated LDPE (breathable),30,60000,30,14,good,Passive MAP - micro-perforated,4.0,1.0,95.0,,,Y,2,N,0.59,0.0072,75,,,,,MAP window not reachable with single film at this temperature/pack; use tuned micro-perforation or ventilated pack,synthetic_rule_physics_model
SCN02993,C050,Cucumber,fresh_produce_veg,cool,S06,8.0,88.0,S12,24,8.2,0.5,20,96,0.1,5.5,0.99,10.8,9646.0,,M18,Micro-perforated LDPE (breathable),30,60000,30,14,good,Passive MAP - micro-perforated,4.0,1.0,95.0,,,Y,15,N,0.94,0.0114,75,,,,,MAP window not reachable with single film at this temperature/pack; use tuned micro-perforation or ventilated pack,synthetic_rule_physics_model
SCN02994,C050,Cucumber,fresh_produce_veg,cool,S06,12.1,89.0,S12,48,12.1,0.25,5,96,0.1,5.5,0.99,15.1,8535.0,,M18,Micro-perforated LDPE (breathable),30,60000,30,14,good,Passive MAP - micro-perforated,4.0,1.0,95.0,,,Y,10,Y,1.18,0.0144,75,,,,,MAP window not reachable with single film at this temperature/pack; use tuned micro-perforation or ventilated pack,synthetic_rule_physics_model
SCN02995,C050,Cucumber,fresh_produce_veg,cool,S06,9.6,91.0,S12,24,10.0,0.25,5,96,0.1,5.5,0.99,12.6,8058.0,,M18,Micro-perforated LDPE (breathable),30,60000,30,14,good,Passive MAP - micro-perforated,4.0,1.0,95.0,,,Y,12,Y,1.18,0.0144,75,,,,,MAP window not reachable with single film at this temperature/pack; use tuned micro-perforation or ventilated pack,synthetic_rule_physics_model
SCN02996,C050,Cucumber,fresh_produce_veg,cool,S06,8.8,91.0,S12,6,8.8,0.25,10,96,0.1,5.5,0.99,11.3,7783.0,,M18,Micro-perforated LDPE (breathable),30,60000,30,14,good,Passive MAP - micro-perforated,4.0,1.0,95.0,,,Y,14,Y,1.18,0.0144,75,,,,,MAP window not reachable with single film at this temperature/pack; use tuned micro-perforation or ventilated pack,synthetic_rule_physics_model
SCN02997,C050,Cucumber,fresh_produce_veg,cool,S06,9.7,94.0,S12,48,10.0,0.25,15,96,0.1,5.5,0.99,12.6,8050.0,,M18,Micro-perforated LDPE (breathable),30,60000,30,14,good,Passive MAP - micro-perforated,4.0,1.0,95.0,,,Y,13,N,1.18,0.0144,75,,,,,MAP window not reachable with single film at this temperature/pack; use tuned micro-perforation or ventilated pack,synthetic_rule_physics_model
SCN02998,C050,Cucumber,fresh_produce_veg,ambient,S02,30.7,90.0,S09,48,33.9,0.5,5,96,0.1,5.5,0.99,102.2,21856.0,,M18,Micro-perforated LDPE (breathable),30,60000,30,14,good,Passive MAP - micro-perforated,4.0,1.0,95.0,,,Y,1,N,0.94,0.0114,75,,,,,MAP window not reachable with single film at this temperature/pack; use tuned micro-perforation or ventilated pack,synthetic_rule_physics_model
SCN02999,C050,Cucumber,fresh_produce_veg,cool,S06,13.4,93.0,S12,6,13.4,0.25,15,96,0.1,5.5,0.99,16.9,8853.0,,M18,Micro-perforated LDPE (breathable),30,60000,30,14,good,Passive MAP - micro-perforated,4.0,1.0,95.0,,,Y,9,N,1.18,0.0144,75,,,,,MAP window not reachable with single film at this temperature/pack; use tuned micro-perforation or ventilated pack,synthetic_rule_physics_model
SCN03000,C050,Cucumber,fresh_produce_veg,ambient,S01,30.4,48.0,S09,24,30.2,0.5,15,96,0.1,5.5,0.99,73.7,19120.0,,M18,Micro-perforated LDPE (breathable),30,60000,30,14,good,Passive MAP - micro-perforated,4.0,1.0,95.0,,,Y,1,N,0.94,0.0114,75,,,,,MAP window not reachable with single film at this temperature/pack; use tuned micro-perforation or ventilated pack,synthetic_rule_physics_model
SCN03001,C051,Bell pepper (capsicum),fresh_produce_veg,cool,S06,11.0,89.0,S12,48,10.2,1.0,7,92,0.3,5.3,0.99,18.3,18287.0,,M18,Micro-perforated LDPE (breathable),30,60000,30,14,good,Passive MAP - micro-perforated,4.0,1.5,94.5,,,Y,12,Y,0.75,0.0091,75,,,,,MAP window not reachable with single film at this temperature/pack; use tuned micro-perforation or ventilated pack,synthetic_rule_physics_model
SCN03002,C051,Bell pepper (capsicum),fresh_produce_veg,cool,S06,10.6,92.0,S09,48,17.1,0.5,7,92,0.3,5.3,0.99,34.4,18283.0,,M18,Micro-perforated LDPE (breathable),30,60000,30,14,good,Passive MAP - micro-perforated,4.0,1.5,94.5,,,Y,6,N,0.94,0.0114,75,,,,,MAP window not reachable with single film at this temperature/pack; use tuned micro-perforation or ventilated pack,synthetic_rule_physics_model
SCN03003,C051,Bell pepper (capsicum),fresh_produce_veg,cool,S06,8.7,92.0,S12,6,8.8,0.5,10,92,0.3,5.3,0.99,16.1,13944.0,,M18,Micro-perforated LDPE (breathable),30,60000,30,14,good,Passive MAP - micro-perforated,4.0,1.5,94.5,,,Y,13,Y,0.94,0.0114,75,,,,,MAP window not reachable with single film at this temperature/pack; use tuned micro-perforation or ventilated pack,synthetic_rule_physics_model
SCN03004,C051,Bell pepper (capsicum),fresh_produce_veg,ambient,S01,31.6,51.0,S12,48,29.5,0.5,21,92,0.3,5.3,0.99,107.9,28961.0,,M18,Micro-perforated LDPE (breathable),30,60000,30,14,good,Passive MAP - micro-perforated,4.0,1.5,94.5,,,Y,2,N,0.94,0.0114,75,,,,,MAP window not reachable with single film at this temperature/pack; use tuned micro-perforation or ventilated pack,synthetic_rule_physics_model
SCN03005,C051,Bell pepper (capsicum),fresh_produce_veg,ambient,S02,30.7,94.0,S12,6,30.0,1.0,7,92,0.3,5.3,0.99,112.8,37095.0,,M18,Micro-perforated LDPE (breathable),30,60000,30,14,good,Passive MAP - micro-perforated,4.0,1.5,94.5,,,Y,1,N,0.75,0.0091,75,,,,,MAP window not reachable with single film at this temperature/pack; use tuned micro-perforation or ventilated pack,synthetic_rule_physics_model
SCN03006,C051,Bell pepper (capsicum),fresh_produce_veg,cool,S06,9.3,92.0,S12,24,9.3,0.5,7,92,0.3,5.3,0.99,16.9,14173.0,,M18,Micro-perforated LDPE (breathable),30,60000,30,14,good,Passive MAP - micro-perforated,4.0,1.5,94.5,,,Y,12,Y,0.94,0.0114,75,,,,,MAP window not reachable with single film at this temperature/pack; use tuned micro-perforation or ventilated pack,synthetic_rule_physics_model
SCN03007,C051,Bell pepper (capsicum),fresh_produce_veg,cool,S06,13.2,95.0,S09,24,14.1,1.0,28,92,0.3,5.3,0.99,26.3,20812.0,,M18,Micro-perforated LDPE (breathable),30,60000,30,14,good,Passive MAP - micro-perforated,4.0,1.5,94.5,,,Y,8,N,0.75,0.0091,75,,,,,MAP window not reachable with single film at this temperature/pack; use tuned micro-perforation or ventilated pack,synthetic_rule_physics_model
SCN03008,C051,Bell pepper (capsicum),fresh_produce_veg,ambient,S01,27.0,44.0,S12,6,26.4,0.5,7,92,0.3,5.3,0.99,81.3,25704.0,,M18,Micro-perforated LDPE (breathable),30,60000,30,14,good,Passive MAP - micro-perforated,4.0,1.5,94.5,,,Y,2,N,0.94,0.0114,75,,,,,MAP window not reachable with single film at this temperature/pack; use tuned micro-perforation or ventilated pack,synthetic_rule_physics_model
SCN03009,C051,Bell pepper (capsicum),fresh_produce_veg,ambient,S02,34.3,84.0,S12,24,33.3,2.0,21,92,0.3,5.3,0.99,152.3,53139.0,,M18,Micro-perforated LDPE (breathable),30,60000,30,14,good,Passive MAP - micro-perforated,4.0,1.5,94.5,,,Y,1,N,0.59,0.0072,75,,,,,MAP window not reachable with single film at this temperature/pack; use tuned micro-perforation or ventilated pack,synthetic_rule_physics_model
SCN03010,C051,Bell pepper (capsicum),fresh_produce_veg,cool,S06,12.5,90.0,S12,48,12.0,1.0,14,92,0.3,5.3,0.99,21.7,19423.0,,M18,Micro-perforated LDPE (breathable),30,60000,30,14,good,Passive MAP - micro-perforated,4.0,1.5,94.5,,,Y,10,N,0.75,0.0091,75,,,,,MAP window not reachable with single film at this temperature/pack; use tuned micro-perforation or ventilated pack,synthetic_rule_physics_model
SCN03011,C051,Bell pepper (capsicum),fresh_produce_veg,cool,S06,13.8,91.0,S12,6,13.8,2.0,14,92,0.3,5.3,0.99,25.5,25854.0,,M18,Micro-perforated LDPE (breathable),30,60000,30,14,good,Passive MAP - micro-perforated,4.0,1.5,94.5,,,Y,7,N,0.59,0.0072,75,,,,,MAP window not reachable with single film at this temperature/pack; use tuned micro-perforation or ventilated pack,synthetic_rule_physics_model
SCN03012,C051,Bell pepper (capsicum),fresh_produce_veg,ambient,S02,34.9,88.0,S09,24,35.0,0.25,10,92,0.3,5.3,0.99,177.7,28653.0,,M18,Micro-perforated LDPE (breathable),30,60000,30,14,good,Passive MAP - micro-perforated,4.0,1.5,94.5,,,Y,1,N,1.18,0.0144,75,,,,,MAP window not reachable with single film at this temperature/pack; use tuned micro-perforation or ventilated pack,synthetic_rule_physics_model
SCN03013,C051,Bell pepper (capsicum),fresh_produce_veg,cool,S06,8.8,91.0,S09,48,18.1,0.25,7,92,0.3,5.3,0.99,37.7,15061.0,,M18,Micro-perforated LDPE (breathable),30,60000,30,14,good,Passive MAP - micro-perforated,4.0,1.5,94.5,,,Y,5,N,1.18,0.0144,75,,,,,MAP window not reachable with single film at this temperature/pack; use tuned micro-perforation or ventilated pack,synthetic_rule_physics_model
SCN03014,C051,Bell pepper (capsicum),fresh_produce_veg,cool,S06,11.6,91.0,S12,24,11.4,2.0,10,92,0.3,5.3,0.99,20.5,23907.0,,M18,Micro-perforated LDPE (breathable),30,60000,30,14,good,Passive MAP - micro-perforated,4.0,1.5,94.5,,,Y,10,Y,0.59,0.0072,75,,,,,MAP window not reachable with single film at this temperature/pack; use tuned micro-perforation or ventilated pack,synthetic_rule_physics_model
SCN03015,C051,Bell pepper (capsicum),fresh_produce_veg,ambient,S01,31.6,61.0,S12,6,30.8,0.5,7,92,0.3,5.3,0.99,121.6,30484.0,,M18,Micro-perforated LDPE (breathable),30,60000,30,14,good,Passive MAP - micro-perforated,4.0,1.5,94.5,,,Y,1,N,0.94,0.0114,75,,,,,MAP window not reachable with single film at this temperature/pack; use tuned micro-perforation or ventilated pack,synthetic_rule_physics_model
SCN03016,C051,Bell pepper (capsicum),fresh_produce_veg,cool,S06,11.6,88.0,S09,6,12.5,1.0,7,92,0.3,5.3,0.99,22.7,19727.0,,M18,Micro-perforated LDPE (breathable),30,60000,30,14,good,Passive MAP - micro-perforated,4.0,1.5,94.5,,,Y,9,Y,0.75,0.0091,75,,,,,MAP window not reachable with single film at this temperature/pack; use tuned micro-perforation or ventilated pack,synthetic_rule_physics_model
SCN03017,C051,Bell pepper (capsicum),fresh_produce_veg,cool,S06,13.7,89.0,S12,6,13.7,2.0,14,92,0.3,5.3,0.99,25.2,25745.0,,M18,Micro-perforated LDPE (breathable),30,60000,30,14,good,Passive MAP - micro-perforated,4.0,1.5,94.5,,,Y,8,N,0.59,0.0072,75,,,,,MAP window not reachable with single film at this temperature/pack; use tuned micro-perforation or ventilated pack,synthetic_rule_physics_model
SCN03018,C051,Bell pepper (capsicum),fresh_produce_veg,cool,S06,13.8,90.0,S12,48,13.5,0.25,7,92,0.3,5.3,0.99,24.7,12882.0,,M18,Micro-perforated LDPE (breathable),30,60000,30,14,good,Passive MAP - micro-perforated,4.0,1.5,94.5,,,Y,8,Y,1.18,0.0144,75,,,,,MAP window not reachable with single film at this temperature/pack; use tuned micro-perforation or ventilated pack,synthetic_rule_physics_model
SCN03019,C051,Bell pepper (capsicum),fresh_produce_veg,ambient,S01,22.6,48.0,S12,6,22.4,2.0,14,92,0.3,5.3,0.99,56.3,34963.0,,M18,Micro-perforated LDPE (breathable),30,60000,30,14,good,Passive MAP - micro-perforated,4.0,1.5,94.5,,,Y,3,N,0.59,0.0072,75,,,,,MAP window not reachable with single film at this temperature/pack; use tuned micro-perforation or ventilated pack,synthetic_rule_physics_model
SCN03020,C051,Bell pepper (capsicum),fresh_produce_veg,cool,S06,11.2,90.0,S09,24,12.2,1.0,28,92,0.3,5.3,0.99,22.0,19519.0,,M18,Micro-perforated LDPE (breathable),30,60000,30,14,good,Passive MAP - micro-perforated,4.0,1.5,94.5,,,Y,9,N,0.75,0.0091,75,,,,,MAP window not reachable with single film at this temperature/pack; use tuned micro-perforation or ventilated pack,synthetic_rule_physics_model
SCN03021,C051,Bell pepper (capsicum),fresh_produce_veg,cool,S06,10.9,95.0,S09,6,11.3,0.25,10,92,0.3,5.3,0.99,20.3,12011.0,,M18,Micro-perforated LDPE (breathable),30,60000,30,14,good,Passive MAP - micro-perforated,4.0,1.5,94.5,,,Y,9,N,1.18,0.0144,75,,,,,MAP window not reachable with single film at this temperature/pack; use tuned micro-perforation or ventilated pack,synthetic_rule_physics_model
SCN03022,C051,Bell pepper (capsicum),fresh_produce_veg,cool,S06,13.5,93.0,S12,6,13.5,2.0,14,92,0.3,5.3,0.99,24.7,25584.0,,M18,Micro-perforated LDPE (breathable),30,60000,30,14,good,Passive MAP - micro-perforated,4.0,1.5,94.5,,,Y,8,N,0.59,0.0072,75,,,,,MAP window not reachable with single film at this temperature/pack; use tuned micro-perforation or ventilated pack,synthetic_rule_physics_model
SCN03023,C051,Bell pepper (capsicum),fresh_produce_veg,cool,S06,8.1,88.0,S09,24,8.9,1.0,21,92,0.3,5.3,0.99,16.4,17604.0,,M18,Micro-perforated LDPE (breathable),30,60000,30,14,good,Passive MAP - micro-perforated,4.0,1.5,94.5,,,Y,13,N,0.75,0.0091,75,,,,,MAP window not reachable with single film at this temperature/pack; use tuned micro-perforation or ventilated pack,synthetic_rule_physics_model
SCN03024,C051,Bell pepper (capsicum),fresh_produce_veg,cool,S06,13.0,90.0,S12,24,12.9,0.5,14,92,0.3,5.3,0.99,23.5,15894.0,,M18,Micro-perforated LDPE (breathable),30,60000,30,14,good,Passive MAP - micro-perforated,4.0,1.5,94.5,,,Y,8,N,0.94,0.0114,75,,,,,MAP window not reachable with single film at this temperature/pack; use tuned micro-perforation or ventilated pack,synthetic_rule_physics_model
SCN03025,C051,Bell pepper (capsicum),fresh_produce_veg,ambient,S01,23.4,56.0,S12,48,20.1,0.5,7,92,0.3,5.3,0.99,45.3,20320.0,,M18,Micro-perforated LDPE (breathable),30,60000,30,14,good,Passive MAP - micro-perforated,4.0,1.5,94.5,,,Y,4,N,0.94,0.0114,75,,,,,MAP window not reachable with single film at this temperature/pack; use tuned micro-perforation or ventilated pack,synthetic_rule_physics_model
SCN03026,C051,Bell pepper (capsicum),fresh_produce_veg,cool,S06,13.7,94.0,S12,6,13.7,0.5,14,92,0.3,5.3,0.99,25.2,16299.0,,M18,Micro-perforated LDPE (breathable),30,60000,30,14,good,Passive MAP - micro-perforated,4.0,1.5,94.5,,,Y,8,N,0.94,0.0114,75,,,,,MAP window not reachable with single film at this temperature/pack; use tuned micro-perforation or ventilated pack,synthetic_rule_physics_model
SCN03027,C051,Bell pepper (capsicum),fresh_produce_veg,cool,S06,9.9,89.0,S09,6,10.4,0.5,14,92,0.3,5.3,0.99,18.6,14645.0,,M18,Micro-perforated LDPE (breathable),30,60000,30,14,good,Passive MAP - micro-perforated,4.0,1.5,94.5,,,Y,11,N,0.94,0.0114,75,,,,,MAP window not reachable with single film at this temperature/pack; use tuned micro-perforation or ventilated pack,synthetic_rule_physics_model
SCN03028,C051,Bell pepper (capsicum),fresh_produce_veg,cool,S06,11.3,90.0,S12,6,11.3,0.25,10,92,0.3,5.3,0.99,20.3,12004.0,,M18,Micro-perforated LDPE (breathable),30,60000,30,14,good,Passive MAP - micro-perforated,4.0,1.5,94.5,,,Y,10,Y,1.18,0.0144,75,,,,,MAP window not reachable with single film at this temperature/pack; use tuned micro-perforation or ventilated pack,synthetic_rule_physics_model
SCN03029,C051,Bell pepper (capsicum),fresh_produce_veg,cool,S06,9.5,94.0,S12,24,9.4,0.5,21,92,0.3,5.3,0.99,17.1,14221.0,,M18,Micro-perforated LDPE (breathable),30,60000,30,14,good,Passive MAP - micro-perforated,4.0,1.5,94.5,,,Y,12,N,0.94,0.0114,75,,,,,MAP window not reachable with single film at this temperature/pack; use tuned micro-perforation or ventilated pack,synthetic_rule_physics_model
SCN03030,C051,Bell pepper (capsicum),fresh_produce_veg,cool,S06,9.1,90.0,S12,48,9.2,1.0,10,92,0.3,5.3,0.99,16.7,17724.0,,M18,Micro-perforated LDPE (breathable),30,60000,30,14,good,Passive MAP - micro-perforated,4.0,1.5,94.5,,,Y,13,Y,0.75,0.0091,75,,,,,MAP window not reachable with single film at this temperature/pack; use tuned micro-perforation or ventilated pack,synthetic_rule_physics_model
SCN03031,C051,Bell pepper (capsicum),fresh_produce_veg,cool,S06,10.1,90.0,S12,24,9.9,0.5,10,92,0.3,5.3,0.99,17.9,14431.0,,M18,Micro-perforated LDPE (breathable),30,60000,30,14,good,Passive MAP - micro-perforated,4.0,1.5,94.5,,,Y,11,Y,0.94,0.0114,75,,,,,MAP window not reachable with single film at this temperature/pack; use tuned micro-perforation or ventilated pack,synthetic_rule_physics_model
SCN03032,C051,Bell pepper (capsicum),fresh_produce_veg,cool,S06,8.2,93.0,S12,48,8.7,2.0,7,92,0.3,5.3,0.99,16.0,21983.0,,M18,Micro-perforated LDPE (breathable),30,60000,30,14,good,Passive MAP - micro-perforated,4.0,1.5,94.5,,,Y,13,Y,0.59,0.0072,75,,,,,MAP window not reachable with single film at this temperature/pack; use tuned micro-perforation or ventilated pack,synthetic_rule_physics_model
SCN03033,C051,Bell pepper (capsicum),fresh_produce_veg,ambient,S02,28.4,78.0,S09,24,29.2,1.0,14,92,0.3,5.3,0.99,104.3,35883.0,,M18,Micro-perforated LDPE (breathable),30,60000,30,14,good,Passive MAP - micro-perforated,4.0,1.5,94.5,,,Y,2,N,0.75,0.0091,75,,,,,MAP window not reachable with single film at this temperature/pack; use tuned micro-perforation or ventilated pack,synthetic_rule_physics_model
SCN03034,C051,Bell pepper (capsicum),fresh_produce_veg,cool,S06,8.5,92.0,S12,24,8.6,0.25,10,92,0.3,5.3,0.99,15.9,11039.0,,M18,Micro-perforated LDPE (breathable),30,60000,30,14,good,Passive MAP - micro-perforated,4.0,1.5,94.5,,,Y,13,Y,1.18,0.0144,75,,,,,MAP window not reachable with single film at this temperature/pack; use tuned micro-perforation or ventilated pack,synthetic_rule_physics_model
SCN03035,C051,Bell pepper (capsicum),fresh_produce_veg,cool,S06,10.9,92.0,S12,24,11.2,1.0,7,92,0.3,5.3,0.99,20.2,18921.0,,M18,Micro-perforated LDPE (breathable),30,60000,30,14,good,Passive MAP - micro-perforated,4.0,1.5,94.5,,,Y,11,Y,0.75,0.0091,75,,,,,MAP window not reachable with single film at this temperature/pack; use tuned micro-perforation or ventilated pack,synthetic_rule_physics_model
SCN03036,C051,Bell pepper (capsicum),fresh_produce_veg,ambient,S01,22.7,57.0,S12,48,21.7,0.25,28,92,0.3,5.3,0.99,52.8,17167.0,,M18,Micro-perforated LDPE (breathable),30,60000,30,14,good,Passive MAP - micro-perforated,4.0,1.5,94.5,,,Y,3,N,1.18,0.0144,75,,,,,MAP window not reachable with single film at this temperature/pack; use tuned micro-perforation or ventilated pack,synthetic_rule_physics_model
SCN03037,C051,Bell pepper (capsicum),fresh_produce_veg,ambient,S01,30.3,48.0,S12,6,30.0,2.0,21,92,0.3,5.3,0.99,113.1,46677.0,,M18,Micro-perforated LDPE (breathable),30,60000,30,14,good,Passive MAP - micro-perforated,4.0,1.5,94.5,,,Y,1,N,0.59,0.0072,75,,,,,MAP window not reachable with single film at this temperature/pack; use tuned micro-perforation or ventilated pack,synthetic_rule_physics_model
SCN03038,C051,Bell pepper (capsicum),fresh_produce_veg,cool,S06,11.1,93.0,S09,6,11.3,0.25,21,92,0.3,5.3,0.99,20.4,12019.0,,M18,Micro-perforated LDPE (breathable),30,60000,30,14,good,Passive MAP - micro-perforated,4.0,1.5,94.5,,,Y,10,N,1.18,0.0144,75,,,,,MAP window not reachable with single film at this temperature/pack; use tuned micro-perforation or ventilated pack,synthetic_rule_physics_model
SCN03039,C051,Bell pepper (capsicum),fresh_produce_veg,ambient,S02,33.4,92.0,S12,24,31.4,2.0,10,92,0.3,5.3,0.99,127.7,49188.0,,M18,Micro-perforated LDPE (breathable),30,60000,30,14,good,Passive MAP - micro-perforated,4.0,1.5,94.5,,,Y,1,N,0.59,0.0072,75,,,,,MAP window not reachable with single film at this temperature/pack; use tuned micro-perforation or ventilated pack,synthetic_rule_physics_model
SCN03040,C051,Bell pepper (capsicum),fresh_produce_veg,cool,S06,13.2,88.0,S12,6,13.2,0.25,14,92,0.3,5.3,0.99,24.1,12752.0,,M18,Micro-perforated LDPE (breathable),30,60000,30,14,good,Passive MAP - micro-perforated,4.0,1.5,94.5,,,Y,9,N,1.18,0.0144,75,,,,,MAP window not reachable with single film at this temperature/pack; use tuned micro-perforation or ventilated pack,synthetic_rule_physics_model
SCN03041,C051,Bell pepper (capsicum),fresh_produce_veg,ambient,S01,26.0,49.0,S12,24,23.9,2.0,7,92,0.3,5.3,0.99,64.7,36979.0,,M18,Micro-perforated LDPE (breathable),30,60000,30,14,good,Passive MAP - micro-perforated,4.0,1.5,94.5,,,Y,3,N,0.59,0.0072,75,,,,,MAP window not reachable with single film at this temperature/pack; use tuned micro-perforation or ventilated pack,synthetic_rule_physics_model
SCN03042,C051,Bell pepper (capsicum),fresh_produce_veg,cool,S06,9.3,95.0,S12,6,9.3,0.25,28,92,0.3,5.3,0.99,16.9,11277.0,,M18,Micro-perforated LDPE (breathable),30,60000,30,14,good,Passive MAP - micro-perforated,4.0,1.5,94.5,,,Y,12,N,1.18,0.0144,75,,,,,MAP window not reachable with single film at this temperature/pack; use tuned micro-perforation or ventilated pack,synthetic_rule_physics_model
SCN03043,C051,Bell pepper (capsicum),fresh_produce_veg,cool,S06,12.5,93.0,S09,48,14.9,0.5,21,92,0.3,5.3,0.99,28.2,16987.0,,M18,Micro-perforated LDPE (breathable),30,60000,30,14,good,Passive MAP - micro-perforated,4.0,1.5,94.5,,,Y,7,N,0.94,0.0114,75,,,,,MAP window not reachable with single film at this temperature/pack; use tuned micro-perforation or ventilated pack,synthetic_rule_physics_model
SCN03044,C051,Bell pepper (capsicum),fresh_produce_veg,cool,S06,11.3,92.0,S12,24,11.1,2.0,7,92,0.3,5.3,0.99,19.9,23695.0,,M18,Micro-perforated LDPE (breathable),30,60000,30,14,good,Passive MAP - micro-perforated,4.0,1.5,94.5,,,Y,11,Y,0.59,0.0072,75,,,,,MAP window not reachable with single film at this temperature/pack; use tuned micro-perforation or ventilated pack,synthetic_rule_physics_model
SCN03045,C051,Bell pepper (capsicum),fresh_produce_veg,cool,S06,13.8,91.0,S12,48,13.5,1.0,21,92,0.3,5.3,0.99,24.7,20345.0,,M18,Micro-perforated LDPE (breathable),30,60000,30,14,good,Passive MAP - micro-perforated,4.0,1.5,94.5,,,Y,8,N,0.75,0.0091,75,,,,,MAP window not reachable with single film at this temperature/pack; use tuned micro-perforation or ventilated pack,synthetic_rule_physics_model
SCN03046,C051,Bell pepper (capsicum),fresh_produce_veg,cool,S06,10.1,88.0,S12,48,10.1,2.0,28,92,0.3,5.3,0.99,18.2,22943.0,,M18,Micro-perforated LDPE (breathable),30,60000,30,14,good,Passive MAP - micro-perforated,4.0,1.5,94.5,,,Y,11,N,0.59,0.0072,75,,,,,MAP window not reachable with single film at this temperature/pack; use tuned micro-perforation or ventilated pack,synthetic_rule_physics_model
SCN03047,C051,Bell pepper (capsicum),fresh_produce_veg,cool,S06,8.2,91.0,S12,6,8.2,0.25,28,92,0.3,5.3,0.99,15.3,10897.0,,M18,Micro-perforated LDPE (breathable),30,60000,30,14,good,Passive MAP - micro-perforated,4.0,1.5,94.5,,,Y,13,N,1.18,0.0144,75,,,,,MAP window not reachable with single film at this temperature/pack; use tuned micro-perforation or ventilated pack,synthetic_rule_physics_model
SCN03048,C051,Bell pepper (capsicum),fresh_produce_veg,ambient,S01,31.3,47.0,S12,24,29.7,0.5,14,92,0.3,5.3,0.99,110.0,29192.0,,M18,Micro-perforated LDPE (breathable),30,60000,30,14,good,Passive MAP - micro-perforated,4.0,1.5,94.5,,,Y,1,N,0.94,0.0114,75,,,,,MAP window not reachable with single film at this temperature/pack; use tuned micro-perforation or ventilated pack,synthetic_rule_physics_model
SCN03049,C051,Bell pepper (capsicum),fresh_produce_veg,cool,S06,12.3,93.0,S09,24,12.9,2.0,28,92,0.3,5.3,0.99,23.6,25142.0,,M18,Micro-perforated LDPE (breathable),30,60000,30,14,good,Passive MAP - micro-perforated,4.0,1.5,94.5,,,Y,9,N,0.59,0.0072,75,,,,,MAP window not reachable with single film at this temperature/pack; use tuned micro-perforation or ventilated pack,synthetic_rule_physics_model
SCN03050,C051,Bell pepper (capsicum),fresh_produce_veg,ambient,S02,32.2,87.0,S12,24,30.7,0.25,14,92,0.3,5.3,0.99,119.9,24100.0,,M18,Micro-perforated LDPE (breathable),30,60000,30,14,good,Passive MAP - micro-perforated,4.0,1.5,94.5,,,Y,1,N,1.18,0.0144,75,,,,,MAP window not reachable with single film at this temperature/pack; use tuned micro-perforation or ventilated pack,synthetic_rule_physics_model
SCN03051,C051,Bell pepper (capsicum),fresh_produce_veg,cool,S06,10.8,89.0,S12,24,10.7,0.25,21,92,0.3,5.3,0.99,19.2,11780.0,,M18,Micro-perforated LDPE (breathable),30,60000,30,14,good,Passive MAP - micro-perforated,4.0,1.5,94.5,,,Y,11,N,1.18,0.0144,75,,,,,MAP window not reachable with single film at this temperature/pack; use tuned micro-perforation or ventilated pack,synthetic_rule_physics_model
SCN03052,C051,Bell pepper (capsicum),fresh_produce_veg,cool,S06,12.3,91.0,S12,6,12.3,2.0,7,92,0.3,5.3,0.99,22.3,24630.0,,M18,Micro-perforated LDPE (breathable),30,60000,30,14,good,Passive MAP - micro-perforated,4.0,1.5,94.5,,,Y,9,Y,0.59,0.0072,75,,,,,MAP window not reachable with single film at this temperature/pack; use tuned micro-perforation or ventilated pack,synthetic_rule_physics_model
SCN03053,C051,Bell pepper (capsicum),fresh_produce_veg,cool,S06,12.0,94.0,S09,6,12.4,1.0,10,92,0.3,5.3,0.99,22.5,19672.0,,M18,Micro-perforated LDPE (breathable),30,60000,30,14,good,Passive MAP - micro-perforated,4.0,1.5,94.5,,,Y,9,N,0.75,0.0091,75,,,,,MAP window not reachable with single film at this temperature/pack; use tuned micro-perforation or ventilated pack,synthetic_rule_physics_model
SCN03054,C051,Bell pepper (capsicum),fresh_produce_veg,cool,S06,13.5,93.0,S12,6,13.5,0.25,7,92,0.3,5.3,0.99,24.8,12897.0,,M18,Micro-perforated LDPE (breathable),30,60000,30,14,good,Passive MAP - micro-perforated,4.0,1.5,94.5,,,Y,8,Y,1.18,0.0144,75,,,,,MAP window not reachable with single film at this temperature/pack; use tuned micro-perforation or ventilated pack,synthetic_rule_physics_model
SCN03055,C051,Bell pepper (capsicum),fresh_produce_veg,cool,S06,10.0,94.0,S12,6,10.0,2.0,21,92,0.3,5.3,0.99,18.0,22872.0,,M18,Micro-perforated LDPE (breathable),30,60000,30,14,good,Passive MAP - micro-perforated,4.0,1.5,94.5,,,Y,12,N,0.59,0.0072,75,,,,,MAP window not reachable with single film at this temperature/pack; use tuned micro-perforation or ventilated pack,synthetic_rule_physics_model
SCN03056,C051,Bell pepper (capsicum),fresh_produce_veg,cool,S06,9.2,91.0,S12,6,9.2,0.5,21,92,0.3,5.3,0.99,16.8,14126.0,,M18,Micro-perforated LDPE (breathable),30,60000,30,14,good,Passive MAP - micro-perforated,4.0,1.5,94.5,,,Y,12,N,0.94,0.0114,75,,,,,MAP window not reachable with single film at this temperature/pack; use tuned micro-perforation or ventilated pack,synthetic_rule_physics_model
SCN03057,C051,Bell pepper (capsicum),fresh_produce_veg,ambient,S01,20.2,43.0,S12,24,19.3,1.0,14,92,0.3,5.3,0.99,42.3,24862.0,,M18,Micro-perforated LDPE (breathable),30,60000,30,14,good,Passive MAP - micro-perforated,4.0,1.5,94.5,,,Y,5,N,0.75,0.0091,75,,,,,MAP window not reachable with single film at this temperature/pack; use tuned micro-perforation or ventilated pack,synthetic_rule_physics_model
SCN03058,C051,Bell pepper (capsicum),fresh_produce_veg,cool,S06,11.9,95.0,S12,48,12.1,0.25,28,92,0.3,5.3,0.99,21.8,12315.0,,M18,Micro-perforated LDPE (breathable),30,60000,30,14,good,Passive MAP - micro-perforated,4.0,1.5,94.5,,,Y,10,N,1.18,0.0144,75,,,,,MAP window not reachable with single film at this temperature/pack; use tuned micro-perforation or ventilated pack,synthetic_rule_physics_model
SCN03059,C051,Bell pepper (capsicum),fresh_produce_veg,cool,S06,11.0,92.0,S12,24,11.0,0.5,14,92,0.3,5.3,0.99,19.7,14936.0,,M18,Micro-perforated LDPE (breathable),30,60000,30,14,good,Passive MAP - micro-perforated,4.0,1.5,94.5,,,Y,10,N,0.94,0.0114,75,,,,,MAP window not reachable with single film at this temperature/pack; use tuned micro-perforation or ventilated pack,synthetic_rule_physics_model
SCN03060,C051,Bell pepper (capsicum),fresh_produce_veg,cool,S06,9.3,89.0,S09,6,10.0,0.5,7,92,0.3,5.3,0.99,18.0,14485.0,,M18,Micro-perforated LDPE (breathable),30,60000,30,14,good,Passive MAP - micro-perforated,4.0,1.5,94.5,,,Y,12,Y,0.94,0.0114,75,,,,,MAP window not reachable with single film at this temperature/pack; use tuned micro-perforation or ventilated pack,synthetic_rule_physics_model
SCN03061,C052,Okra (bhindi),fresh_produce_veg,cool,S06,8.9,90.0,S09,6,10.1,2.0,7,90,0.2,6.0,0.99,45.5,57368.0,,M18,Micro-perforated LDPE (breathable),30,60000,30,14,good,Passive MAP - micro-perforated,4.0,2.0,94.0,,,Y,7,Y,0.59,0.0072,75,,,,,MAP window not reachable with single film at this temperature/pack; use tuned micro-perforation or ventilated pack,synthetic_rule_physics_model
SCN03062,C052,Okra (bhindi),fresh_produce_veg,cool,S06,11.4,95.0,S12,6,11.5,2.0,10,90,0.2,6.0,0.99,51.8,60227.0,,M18,Micro-perforated LDPE (breathable),30,60000,30,14,good,Passive MAP - micro-perforated,4.0,2.0,94.0,,,Y,6,N,0.59,0.0072,75,,,,,MAP window not reachable with single film at this temperature/pack; use tuned micro-perforation or ventilated pack,synthetic_rule_physics_model
SCN03063,C052,Okra (bhindi),fresh_produce_veg,cool,S06,8.6,92.0,S12,24,8.6,0.5,10,90,0.2,6.0,0.99,39.5,34447.0,,M18,Micro-perforated LDPE (breathable),30,60000,30,14,good,Passive MAP - micro-perforated,4.0,2.0,94.0,,,Y,8,N,0.94,0.0114,75,,,,,MAP window not reachable with single film at this temperature/pack; use tuned micro-perforation or ventilated pack,synthetic_rule_physics_model
SCN03064,C052,Okra (bhindi),fresh_produce_veg,cool,S06,8.3,89.0,S12,24,8.4,1.0,4,90,0.2,6.0,0.99,38.8,43028.0,,M18,Micro-perforated LDPE (breathable),30,60000,30,14,good,Passive MAP - micro-perforated,4.0,2.0,94.0,,,Y,8,Y,0.75,0.0091,75,,,,,MAP window not reachable with single film at this temperature/pack; use tuned micro-perforation or ventilated pack,synthetic_rule_physics_model
SCN03065,C052,Okra (bhindi),fresh_produce_veg,ambient,S02,35.8,77.0,S12,6,35.0,0.25,7,90,0.2,6.0,0.99,488.3,78829.0,,M18,Micro-perforated LDPE (breathable),30,60000,30,14,good,Passive MAP - micro-perforated,4.0,2.0,94.0,,,Y,1,N,1.18,0.0144,75,,,,,MAP window not reachable with single film at this temperature/pack; use tuned micro-perforation or ventilated pack,synthetic_rule_physics_model
SCN03066,C052,Okra (bhindi),fresh_produce_veg,ambient,S02,34.8,78.0,S09,6,35.0,0.25,7,90,0.2,6.0,0.99,490.1,78968.0,,M18,Micro-perforated LDPE (breathable),30,60000,30,14,good,Passive MAP - micro-perforated,4.0,2.0,94.0,,,Y,1,N,1.18,0.0144,75,,,,,MAP window not reachable with single film at this temperature/pack; use tuned micro-perforation or ventilated pack,synthetic_rule_physics_model
SCN03067,C052,Okra (bhindi),fresh_produce_veg,ambient,S01,29.6,61.0,S12,24,26.6,1.0,7,90,0.2,6.0,0.99,220.5,86764.0,,M18,Micro-perforated LDPE (breathable),30,60000,30,14,good,Passive MAP - micro-perforated,4.0,2.0,94.0,,,Y,1,N,0.75,0.0091,75,,,,,MAP window not reachable with single film at this temperature/pack; use tuned micro-perforation or ventilated pack,synthetic_rule_physics_model
SCN03068,C052,Okra (bhindi),fresh_produce_veg,cool,S06,8.2,92.0,S09,24,13.0,1.0,5,90,0.2,6.0,0.99,59.8,50616.0,,M18,Micro-perforated LDPE (breathable),30,60000,30,14,good,Passive MAP - micro-perforated,4.0,2.0,94.0,,,Y,5,Y,0.75,0.0091,75,,,,,MAP window not reachable with single film at this temperature/pack; use tuned micro-perforation or ventilated pack,synthetic_rule_physics_model
SCN03069,C052,Okra (bhindi),fresh_produce_veg,cool,S06,12.9,94.0,S12,24,12.1,0.5,5,90,0.2,6.0,0.99,54.9,38972.0,,M18,Micro-perforated LDPE (breathable),30,60000,30,14,good,Passive MAP - micro-perforated,4.0,2.0,94.0,,,Y,6,Y,0.94,0.0114,75,,,,,MAP window not reachable with single film at this temperature/pack; use tuned micro-perforation or ventilated pack,synthetic_rule_physics_model
SCN03070,C052,Okra (bhindi),fresh_produce_veg,ambient,S01,21.8,53.0,S09,24,23.1,0.25,5,90,0.2,6.0,0.99,157.1,47408.0,,M18,Micro-perforated LDPE (breathable),30,60000,30,14,good,Passive MAP - micro-perforated,4.0,2.0,94.0,,,Y,2,N,1.18,0.0144,75,,,,,MAP window not reachable with single film at this temperature/pack; use tuned micro-perforation or ventilated pack,synthetic_rule_physics_model
SCN03071,C052,Okra (bhindi),fresh_produce_veg,cool,S06,9.4,89.0,S09,24,12.9,0.25,5,90,0.2,6.0,0.99,59.1,31897.0,,M18,Micro-perforated LDPE (breathable),30,60000,30,14,good,Passive MAP - micro-perforated,4.0,2.0,94.0,,,Y,5,Y,1.18,0.0144,75,,,,,MAP window not reachable with single film at this temperature/pack; use tuned micro-perforation or ventilated pack,synthetic_rule_physics_model
SCN03072,C052,Okra (bhindi),fresh_produce_veg,ambient,S01,27.6,60.0,S09,24,28.3,0.5,14,90,0.2,6.0,0.99,259.8,74219.0,,M18,Micro-perforated LDPE (breathable),30,60000,30,14,good,Passive MAP - micro-perforated,4.0,2.0,94.0,,,Y,1,N,0.94,0.0114,75,,,,,MAP window not reachable with single film at this temperature/pack; use tuned micro-perforation or ventilated pack,synthetic_rule_physics_model
SCN03073,C052,Okra (bhindi),fresh_produce_veg,cool,S06,13.6,94.0,S09,48,22.0,0.25,4,90,0.2,6.0,0.99,141.8,45394.0,,M18,Micro-perforated LDPE (breathable),30,60000,30,14,good,Passive MAP - micro-perforated,4.0,2.0,94.0,,,Y,2,N,1.18,0.0144,75,,,,,MAP window not reachable with single film at this temperature/pack; use tuned micro-perforation or ventilated pack,synthetic_rule_physics_model
SCN03074,C052,Okra (bhindi),fresh_produce_veg,ambient,S01,27.4,58.0,S09,48,28.5,0.5,7,90,0.2,6.0,0.99,264.7,74838.0,,M18,Micro-perforated LDPE (breathable),30,60000,30,14,good,Passive MAP - micro-perforated,4.0,2.0,94.0,,,Y,1,N,0.94,0.0114,75,,,,,MAP window not reachable with single film at this temperature/pack; use tuned micro-perforation or ventilated pack,synthetic_rule_physics_model
SCN03075,C052,Okra (bhindi),fresh_produce_veg,ambient,S01,22.5,42.0,S12,6,21.7,1.0,4,90,0.2,6.0,0.99,138.0,70908.0,,M18,Micro-perforated LDPE (breathable),30,60000,30,14,good,Passive MAP - micro-perforated,4.0,2.0,94.0,,,Y,2,N,0.75,0.0091,75,,,,,MAP window not reachable with single film at this temperature/pack; use tuned micro-perforation or ventilated pack,synthetic_rule_physics_model
SCN03076,C052,Okra (bhindi),fresh_produce_veg,ambient,S01,26.2,43.0,S09,6,26.7,0.25,7,90,0.2,6.0,0.99,221.2,54982.0,,M18,Micro-perforated LDPE (breathable),30,60000,30,14,good,Passive MAP - micro-perforated,4.0,2.0,94.0,,,Y,1,N,1.18,0.0144,75,,,,,MAP window not reachable with single film at this temperature/pack; use tuned micro-perforation or ventilated pack,synthetic_rule_physics_model
SCN03077,C052,Okra (bhindi),fresh_produce_veg,cool,S06,12.2,89.0,S12,24,12.0,0.25,7,90,0.2,6.0,0.99,54.5,30911.0,,M18,Micro-perforated LDPE (breathable),30,60000,30,14,good,Passive MAP - micro-perforated,4.0,2.0,94.0,,,Y,6,N,1.18,0.0144,75,,,,,MAP window not reachable with single film at this temperature/pack; use tuned micro-perforation or ventilated pack,synthetic_rule_physics_model
SCN03078,C052,Okra (bhindi),fresh_produce_veg,cool,S06,11.0,91.0,S12,24,10.9,0.25,10,90,0.2,6.0,0.99,48.9,29680.0,,M18,Micro-perforated LDPE (breathable),30,60000,30,14,good,Passive MAP - micro-perforated,4.0,2.0,94.0,,,Y,7,N,1.18,0.0144,75,,,,,MAP window not reachable with single film at this temperature/pack; use tuned micro-perforation or ventilated pack,synthetic_rule_physics_model
SCN03079,C052,Okra (bhindi),fresh_produce_veg,cool,S06,11.2,88.0,S12,24,11.0,1.0,10,90,0.2,6.0,0.99,49.5,47106.0,,M18,Micro-perforated LDPE (breathable),30,60000,30,14,good,Passive MAP - micro-perforated,4.0,2.0,94.0,,,Y,6,N,0.75,0.0091,75,,,,,MAP window not reachable with single film at this temperature/pack; use tuned micro-perforation or ventilated pack,synthetic_rule_physics_model
SCN03080,C052,Okra (bhindi),fresh_produce_veg,cool,S06,8.8,93.0,S12,24,9.0,2.0,14,90,0.2,6.0,0.99,40.8,55110.0,,M18,Micro-perforated LDPE (breathable),30,60000,30,14,good,Passive MAP - micro-perforated,4.0,2.0,94.0,,,Y,8,N,0.59,0.0072,75,,,,,MAP window not reachable with single film at this temperature/pack; use tuned micro-perforation or ventilated pack,synthetic_rule_physics_model
SCN03081,C052,Okra (bhindi),fresh_produce_veg,cool,S06,9.3,94.0,S09,48,17.4,2.0,4,90,0.2,6.0,0.99,91.3,75182.0,,M18,Micro-perforated LDPE (breathable),30,60000,30,14,good,Passive MAP - micro-perforated,4.0,2.0,94.0,,,Y,3,N,0.59,0.0072,75,,,,,MAP window not reachable with single film at this temperature/pack; use tuned micro-perforation or ventilated pack,synthetic_rule_physics_model
SCN03082,C052,Okra (bhindi),fresh_produce_veg,ambient,S02,30.0,77.0,S12,6,28.9,1.0,4,90,0.2,6.0,0.99,273.4,95446.0,,M18,Micro-perforated LDPE (breathable),30,60000,30,14,good,Passive MAP - micro-perforated,4.0,2.0,94.0,,,Y,1,N,0.75,0.0091,75,,,,,MAP window not reachable with single film at this temperature/pack; use tuned micro-perforation or ventilated pack,synthetic_rule_physics_model
SCN03083,C052,Okra (bhindi),fresh_produce_veg,cool,S06,8.0,91.0,S12,6,8.1,2.0,7,90,0.2,6.0,0.99,37.6,53472.0,,M18,Micro-perforated LDPE (breathable),30,60000,30,14,good,Passive MAP - micro-perforated,4.0,2.0,94.0,,,Y,8,Y,0.59,0.0072,75,,,,,MAP window not reachable with single film at this temperature/pack; use tuned micro-perforation or ventilated pack,synthetic_rule_physics_model
SCN03084,C052,Okra (bhindi),fresh_produce_veg,ambient,S02,33.6,86.0,S12,6,32.6,2.0,5,90,0.2,6.0,0.99,390.7,141130.0,,M18,Micro-perforated LDPE (breathable),30,60000,30,14,good,Passive MAP - micro-perforated,4.0,2.0,94.0,,,Y,1,N,0.59,0.0072,75,,,,,MAP window not reachable with single film at this temperature/pack; use tuned micro-perforation or ventilated pack,synthetic_rule_physics_model
SCN03085,C052,Okra (bhindi),fresh_produce_veg,cool,S06,11.2,91.0,S12,24,11.1,0.25,5,90,0.2,6.0,0.99,49.8,29866.0,,M18,Micro-perforated LDPE (breathable),30,60000,30,14,good,Passive MAP - micro-perforated,4.0,2.0,94.0,,,Y,6,Y,1.18,0.0144,75,,,,,MAP window not reachable with single film at this temperature/pack; use tuned micro-perforation or ventilated pack,synthetic_rule_physics_model
SCN03086,C052,Okra (bhindi),fresh_produce_veg,cool,S06,8.2,95.0,S12,24,8.3,1.0,14,90,0.2,6.0,0.99,38.4,42854.0,,M18,Micro-perforated LDPE (breathable),30,60000,30,14,good,Passive MAP - micro-perforated,4.0,2.0,94.0,,,Y,8,N,0.75,0.0091,75,,,,,MAP window not reachable with single film at this temperature/pack; use tuned micro-perforation or ventilated pack,synthetic_rule_physics_model
SCN03087,C052,Okra (bhindi),fresh_produce_veg,cool,S06,12.6,92.0,S09,6,13.0,1.0,14,90,0.2,6.0,0.99,60.2,50751.0,,M18,Micro-perforated LDPE (breathable),30,60000,30,14,good,Passive MAP - micro-perforated,4.0,2.0,94.0,,,Y,5,N,0.75,0.0091,75,,,,,MAP window not reachable with single film at this temperature/pack; use tuned micro-perforation or ventilated pack,synthetic_rule_physics_model
SCN03088,C052,Okra (bhindi),fresh_produce_veg,cool,S06,13.4,90.0,S09,24,14.6,0.25,10,90,0.2,6.0,0.99,69.8,34014.0,,M18,Micro-perforated LDPE (breathable),30,60000,30,14,good,Passive MAP - micro-perforated,4.0,2.0,94.0,,,Y,4,N,1.18,0.0144,75,,,,,MAP window not reachable with single film at this temperature/pack; use tuned micro-perforation or ventilated pack,synthetic_rule_physics_model
SCN03089,C052,Okra (bhindi),fresh_produce_veg,cool,S06,13.7,94.0,S12,6,13.7,1.0,14,90,0.2,6.0,0.99,63.9,51920.0,,M18,Micro-perforated LDPE (breathable),30,60000,30,14,good,Passive MAP - micro-perforated,4.0,2.0,94.0,,,Y,5,N,0.75,0.0091,75,,,,,MAP window not reachable with single film at this temperature/pack; use tuned micro-perforation or ventilated pack,synthetic_rule_physics_model
SCN03090,C052,Okra (bhindi),fresh_produce_veg,ambient,S01,29.8,63.0,S12,6,29.3,0.25,10,90,0.2,6.0,0.99,283.5,61395.0,,M18,Micro-perforated LDPE (breathable),30,60000,30,14,good,Passive MAP - micro-perforated,4.0,2.0,94.0,,,Y,1,N,1.18,0.0144,75,,,,,MAP window not reachable with single film at this temperature/pack; use tuned micro-perforation or ventilated pack,synthetic_rule_physics_model
SCN03091,C052,Okra (bhindi),fresh_produce_veg,ambient,S01,31.9,47.0,S12,24,29.3,1.0,7,90,0.2,6.0,0.99,284.2,97115.0,,M18,Micro-perforated LDPE (breathable),30,60000,30,14,good,Passive MAP - micro-perforated,4.0,2.0,94.0,,,Y,1,N,0.75,0.0091,75,,,,,MAP window not reachable with single film at this temperature/pack; use tuned micro-perforation or ventilated pack,synthetic_rule_physics_model
SCN03092,C052,Okra (bhindi),fresh_produce_veg,cool,S06,13.8,90.0,S09,6,14.7,1.0,5,90,0.2,6.0,0.99,70.8,54059.0,,M18,Micro-perforated LDPE (breathable),30,60000,30,14,good,Passive MAP - micro-perforated,4.0,2.0,94.0,,,Y,4,N,0.75,0.0091,75,,,,,MAP window not reachable with single film at this temperature/pack; use tuned micro-perforation or ventilated pack,synthetic_rule_physics_model
SCN03093,C052,Okra (bhindi),fresh_produce_veg,cool,S06,11.4,91.0,S12,48,10.9,0.5,5,90,0.2,6.0,0.99,48.8,37278.0,,M18,Micro-perforated LDPE (breathable),30,60000,30,14,good,Passive MAP - micro-perforated,4.0,2.0,94.0,,,Y,7,Y,0.94,0.0114,75,,,,,MAP window not reachable with single film at this temperature/pack; use tuned micro-perforation or ventilated pack,synthetic_rule_physics_model
SCN03094,C052,Okra (bhindi),fresh_produce_veg,ambient,S02,31.8,89.0,S09,6,32.1,1.0,5,90,0.2,6.0,0.99,372.4,109817.0,,M18,Micro-perforated LDPE (breathable),30,60000,30,14,good,Passive MAP - micro-perforated,4.0,2.0,94.0,,,Y,1,N,0.75,0.0091,75,,,,,MAP window not reachable with single film at this temperature/pack; use tuned micro-perforation or ventilated pack,synthetic_rule_physics_model
SCN03095,C052,Okra (bhindi),fresh_produce_veg,cool,S06,12.2,92.0,S12,48,12.0,1.0,5,90,0.2,6.0,0.99,54.5,48847.0,,M18,Micro-perforated LDPE (breathable),30,60000,30,14,good,Passive MAP - micro-perforated,4.0,2.0,94.0,,,Y,5,Y,0.75,0.0091,75,,,,,MAP window not reachable with single film at this temperature/pack; use tuned micro-perforation or ventilated pack,synthetic_rule_physics_model
SCN03096,C052,Okra (bhindi),fresh_produce_veg,cool,S06,8.7,93.0,S12,24,9.7,0.5,4,90,0.2,6.0,0.99,43.9,35837.0,,M18,Micro-perforated LDPE (breathable),30,60000,30,14,good,Passive MAP - micro-perforated,4.0,2.0,94.0,,,Y,7,Y,0.94,0.0114,75,,,,,MAP window not reachable with single film at this temperature/pack; use tuned micro-perforation or ventilated pack,synthetic_rule_physics_model
SCN03097,C052,Okra (bhindi),fresh_produce_veg,cool,S06,10.6,94.0,S12,48,10.7,0.5,5,90,0.2,6.0,0.99,48.2,37109.0,,M18,Micro-perforated LDPE (breathable),30,60000,30,14,good,Passive MAP - micro-perforated,4.0,2.0,94.0,,,Y,7,Y,0.94,0.0114,75,,,,,MAP window not reachable with single film at this temperature/pack; use tuned micro-perforation or ventilated pack,synthetic_rule_physics_model
SCN03098,C052,Okra (bhindi),fresh_produce_veg,ambient,S01,29.9,61.0,S12,6,29.5,0.5,14,90,0.2,6.0,0.99,290.5,78027.0,,M18,Micro-perforated LDPE (breathable),30,60000,30,14,good,Passive MAP - micro-perforated,4.0,2.0,94.0,,,Y,1,N,0.94,0.0114,75,,,,,MAP window not reachable with single film at this temperature/pack; use tuned micro-perforation or ventilated pack,synthetic_rule_physics_model
SCN03099,C052,Okra (bhindi),fresh_produce_veg,cool,S06,10.7,89.0,S12,48,11.6,0.5,7,90,0.2,6.0,0.99,52.6,38351.0,,M18,Micro-perforated LDPE (breathable),30,60000,30,14,good,Passive MAP - micro-perforated,4.0,2.0,94.0,,,Y,6,N,0.94,0.0114,75,,,,,MAP window not reachable with single film at this temperature/pack; use tuned micro-perforation or ventilated pack,synthetic_rule_physics_model
SCN03100,C052,Okra (bhindi),fresh_produce_veg,cool,S06,8.7,93.0,S09,6,9.3,0.25,10,90,0.2,6.0,0.99,42.2,28079.0,,M18,Micro-perforated LDPE (breathable),30,60000,30,14,good,Passive MAP - micro-perforated,4.0,2.0,94.0,,,Y,7,N,1.18,0.0144,75,,,,,MAP window not reachable with single film at this temperature/pack; use tuned micro-perforation or ventilated pack,synthetic_rule_physics_model
SCN03101,C052,Okra (bhindi),fresh_produce_veg,cool,S06,13.2,94.0,S12,6,13.1,0.25,10,90,0.2,6.0,0.99,60.7,32208.0,,M18,Micro-perforated LDPE (breathable),30,60000,30,14,good,Passive MAP - micro-perforated,4.0,2.0,94.0,,,Y,5,N,1.18,0.0144,75,,,,,MAP window not reachable with single film at this temperature/pack; use tuned micro-perforation or ventilated pack,synthetic_rule_physics_model
SCN03102,C052,Okra (bhindi),fresh_produce_veg,cool,S06,10.4,94.0,S12,24,10.2,1.0,7,90,0.2,6.0,0.99,45.8,45747.0,,M18,Micro-perforated LDPE (breathable),30,60000,30,14,good,Passive MAP - micro-perforated,4.0,2.0,94.0,,,Y,7,Y,0.75,0.0091,75,,,,,MAP window not reachable with single film at this temperature/pack; use tuned micro-perforation or ventilated pack,synthetic_rule_physics_model
SCN03103,C052,Okra (bhindi),fresh_produce_veg,cool,S06,12.2,91.0,S12,24,11.8,1.0,7,90,0.2,6.0,0.99,53.6,48525.0,,M18,Micro-perforated LDPE (breathable),30,60000,30,14,good,Passive MAP - micro-perforated,4.0,2.0,94.0,,,Y,6,N,0.75,0.0091,75,,,,,MAP window not reachable with single film at this temperature/pack; use tuned micro-perforation or ventilated pack,synthetic_rule_physics_model
SCN03104,C052,Okra (bhindi),fresh_produce_veg,cool,S06,13.2,92.0,S12,48,12.7,2.0,4,90,0.2,6.0,0.99,58.4,63059.0,,M18,Micro-perforated LDPE (breathable),30,60000,30,14,good,Passive MAP - micro-perforated,4.0,2.0,94.0,,,Y,5,Y,0.59,0.0072,75,,,,,MAP window not reachable with single film at this temperature/pack; use tuned micro-perforation or ventilated pack,synthetic_rule_physics_model
SCN03105,C052,Okra (bhindi),fresh_produce_veg,ambient,S02,32.7,78.0,S12,6,31.9,0.25,7,90,0.2,6.0,0.99,365.2,68887.0,,M18,Micro-perforated LDPE (breathable),30,60000,30,14,good,Passive MAP - micro-perforated,4.0,2.0,94.0,,,Y,1,N,1.18,0.0144,75,,,,,MAP window not reachable with single film at this temperature/pack; use tuned micro-perforation or ventilated pack,synthetic_rule_physics_model
SCN03106,C052,Okra (bhindi),fresh_produce_veg,cool,S06,9.0,95.0,S12,6,9.2,0.25,4,90,0.2,6.0,0.99,41.8,27988.0,,M18,Micro-perforated LDPE (breathable),30,60000,30,14,good,Passive MAP - micro-perforated,4.0,2.0,94.0,,,Y,8,Y,1.18,0.0144,75,,,,,MAP window not reachable with single film at this temperature/pack; use tuned micro-perforation or ventilated pack,synthetic_rule_physics_model
SCN03107,C052,Okra (bhindi),fresh_produce_veg,cool,S06,13.1,91.0,S12,6,13.1,0.25,5,90,0.2,6.0,0.99,60.3,32131.0,,M18,Micro-perforated LDPE (breathable),30,60000,30,14,good,Passive MAP - micro-perforated,4.0,2.0,94.0,,,Y,5,Y,1.18,0.0144,75,,,,,MAP window not reachable with single film at this temperature/pack; use tuned micro-perforation or ventilated pack,synthetic_rule_physics_model
SCN03108,C052,Okra (bhindi),fresh_produce_veg,ambient,S02,28.0,88.0,S12,24,26.6,0.5,14,90,0.2,6.0,0.99,220.7,69043.0,,M18,Micro-perforated LDPE (breathable),30,60000,30,14,good,Passive MAP - micro-perforated,4.0,2.0,94.0,,,Y,1,N,0.94,0.0114,75,,,,,MAP window not reachable with single film at this temperature/pack; use tuned micro-perforation or ventilated pack,synthetic_rule_physics_model
SCN03109,C052,Okra (bhindi),fresh_produce_veg,cool,S06,8.3,93.0,S09,6,9.1,2.0,10,90,0.2,6.0,0.99,41.3,55367.0,,M18,Micro-perforated LDPE (breathable),30,60000,30,14,good,Passive MAP - micro-perforated,4.0,2.0,94.0,,,Y,7,N,0.59,0.0072,75,,,,,MAP window not reachable with single film at this temperature/pack; use tuned micro-perforation or ventilated pack,synthetic_rule_physics_model
SCN03110,C052,Okra (bhindi),fresh_produce_veg,cool,S06,13.6,89.0,S12,48,12.8,0.25,10,90,0.2,6.0,0.99,58.7,31814.0,,M18,Micro-perforated LDPE (breathable),30,60000,30,14,good,Passive MAP - micro-perforated,4.0,2.0,94.0,,,Y,6,N,1.18,0.0144,75,,,,,MAP window not reachable with single film at this temperature/pack; use tuned micro-perforation or ventilated pack,synthetic_rule_physics_model
SCN03111,C052,Okra (bhindi),fresh_produce_veg,ambient,S02,30.0,95.0,S09,6,30.2,1.0,10,90,0.2,6.0,0.99,311.1,101169.0,,M18,Micro-perforated LDPE (breathable),30,60000,30,14,good,Passive MAP - micro-perforated,4.0,2.0,94.0,,,Y,1,N,0.75,0.0091,75,,,,,MAP window not reachable with single film at this temperature/pack; use tuned micro-perforation or ventilated pack,synthetic_rule_physics_model
SCN03112,C052,Okra (bhindi),fresh_produce_veg,cool,S06,8.8,89.0,S09,24,15.1,0.5,4,90,0.2,6.0,0.99,73.6,43649.0,,M18,Micro-perforated LDPE (breathable),30,60000,30,14,good,Passive MAP - micro-perforated,4.0,2.0,94.0,,,Y,4,Y,0.94,0.0114,75,,,,,MAP window not reachable with single film at this temperature/pack; use tuned micro-perforation or ventilated pack,synthetic_rule_physics_model
SCN03113,C052,Okra (bhindi),fresh_produce_veg,ambient,S01,24.8,47.0,S12,6,23.7,0.5,4,90,0.2,6.0,0.99,167.4,61232.0,,M18,Micro-perforated LDPE (breathable),30,60000,30,14,good,Passive MAP - micro-perforated,4.0,2.0,94.0,,,Y,2,N,0.94,0.0114,75,,,,,MAP window not reachable with single film at this temperature/pack; use tuned micro-perforation or ventilated pack,synthetic_rule_physics_model
SCN03114,C052,Okra (bhindi),fresh_produce_veg,cool,S06,9.6,89.0,S12,6,9.6,2.0,14,90,0.2,6.0,0.99,43.3,56342.0,,M18,Micro-perforated LDPE (breathable),30,60000,30,14,good,Passive MAP - micro-perforated,4.0,2.0,94.0,,,Y,7,N,0.59,0.0072,75,,,,,MAP window not reachable with single film at this temperature/pack; use tuned micro-perforation or ventilated pack,synthetic_rule_physics_model
SCN03115,C052,Okra (bhindi),fresh_produce_veg,cool,S06,10.5,91.0,S12,48,11.5,0.5,5,90,0.2,6.0,0.99,51.9,38152.0,,M18,Micro-perforated LDPE (breathable),30,60000,30,14,good,Passive MAP - micro-perforated,4.0,2.0,94.0,,,Y,6,Y,0.94,0.0114,75,,,,,MAP window not reachable with single film at this temperature/pack; use tuned micro-perforation or ventilated pack,synthetic_rule_physics_model
SCN03116,C052,Okra (bhindi),fresh_produce_veg,ambient,S01,28.6,58.0,S12,6,28.3,0.5,14,90,0.2,6.0,0.99,258.4,74046.0,,M18,Micro-perforated LDPE (breathable),30,60000,30,14,good,Passive MAP - micro-perforated,4.0,2.0,94.0,,,Y,1,N,0.94,0.0114,75,,,,,MAP window not reachable with single film at this temperature/pack; use tuned micro-perforation or ventilated pack,synthetic_rule_physics_model
SCN03117,C052,Okra (bhindi),fresh_produce_veg,cool,S06,10.7,89.0,S12,24,10.8,2.0,14,90,0.2,6.0,0.99,48.5,58763.0,,M18,Micro-perforated LDPE (breathable),30,60000,30,14,good,Passive MAP - micro-perforated,4.0,2.0,94.0,,,Y,6,N,0.59,0.0072,75,,,,,MAP window not reachable with single film at this temperature/pack; use tuned micro-perforation or ventilated pack,synthetic_rule_physics_model
SCN03118,C052,Okra (bhindi),fresh_produce_veg,cool,S06,11.7,90.0,S09,48,23.4,1.0,5,90,0.2,6.0,0.99,162.1,75931.0,,M18,Micro-perforated LDPE (breathable),30,60000,30,14,good,Passive MAP - micro-perforated,4.0,2.0,94.0,,,Y,2,N,0.75,0.0091,75,,,,,MAP window not reachable with single film at this temperature/pack; use tuned micro-perforation or ventilated pack,synthetic_rule_physics_model
SCN03119,C052,Okra (bhindi),fresh_produce_veg,cool,S06,11.1,93.0,S12,24,11.3,2.0,14,90,0.2,6.0,0.99,50.9,59840.0,,M18,Micro-perforated LDPE (breathable),30,60000,30,14,good,Passive MAP - micro-perforated,4.0,2.0,94.0,,,Y,6,N,0.59,0.0072,75,,,,,MAP window not reachable with single film at this temperature/pack; use tuned micro-perforation or ventilated pack,synthetic_rule_physics_model
SCN03120,C052,Okra (bhindi),fresh_produce_veg,cool,S06,13.2,94.0,S12,6,13.2,0.5,5,90,0.2,6.0,0.99,61.1,40608.0,,M18,Micro-perforated LDPE (breathable),30,60000,30,14,good,Passive MAP - micro-perforated,4.0,2.0,94.0,,,Y,5,Y,0.94,0.0114,75,,,,,MAP window not reachable with single film at this temperature/pack; use tuned micro-perforation or ventilated pack,synthetic_rule_physics_model
SCN03121,C053,Button mushroom,fresh_produce_veg,ambient,S01,20.3,54.0,S10,48,14.9,1.0,5,92,0.3,6.5,0.99,205.5,155780.0,,M18,Micro-perforated LDPE (breathable),30,60000,30,14,good,Passive MAP - micro-perforated,4.0,7.5,88.5,,,Y,1,N,0.75,0.0091,75,,,,,MAP window not reachable with single film at this temperature/pack; use tuned micro-perforation or ventilated pack,synthetic_rule_physics_model
SCN03122,C053,Button mushroom,fresh_produce_veg,ambient,S01,29.4,41.0,S10,48,22.8,0.5,8,92,0.3,6.5,0.99,492.0,189456.0,,M18,Micro-perforated LDPE (breathable),30,60000,30,14,good,Passive MAP - micro-perforated,4.0,7.5,88.5,,,Y,1,N,0.94,0.0114,75,,,,,MAP window not reachable with single film at this temperature/pack; use tuned micro-perforation or ventilated pack,synthetic_rule_physics_model
SCN03123,C053,Button mushroom,fresh_produce_veg,chilled,S04,1.4,86.0,S10,6,1.6,1.0,8,92,0.3,6.5,0.99,47.6,81095.0,,M18,Micro-perforated LDPE (breathable),30,60000,30,14,good,Passive MAP - micro-perforated,4.0,7.5,88.5,,,Y,5,N,0.75,0.0091,75,,,,,MAP window not reachable with single film at this temperature/pack; use tuned micro-perforation or ventilated pack,synthetic_rule_physics_model
SCN03124,C053,Button mushroom,fresh_produce_veg,chilled,S04,0.5,87.0,S10,6,0.6,0.25,4,92,0.3,6.5,0.99,43.0,49191.0,,M18,Micro-perforated LDPE (breathable),30,60000,30,14,good,Passive MAP - micro-perforated,4.0,7.5,88.5,,,Y,6,Y,1.18,0.0144,75,,,,,MAP window not reachable with single film at this temperature/pack; use tuned micro-perforation or ventilated pack,synthetic_rule_physics_model
SCN03125,C053,Button mushroom,fresh_produce_veg,chilled,S04,3.2,87.0,S10,6,3.3,2.0,8,92,0.3,6.5,0.99,57.4,110276.0,,M18,Micro-perforated LDPE (breathable),30,60000,30,14,good,Passive MAP - micro-perforated,4.0,7.5,88.5,,,Y,4,N,0.59,0.0072,75,,,,,MAP window not reachable with single film at this temperature/pack; use tuned micro-perforation or ventilated pack,synthetic_rule_physics_model
SCN03126,C053,Button mushroom,fresh_produce_veg,ambient,S01,31.6,60.0,S10,24,29.1,2.0,10,92,0.3,6.5,0.99,986.3,426930.0,,M18,Micro-perforated LDPE (breathable),30,60000,30,14,good,Passive MAP - micro-perforated,4.0,7.5,88.5,,,Y,1,N,0.59,0.0072,75,,,,,MAP window not reachable with single film at this temperature/pack; use tuned micro-perforation or ventilated pack,synthetic_rule_physics_model
SCN03127,C053,Button mushroom,fresh_produce_veg,ambient,S02,34.5,80.0,S10,24,22.9,0.25,2,92,0.3,6.5,0.99,496.8,151445.0,,M18,Micro-perforated LDPE (breathable),30,60000,30,14,good,Passive MAP - micro-perforated,4.0,7.5,88.5,,,Y,1,N,1.18,0.0144,75,,,,,MAP window not reachable with single film at this temperature/pack; use tuned micro-perforation or ventilated pack,synthetic_rule_physics_model
SCN03128,C053,Button mushroom,fresh_produce_veg,ambient,S01,31.9,64.0,S10,24,24.3,2.0,4,92,0.3,6.5,0.99,581.0,325432.0,,M18,Micro-perforated LDPE (breathable),30,60000,30,14,good,Passive MAP - micro-perforated,4.0,7.5,88.5,,,Y,1,N,0.59,0.0072,75,,,,,MAP window not reachable with single film at this temperature/pack; use tuned micro-perforation or ventilated pack,synthetic_rule_physics_model
SCN03129,C053,Button mushroom,fresh_produce_veg,ambient,S02,28.8,78.0,S09,6,28.9,0.5,4,92,0.3,6.5,0.99,960.7,266522.0,,M18,Micro-perforated LDPE (breathable),30,60000,30,14,good,Passive MAP - micro-perforated,4.0,7.5,88.5,,,Y,1,N,0.94,0.0114,75,,,,,MAP window not reachable with single film at this temperature/pack; use tuned micro-perforation or ventilated pack,synthetic_rule_physics_model
SCN03130,C053,Button mushroom,fresh_produce_veg,chilled,S04,0.1,85.0,S10,6,0.1,0.5,10,92,0.3,6.5,0.99,40.6,60363.0,,M18,Micro-perforated LDPE (breathable),30,60000,30,14,good,Passive MAP - micro-perforated,4.0,7.5,88.5,,,Y,6,N,0.94,0.0114,75,,,,,MAP window not reachable with single film at this temperature/pack; use tuned micro-perforation or ventilated pack,synthetic_rule_physics_model
SCN03131,C053,Button mushroom,fresh_produce_veg,chilled,S05,5.6,74.0,S09,24,19.2,0.25,2,92,0.3,6.5,0.99,331.3,123972.0,,M18,Micro-perforated LDPE (breathable),30,60000,30,14,good,Passive MAP - micro-perforated,4.0,7.5,88.5,,,Y,1,N,1.18,0.0144,75,,,,,MAP window not reachable with single film at this temperature/pack; use tuned micro-perforation or ventilated pack,synthetic_rule_physics_model
SCN03132,C053,Button mushroom,fresh_produce_veg,ambient,S01,26.3,45.0,S10,24,21.7,2.0,5,92,0.3,6.5,0.99,436.1,281890.0,,M18,Micro-perforated LDPE (breathable),30,60000,30,14,good,Passive MAP - micro-perforated,4.0,7.5,88.5,,,Y,1,N,0.59,0.0072,75,,,,,MAP window not reachable with single film at this temperature/pack; use tuned micro-perforation or ventilated pack,synthetic_rule_physics_model
SCN03133,C053,Button mushroom,fresh_produce_veg,chilled,S04,0.5,86.0,S10,48,0.4,1.0,4,92,0.3,6.5,0.99,41.9,76874.0,,M18,Micro-perforated LDPE (breathable),30,60000,30,14,good,Passive MAP - micro-perforated,4.0,7.5,88.5,,,Y,6,Y,0.75,0.0091,75,,,,,MAP window not reachable with single film at this temperature/pack; use tuned micro-perforation or ventilated pack,synthetic_rule_physics_model
SCN03134,C053,Button mushroom,fresh_produce_veg,chilled,S04,3.3,86.0,S10,48,2.5,2.0,4,92,0.3,6.5,0.99,52.8,106497.0,,M18,Micro-perforated LDPE (breathable),30,60000,30,14,good,Passive MAP - micro-perforated,4.0,7.5,88.5,,,Y,5,Y,0.59,0.0072,75,,,,,MAP window not reachable with single film at this temperature/pack; use tuned micro-perforation or ventilated pack,synthetic_rule_physics_model
SCN03135,C053,Button mushroom,fresh_produce_veg,chilled,S05,6.7,77.0,S10,6,6.6,0.25,5,92,0.3,6.5,0.99,82.9,65142.0,,M18,Micro-perforated LDPE (breathable),30,60000,30,14,good,Passive MAP - micro-perforated,4.0,7.5,88.5,,,Y,3,N,1.18,0.0144,75,,,,,MAP window not reachable with single film at this temperature/pack; use tuned micro-perforation or ventilated pack,synthetic_rule_physics_model
SCN03136,C053,Button mushroom,fresh_produce_veg,chilled,S04,0.5,88.0,S10,24,0.9,0.5,4,92,0.3,6.5,0.99,44.1,62464.0,,M18,Micro-perforated LDPE (breathable),30,60000,30,14,good,Passive MAP - micro-perforated,4.0,7.5,88.5,,,Y,6,Y,0.94,0.0114,75,,,,,MAP window not reachable with single film at this temperature/pack; use tuned micro-perforation or ventilated pack,synthetic_rule_physics_model
SCN03137,C053,Button mushroom,fresh_produce_veg,chilled,S04,0.8,85.0,S10,6,0.9,1.0,2,92,0.3,6.5,0.99,44.1,78544.0,,M18,Micro-perforated LDPE (breathable),30,60000,30,14,good,Passive MAP - micro-perforated,4.0,7.5,88.5,,,Y,6,Y,0.75,0.0091,75,,,,,MAP window not reachable with single film at this temperature/pack; use tuned micro-perforation or ventilated pack,synthetic_rule_physics_model
SCN03138,C053,Button mushroom,fresh_produce_veg,ambient,S01,26.3,40.0,S09,6,26.8,0.5,5,92,0.3,6.5,0.99,766.6,237193.0,,M18,Micro-perforated LDPE (breathable),30,60000,30,14,good,Passive MAP - micro-perforated,4.0,7.5,88.5,,,Y,1,N,0.94,0.0114,75,,,,,MAP window not reachable with single film at this temperature/pack; use tuned micro-perforation or ventilated pack,synthetic_rule_physics_model
SCN03139,C053,Button mushroom,fresh_produce_veg,chilled,S04,0.5,89.0,S10,6,0.6,0.25,10,92,0.3,6.5,0.99,43.0,49152.0,,M18,Micro-perforated LDPE (breathable),30,60000,30,14,good,Passive MAP - micro-perforated,4.0,7.5,88.5,,,Y,6,N,1.18,0.0144,75,,,,,MAP window not reachable with single film at this temperature/pack; use tuned micro-perforation or ventilated pack,synthetic_rule_physics_model
SCN03140,C053,Button mushroom,fresh_produce_veg,ambient,S02,33.7,79.0,S10,24,31.0,2.0,10,92,0.3,6.5,0.99,1213.3,475858.0,,M18,Micro-perforated LDPE (breathable),30,60000,30,14,good,Passive MAP - micro-perforated,4.0,7.5,88.5,,,Y,1,N,0.59,0.0072,75,,,,,MAP window not reachable with single film at this temperature/pack; use tuned micro-perforation or ventilated pack,synthetic_rule_physics_model
SCN03141,C053,Button mushroom,fresh_produce_veg,ambient,S01,20.1,45.0,S10,6,18.0,1.0,2,92,0.3,6.5,0.99,289.1,183336.0,,M18,Micro-perforated LDPE (breathable),30,60000,30,14,good,Passive MAP - micro-perforated,4.0,7.5,88.5,,,Y,1,N,0.75,0.0091,75,,,,,MAP window not reachable with single film at this temperature/pack; use tuned micro-perforation or ventilated pack,synthetic_rule_physics_model
SCN03142,C053,Button mushroom,fresh_produce_veg,chilled,S04,1.7,88.0,S10,48,1.1,1.0,5,92,0.3,6.5,0.99,45.5,79561.0,,M18,Micro-perforated LDPE (breathable),30,60000,30,14,good,Passive MAP - micro-perforated,4.0,7.5,88.5,,,Y,6,Y,0.75,0.0091,75,,,,,MAP window not reachable with single film at this temperature/pack; use tuned micro-perforation or ventilated pack,synthetic_rule_physics_model
SCN03143,C053,Button mushroom,fresh_produce_veg,chilled,S04,2.6,90.0,S10,48,3.4,2.0,4,92,0.3,6.5,0.99,58.5,111213.0,,M18,Micro-perforated LDPE (breathable),30,60000,30,14,good,Passive MAP - micro-perforated,4.0,7.5,88.5,,,Y,4,Y,0.59,0.0072,75,,,,,MAP window not reachable with single film at this temperature/pack; use tuned micro-perforation or ventilated pack,synthetic_rule_physics_model
SCN03144,C053,Button mushroom,fresh_produce_veg,chilled,S04,0.5,86.0,S10,24,0.7,0.25,10,92,0.3,6.5,0.99,43.4,49385.0,,M18,Micro-perforated LDPE (breathable),30,60000,30,14,good,Passive MAP - micro-perforated,4.0,7.5,88.5,,,Y,5,N,1.18,0.0144,75,,,,,MAP window not reachable with single film at this temperature/pack; use tuned micro-perforation or ventilated pack,synthetic_rule_physics_model
SCN03145,C053,Button mushroom,fresh_produce_veg,chilled,S04,2.9,93.0,S10,6,3.1,1.0,5,92,0.3,6.5,0.99,56.5,87161.0,,M18,Micro-perforated LDPE (breathable),30,60000,30,14,good,Passive MAP - micro-perforated,4.0,7.5,88.5,,,Y,4,N,0.75,0.0091,75,,,,,MAP window not reachable with single film at this temperature/pack; use tuned micro-perforation or ventilated pack,synthetic_rule_physics_model
SCN03146,C053,Button mushroom,fresh_produce_veg,ambient,S01,28.4,43.0,S09,48,30.8,0.25,5,92,0.3,6.5,0.99,1179.6,236059.0,,M18,Micro-perforated LDPE (breathable),30,60000,30,14,good,Passive MAP - micro-perforated,4.0,7.5,88.5,,,Y,1,N,1.18,0.0144,75,,,,,MAP window not reachable with single film at this temperature/pack; use tuned micro-perforation or ventilated pack,synthetic_rule_physics_model
SCN03147,C053,Button mushroom,fresh_produce_veg,chilled,S04,1.8,88.0,S10,24,1.9,0.25,5,92,0.3,6.5,0.99,49.2,52036.0,,M18,Micro-perforated LDPE (breathable),30,60000,30,14,good,Passive MAP - micro-perforated,4.0,7.5,88.5,,,Y,5,Y,1.18,0.0144,75,,,,,MAP window not reachable with single film at this temperature/pack; use tuned micro-perforation or ventilated pack,synthetic_rule_physics_model
SCN03148,C053,Button mushroom,fresh_produce_veg,ambient,S02,29.4,82.0,S09,6,29.3,1.0,2,92,0.3,6.5,0.99,999.9,342076.0,,M18,Micro-perforated LDPE (breathable),30,60000,30,14,good,Passive MAP - micro-perforated,4.0,7.5,88.5,,,Y,1,N,0.75,0.0091,75,,,,,MAP window not reachable with single film at this temperature/pack; use tuned micro-perforation or ventilated pack,synthetic_rule_physics_model
SCN03149,C053,Button mushroom,fresh_produce_veg,ambient,S01,29.8,48.0,S10,48,24.0,2.0,8,92,0.3,6.5,0.99,562.0,320024.0,,M18,Micro-perforated LDPE (breathable),30,60000,30,14,good,Passive MAP - micro-perforated,4.0,7.5,88.5,,,Y,1,N,0.59,0.0072,75,,,,,MAP window not reachable with single film at this temperature/pack; use tuned micro-perforation or ventilated pack,synthetic_rule_physics_model
SCN03150,C053,Button mushroom,fresh_produce_veg,chilled,S05,5.7,78.0,S10,48,6.1,1.0,10,92,0.3,6.5,0.99,78.7,100581.0,,M18,Micro-perforated LDPE (breathable),30,60000,30,14,good,Passive MAP - micro-perforated,4.0,7.5,88.5,,,Y,3,N,0.75,0.0091,75,,,,,MAP window not reachable with single film at this temperature/pack; use tuned micro-perforation or ventilated pack,synthetic_rule_physics_model
SCN03151,C053,Button mushroom,fresh_produce_veg,chilled,S04,3.9,93.0,S10,24,4.1,0.25,10,92,0.3,6.5,0.99,63.0,57810.0,,M18,Micro-perforated LDPE (breathable),30,60000,30,14,good,Passive MAP - micro-perforated,4.0,7.5,88.5,,,Y,4,N,1.18,0.0144,75,,,,,MAP window not reachable with single film at this temperature/pack; use tuned micro-perforation or ventilated pack,synthetic_rule_physics_model
SCN03152,C053,Button mushroom,fresh_produce_veg,chilled,S04,2.2,86.0,S09,48,17.0,0.5,4,92,0.3,6.5,0.99,260.9,138838.0,,M18,Micro-perforated LDPE (breathable),30,60000,30,14,good,Passive MAP - micro-perforated,4.0,7.5,88.5,,,Y,1,N,0.94,0.0114,75,,,,,MAP window not reachable with single film at this temperature/pack; use tuned micro-perforation or ventilated pack,synthetic_rule_physics_model
SCN03153,C053,Button mushroom,fresh_produce_veg,ambient,S02,30.6,89.0,S10,24,20.7,0.5,2,92,0.3,6.5,0.99,390.8,168974.0,,M18,Micro-perforated LDPE (breathable),30,60000,30,14,good,Passive MAP - micro-perforated,4.0,7.5,88.5,,,Y,1,N,0.94,0.0114,75,,,,,MAP window not reachable with single film at this temperature/pack; use tuned micro-perforation or ventilated pack,synthetic_rule_physics_model
SCN03154,C053,Button mushroom,fresh_produce_veg,ambient,S01,24.2,50.0,S10,48,16.1,0.25,2,92,0.3,6.5,0.99,236.0,105272.0,,M18,Micro-perforated LDPE (breathable),30,60000,30,14,good,Passive MAP - micro-perforated,4.0,7.5,88.5,,,Y,1,N,1.18,0.0144,75,,,,,MAP window not reachable with single film at this temperature/pack; use tuned micro-perforation or ventilated pack,synthetic_rule_physics_model
SCN03155,C053,Button mushroom,fresh_produce_veg,chilled,S05,5.7,70.0,S10,24,5.0,2.0,4,92,0.3,6.5,0.99,69.3,119609.0,,M18,Micro-perforated LDPE (breathable),30,60000,30,14,good,Passive MAP - micro-perforated,4.0,7.5,88.5,,,Y,4,Y,0.59,0.0072,75,,,,,MAP window not reachable with single film at this temperature/pack; use tuned micro-perforation or ventilated pack,synthetic_rule_physics_model
SCN03156,C053,Button mushroom,fresh_produce_veg,ambient,S02,30.6,92.0,S10,48,26.1,0.25,10,92,0.3,6.5,0.99,704.2,180668.0,,M18,Micro-perforated LDPE (breathable),30,60000,30,14,good,Passive MAP - micro-perforated,4.0,7.5,88.5,,,Y,1,N,1.18,0.0144,75,,,,,MAP window not reachable with single film at this temperature/pack; use tuned micro-perforation or ventilated pack,synthetic_rule_physics_model
SCN03157,C053,Button mushroom,fresh_produce_veg,ambient,S02,32.6,93.0,S10,6,30.9,1.0,4,92,0.3,6.5,0.99,1197.2,375912.0,,M18,Micro-perforated LDPE (breathable),30,60000,30,14,good,Passive MAP - micro-perforated,4.0,7.5,88.5,,,Y,1,N,0.75,0.0091,75,,,,,MAP window not reachable with single film at this temperature/pack; use tuned micro-perforation or ventilated pack,synthetic_rule_physics_model
SCN03158,C053,Button mushroom,fresh_produce_veg,chilled,S04,0.8,89.0,S10,48,3.0,0.25,2,92,0.3,6.5,0.99,55.7,54819.0,,M18,Micro-perforated LDPE (breathable),30,60000,30,14,good,Passive MAP - micro-perforated,4.0,7.5,88.5,,,Y,4,Y,1.18,0.0144,75,,,,,MAP window not reachable with single film at this temperature/pack; use tuned micro-perforation or ventilated pack,synthetic_rule_physics_model
SCN03159,C053,Button mushroom,fresh_produce_veg,ambient,S01,20.8,57.0,S10,48,15.3,0.5,2,92,0.3,6.5,0.99,216.7,127065.0,,M18,Micro-perforated LDPE (breathable),30,60000,30,14,good,Passive MAP - micro-perforated,4.0,7.5,88.5,,,Y,1,N,0.94,0.0114,75,,,,,MAP window not reachable with single film at this temperature/pack; use tuned micro-perforation or ventilated pack,synthetic_rule_physics_model
SCN03160,C053,Button mushroom,fresh_produce_veg,ambient,S02,32.0,83.0,S10,48,25.8,0.5,10,92,0.3,6.5,0.99,680.2,223111.0,,M18,Micro-perforated LDPE (breathable),30,60000,30,14,good,Passive MAP - micro-perforated,4.0,7.5,88.5,,,Y,1,N,0.94,0.0114,75,,,,,MAP window not reachable with single film at this temperature/pack; use tuned micro-perforation or ventilated pack,synthetic_rule_physics_model
SCN03161,C053,Button mushroom,fresh_produce_veg,ambient,S02,34.8,78.0,S10,6,33.9,1.0,8,92,0.3,6.5,0.99,1664.3,447765.0,,M18,Micro-perforated LDPE (breathable),30,60000,30,14,good,Passive MAP - micro-perforated,4.0,7.5,88.5,,,Y,1,N,0.75,0.0091,75,,,,,MAP window not reachable with single film at this temperature/pack; use tuned micro-perforation or ventilated pack,synthetic_rule_physics_model
SCN03162,C053,Button mushroom,fresh_produce_veg,ambient,S02,34.9,79.0,S10,48,22.5,1.0,4,92,0.3,6.5,0.99,473.6,233640.0,,M18,Micro-perforated LDPE (breathable),30,60000,30,14,good,Passive MAP - micro-perforated,4.0,7.5,88.5,,,Y,1,N,0.75,0.0091,75,,,,,MAP window not reachable with single film at this temperature/pack; use tuned micro-perforation or ventilated pack,synthetic_rule_physics_model
SCN03163,C053,Button mushroom,fresh_produce_veg,ambient,S02,34.9,85.0,S10,48,21.3,1.0,4,92,0.3,6.5,0.99,415.2,218861.0,,M18,Micro-perforated LDPE (breathable),30,60000,30,14,good,Passive MAP - micro-perforated,4.0,7.5,88.5,,,Y,1,N,0.75,0.0091,75,,,,,MAP window not reachable with single film at this temperature/pack; use tuned micro-perforation or ventilated pack,synthetic_rule_physics_model
SCN03164,C053,Button mushroom,fresh_produce_veg,chilled,S04,2.8,86.0,S09,6,3.8,0.25,8,92,0.3,6.5,0.99,60.8,56930.0,,M18,Micro-perforated LDPE (breathable),30,60000,30,14,good,Passive MAP - micro-perforated,4.0,7.5,88.5,,,Y,4,N,1.18,0.0144,75,,,,,MAP window not reachable with single film at this temperature/pack; use tuned micro-perforation or ventilated pack,synthetic_rule_physics_model
SCN03165,C053,Button mushroom,fresh_produce_veg,chilled,S05,6.1,86.0,S10,24,6.2,1.0,5,92,0.3,6.5,0.99,79.0,100769.0,,M18,Micro-perforated LDPE (breathable),30,60000,30,14,good,Passive MAP - micro-perforated,4.0,7.5,88.5,,,Y,3,N,0.75,0.0091,75,,,,,MAP window not reachable with single film at this temperature/pack; use tuned micro-perforation or ventilated pack,synthetic_rule_physics_model
SCN03166,C053,Button mushroom,fresh_produce_veg,ambient,S01,27.7,46.0,S09,24,28.0,0.25,8,92,0.3,6.5,0.99,866.2,200949.0,,M18,Micro-perforated LDPE (breathable),30,60000,30,14,good,Passive MAP - micro-perforated,4.0,7.5,88.5,,,Y,1,N,1.18,0.0144,75,,,,,MAP window not reachable with single film at this temperature/pack; use tuned micro-perforation or ventilated pack,synthetic_rule_physics_model
SCN03167,C053,Button mushroom,fresh_produce_veg,ambient,S01,21.6,56.0,S09,24,23.3,0.5,5,92,0.3,6.5,0.99,517.3,194265.0,,M18,Micro-perforated LDPE (breathable),30,60000,30,14,good,Passive MAP - micro-perforated,4.0,7.5,88.5,,,Y,1,N,0.94,0.0114,75,,,,,MAP window not reachable with single film at this temperature/pack; use tuned micro-perforation or ventilated pack,synthetic_rule_physics_model
SCN03168,C053,Button mushroom,fresh_produce_veg,ambient,S01,31.9,43.0,S10,24,25.8,1.0,4,92,0.3,6.5,0.99,684.3,281313.0,,M18,Micro-perforated LDPE (breathable),30,60000,30,14,good,Passive MAP - micro-perforated,4.0,7.5,88.5,,,Y,1,N,0.75,0.0091,75,,,,,MAP window not reachable with single film at this temperature/pack; use tuned micro-perforation or ventilated pack,synthetic_rule_physics_model
SCN03169,C053,Button mushroom,fresh_produce_veg,chilled,S04,2.4,88.0,S10,48,3.3,0.25,8,92,0.3,6.5,0.99,57.4,55534.0,,M18,Micro-perforated LDPE (breathable),30,60000,30,14,good,Passive MAP - micro-perforated,4.0,7.5,88.5,,,Y,4,N,1.18,0.0144,75,,,,,MAP window not reachable with single film at this temperature/pack; use tuned micro-perforation or ventilated pack,synthetic_rule_physics_model
SCN03170,C053,Button mushroom,fresh_produce_veg,ambient,S01,26.9,51.0,S10,24,23.8,0.5,8,92,0.3,6.5,0.99,549.8,200308.0,,M18,Micro-perforated LDPE (breathable),30,60000,30,14,good,Passive MAP - micro-perforated,4.0,7.5,88.5,,,Y,1,N,0.94,0.0114,75,,,,,MAP window not reachable with single film at this temperature/pack; use tuned micro-perforation or ventilated pack,synthetic_rule_physics_model
SCN03171,C053,Button mushroom,fresh_produce_veg,chilled,S05,4.9,81.0,S09,24,14.4,1.0,2,92,0.3,6.5,0.99,195.6,152198.0,,M18,Micro-perforated LDPE (breathable),30,60000,30,14,good,Passive MAP - micro-perforated,4.0,7.5,88.5,,,Y,1,N,0.75,0.0091,75,,,,,MAP window not reachable with single film at this temperature/pack; use tuned micro-perforation or ventilated pack,synthetic_rule_physics_model
SCN03172,C053,Button mushroom,fresh_produce_veg,ambient,S01,28.3,41.0,S10,24,25.5,2.0,8,92,0.3,6.5,0.99,657.4,346481.0,,M18,Micro-perforated LDPE (breathable),30,60000,30,14,good,Passive MAP - micro-perforated,4.0,7.5,88.5,,,Y,1,N,0.59,0.0072,75,,,,,MAP window not reachable with single film at this temperature/pack; use tuned micro-perforation or ventilated pack,synthetic_rule_physics_model
SCN03173,C053,Button mushroom,fresh_produce_veg,chilled,S05,4.0,83.0,S10,48,3.0,0.5,8,92,0.3,6.5,0.99,55.7,68915.0,,M18,Micro-perforated LDPE (breathable),30,60000,30,14,good,Passive MAP - micro-perforated,4.0,7.5,88.5,,,Y,5,N,0.94,0.0114,75,,,,,MAP window not reachable with single film at this temperature/pack; use tuned micro-perforation or ventilated pack,synthetic_rule_physics_model
SCN03174,C053,Button mushroom,fresh_produce_veg,chilled,S04,0.8,92.0,S10,24,1.1,0.5,4,92,0.3,6.5,0.99,45.5,63274.0,,M18,Micro-perforated LDPE (breathable),30,60000,30,14,good,Passive MAP - micro-perforated,4.0,7.5,88.5,,,Y,5,Y,0.94,0.0114,75,,,,,MAP window not reachable with single film at this temperature/pack; use tuned micro-perforation or ventilated pack,synthetic_rule_physics_model
SCN03175,C053,Button mushroom,fresh_produce_veg,chilled,S04,2.2,92.0,S10,48,1.9,0.25,4,92,0.3,6.5,0.99,49.6,52209.0,,M18,Micro-perforated LDPE (breathable),30,60000,30,14,good,Passive MAP - micro-perforated,4.0,7.5,88.5,,,Y,5,Y,1.18,0.0144,75,,,,,MAP window not reachable with single film at this temperature/pack; use tuned micro-perforation or ventilated pack,synthetic_rule_physics_model
SCN03176,C053,Button mushroom,fresh_produce_veg,ambient,S01,23.8,44.0,S10,24,16.5,1.0,2,92,0.3,6.5,0.99,245.7,169549.0,,M18,Micro-perforated LDPE (breathable),30,60000,30,14,good,Passive MAP - micro-perforated,4.0,7.5,88.5,,,Y,1,N,0.75,0.0091,75,,,,,MAP window not reachable with single film at this temperature/pack; use tuned micro-perforation or ventilated pack,synthetic_rule_physics_model
SCN03177,C053,Button mushroom,fresh_produce_veg,chilled,S05,3.3,73.0,S10,24,2.8,2.0,2,92,0.3,6.5,0.99,54.7,108069.0,,M18,Micro-perforated LDPE (breathable),30,60000,30,14,good,Passive MAP - micro-perforated,4.0,7.5,88.5,,,Y,4,Y,0.59,0.0072,75,,,,,MAP window not reachable with single film at this temperature/pack; use tuned micro-perforation or ventilated pack,synthetic_rule_physics_model
SCN03178,C053,Button mushroom,fresh_produce_veg,chilled,S04,2.4,94.0,S10,24,3.1,1.0,5,92,0.3,6.5,0.99,56.4,87098.0,,M18,Micro-perforated LDPE (breathable),30,60000,30,14,good,Passive MAP - micro-perforated,4.0,7.5,88.5,,,Y,4,N,0.75,0.0091,75,,,,,MAP window not reachable with single film at this temperature/pack; use tuned micro-perforation or ventilated pack,synthetic_rule_physics_model
SCN03179,C053,Button mushroom,fresh_produce_veg,chilled,S04,3.9,85.0,S10,24,3.9,0.25,4,92,0.3,6.5,0.99,61.5,57208.0,,M18,Micro-perforated LDPE (breathable),30,60000,30,14,good,Passive MAP - micro-perforated,4.0,7.5,88.5,,,Y,4,Y,1.18,0.0144,75,,,,,MAP window not reachable with single film at this temperature/pack; use tuned micro-perforation or ventilated pack,synthetic_rule_physics_model
SCN03180,C053,Button mushroom,fresh_produce_veg,ambient,S02,30.1,94.0,S10,6,29.3,2.0,8,92,0.3,6.5,0.99,998.1,429591.0,,M18,Micro-perforated LDPE (breathable),30,60000,30,14,good,Passive MAP - micro-perforated,4.0,7.5,88.5,,,Y,1,N,0.59,0.0072,75,,,,,MAP window not reachable with single film at this temperature/pack; use tuned micro-perforation or ventilated pack,synthetic_rule_physics_model
